crop,temperature,humidity,rainfall,wind_speed,soil_ph,n_content,p_content,k_content,crop_health_score,health_status,risk_level,primary_risk_factor
Rice,31.51,80.98,239.8,7.34,5.39,27.0,79.3,78.1,98.0,Healthy,Low,Optimal Conditions
Rice,32.5,85.91,159.7,10.16,5.06,83.0,42.0,19.9,96.6,Healthy,Low,Optimal Conditions
Rice,17.66,93.66,4.67,30.97,5.16,133.9,87.3,99.9,37.9,High Risk,High,Rainfall Deviation
Rice,22.98,80.26,216.02,6.83,6.24,24.1,82.7,42.2,98.0,Healthy,Low,Optimal Conditions
Rice,29.21,97.32,281.26,30.39,6.82,59.2,55.6,69.7,81.5,Healthy,Low,Humidity Deviation
Rice,12.99,91.92,6.07,53.08,5.19,138.4,71.8,35.9,5.0,High Risk,High,Rainfall Deviation
Rice,30.15,80.6,259.35,16.57,5.19,63.0,19.3,105.6,98.0,Healthy,Low,Optimal Conditions
Rice,29.19,95.82,295.67,18.42,7.43,121.9,67.7,39.8,83.8,Healthy,Low,Humidity Deviation
Rice,22.4,80.66,166.63,11.59,5.5,127.5,48.0,74.1,98.0,Healthy,Low,Optimal Conditions
Rice,21.86,71.1,111.8,30.45,7.02,96.0,79.7,99.4,90.6,Healthy,Low,Rainfall Deviation
Rice,30.93,78.09,271.12,18.44,5.8,33.2,28.2,59.8,98.0,Healthy,Low,Optimal Conditions
Rice,12.51,18.01,1.2,30.89,5.55,87.0,42.3,21.8,5.0,High Risk,High,Rainfall Deviation
Rice,24.47,80.44,256.84,7.22,7.49,52.0,88.1,58.2,98.0,Healthy,Low,Optimal Conditions
Rice,25.45,79.52,252.11,12.96,6.12,86.3,57.4,23.5,98.0,Healthy,Low,Optimal Conditions
Rice,24.42,82.05,220.55,19.75,6.0,118.0,73.9,30.8,98.0,Healthy,Low,Optimal Conditions
Rice,31.11,67.36,188.19,13.84,6.73,66.4,84.9,29.4,96.8,Healthy,Low,Optimal Conditions
Rice,23.13,83.87,281.6,8.87,6.65,118.1,54.4,70.6,98.0,Healthy,Low,Optimal Conditions
Rice,22.93,83.46,285.06,14.5,5.85,61.9,68.1,109.2,98.0,Healthy,Low,Optimal Conditions
Rice,45.72,96.64,452.76,57.9,7.43,54.1,34.4,66.0,5.0,High Risk,High,Temperature Deviation
Rice,31.94,72.64,152.71,12.41,5.45,64.0,69.5,90.7,98.0,Healthy,Low,Optimal Conditions
Rice,27.43,77.63,245.45,8.76,6.47,137.5,48.9,110.1,98.0,Healthy,Low,Optimal Conditions
Rice,25.5,79.68,250.34,17.96,5.58,79.9,55.8,95.7,98.0,Healthy,Low,Optimal Conditions
Rice,31.95,77.05,191.93,18.25,6.87,134.4,36.5,73.0,98.0,Healthy,Low,Optimal Conditions
Rice,32.21,61.16,178.35,30.6,6.74,88.4,17.8,79.6,88.6,Healthy,Low,Humidity Deviation
Rice,35.73,14.84,7.02,35.38,6.05,50.7,58.9,23.6,21.1,High Risk,High,Rainfall Deviation
Rice,28.28,72.91,160.64,10.95,5.13,126.4,12.2,75.8,98.0,Healthy,Low,Optimal Conditions
Rice,28.72,74.92,173.26,19.73,7.1,123.2,30.0,19.1,98.0,Healthy,Low,Optimal Conditions
Rice,27.37,74.9,274.18,9.07,7.41,74.9,77.4,35.4,98.0,Healthy,Low,Optimal Conditions
Rice,29.0,72.08,169.91,19.54,6.79,24.9,41.9,60.5,98.0,Healthy,Low,Optimal Conditions
Rice,34.75,63.9,118.07,15.51,6.37,105.8,62.8,44.4,74.2,At Risk,Moderate,Temperature Deviation
Rice,12.76,88.52,3.56,36.97,5.23,31.3,34.9,117.8,25.2,High Risk,High,Rainfall Deviation
Rice,22.17,81.45,271.04,10.19,6.16,98.0,13.8,114.7,98.0,Healthy,Low,Optimal Conditions
Rice,39.88,17.55,634.76,47.48,5.07,90.3,85.2,75.4,5.0,High Risk,High,Rainfall Deviation
Rice,28.43,76.87,231.84,19.12,5.97,135.3,82.4,35.6,98.0,Healthy,Low,Optimal Conditions
Rice,23.01,70.27,164.17,15.25,5.18,58.3,77.6,17.4,98.0,Healthy,Low,Optimal Conditions
Rice,16.46,98.3,7.35,44.18,6.06,88.2,56.1,91.8,13.6,High Risk,High,Rainfall Deviation
Rice,24.5,78.71,280.07,13.43,5.6,101.6,69.2,40.0,98.0,Healthy,Low,Optimal Conditions
Rice,27.34,77.45,208.44,9.46,5.25,26.4,86.7,104.0,98.0,Healthy,Low,Optimal Conditions
Rice,31.57,80.15,222.38,12.4,5.21,31.0,58.2,73.1,98.0,Healthy,Low,Optimal Conditions
Rice,31.46,81.72,167.02,18.96,7.44,139.5,14.5,92.4,98.0,Healthy,Low,Optimal Conditions
Rice,19.84,98.0,305.19,11.6,7.05,104.7,16.5,23.9,72.3,At Risk,Moderate,Humidity Deviation
Rice,45.85,13.55,7.53,41.86,5.94,104.6,29.9,49.7,5.0,High Risk,High,Temperature Deviation
Rice,24.54,76.08,235.72,16.11,6.92,118.7,69.5,86.5,98.0,Healthy,Low,Optimal Conditions
Rice,26.0,77.17,162.43,12.93,6.09,116.3,88.2,73.4,98.0,Healthy,Low,Optimal Conditions
Rice,22.43,83.87,287.87,8.79,6.74,29.1,23.3,37.8,98.0,Healthy,Low,Optimal Conditions
Rice,31.96,80.45,207.63,16.06,7.29,135.0,14.6,56.4,98.0,Healthy,Low,Optimal Conditions
Rice,25.36,72.55,247.03,10.82,5.57,51.9,38.8,42.3,98.0,Healthy,Low,Optimal Conditions
Rice,19.41,93.11,173.72,30.9,6.81,93.6,43.5,112.9,78.8,Healthy,Low,Humidity Deviation
Rice,15.96,21.66,1.5,38.75,7.07,88.3,15.1,18.9,8.6,High Risk,High,Rainfall Deviation
Rice,22.14,71.13,253.76,13.02,6.87,129.6,56.8,91.2,98.0,Healthy,Low,Optimal Conditions
Rice,22.27,87.89,309.47,23.6,5.9,33.6,63.7,69.6,94.4,Healthy,Low,Optimal Conditions
Rice,25.62,98.0,141.61,19.25,6.96,96.7,74.4,109.8,78.5,Healthy,Low,Humidity Deviation
Rice,32.65,89.69,292.99,27.24,5.99,94.7,79.0,114.7,90.4,Healthy,Low,Humidity Deviation
Rice,31.27,77.38,188.74,11.89,7.45,79.1,36.3,81.5,98.0,Healthy,Low,Optimal Conditions
Rice,22.76,71.93,169.21,7.28,5.35,96.9,24.6,51.3,98.0,Healthy,Low,Optimal Conditions
Rice,19.12,19.03,1.69,26.11,6.37,84.1,38.5,108.9,25.3,High Risk,High,Rainfall Deviation
Rice,25.3,74.82,163.84,12.22,6.72,81.4,22.6,54.6,98.0,Healthy,Low,Optimal Conditions
Rice,30.68,71.27,239.59,19.79,6.34,130.9,28.9,94.8,98.0,Healthy,Low,Optimal Conditions
Rice,29.1,92.3,154.12,12.36,6.12,83.9,29.4,43.3,89.0,Healthy,Low,Humidity Deviation
Rice,22.2,74.83,181.72,9.91,5.3,126.9,57.5,86.3,98.0,Healthy,Low,Optimal Conditions
Rice,22.44,98.0,127.95,17.42,7.25,92.9,29.5,67.3,75.4,Healthy,Low,Humidity Deviation
Rice,31.34,70.11,183.8,10.48,6.22,122.1,17.0,99.6,98.0,Healthy,Low,Optimal Conditions
Rice,30.42,70.77,152.74,15.45,7.49,127.6,56.1,111.3,98.0,Healthy,Low,Optimal Conditions
Rice,31.75,77.36,258.43,17.31,6.8,84.2,48.1,103.1,98.0,Healthy,Low,Optimal Conditions
Rice,31.68,80.66,179.93,16.04,6.32,104.9,71.4,24.2,98.0,Healthy,Low,Optimal Conditions
Rice,21.92,61.28,249.69,17.09,7.02,50.6,64.5,94.8,89.3,Healthy,Low,Humidity Deviation
Rice,35.97,58.52,359.45,31.8,5.51,65.5,84.1,90.8,62.4,At Risk,Moderate,Temperature Deviation
Rice,29.82,82.42,262.58,16.99,7.06,42.4,28.9,81.5,98.0,Healthy,Low,Optimal Conditions
Rice,10.78,92.83,9.0,51.17,6.26,47.9,82.0,55.3,5.0,High Risk,High,Temperature Deviation
Rice,31.57,98.0,261.63,29.33,6.24,109.0,55.9,119.8,80.5,Healthy,Low,Humidity Deviation
Rice,25.2,93.78,103.71,28.07,5.28,121.6,20.2,56.7,76.0,Healthy,Low,Humidity Deviation
Rice,20.66,58.82,178.5,23.18,7.07,135.1,37.4,38.9,81.9,Healthy,Low,Humidity Deviation
Rice,24.88,79.22,286.78,7.09,5.25,50.7,68.1,77.3,98.0,Healthy,Low,Optimal Conditions
Rice,31.19,81.85,153.45,14.77,6.93,64.9,15.5,23.1,98.0,Healthy,Low,Optimal Conditions
Rice,30.4,83.66,168.42,8.54,5.41,42.4,77.0,49.9,98.0,Healthy,Low,Optimal Conditions
Rice,24.27,79.12,206.9,16.16,5.51,114.5,58.3,27.0,98.0,Healthy,Low,Optimal Conditions
Rice,30.64,83.84,219.86,12.21,7.3,90.4,12.6,110.8,98.0,Healthy,Low,Optimal Conditions
Rice,27.78,72.48,155.08,9.67,6.95,53.3,27.6,37.3,98.0,Healthy,Low,Optimal Conditions
Rice,15.68,98.0,314.44,11.48,6.87,45.2,81.8,36.5,56.5,At Risk,Moderate,Temperature Deviation
Rice,22.37,77.08,234.73,5.99,6.94,74.4,52.0,61.3,98.0,Healthy,Low,Optimal Conditions
Rice,27.6,72.33,177.29,17.93,7.37,64.8,31.7,82.6,98.0,Healthy,Low,Optimal Conditions
Rice,22.25,72.34,257.4,14.88,5.07,46.6,28.5,85.5,98.0,Healthy,Low,Optimal Conditions
Rice,23.04,82.0,176.78,14.79,5.6,31.9,29.5,90.8,98.0,Healthy,Low,Optimal Conditions
Rice,15.71,12.12,8.96,50.76,7.12,34.7,80.1,82.5,5.0,High Risk,High,Rainfall Deviation
Rice,18.33,97.82,182.54,19.01,6.38,72.3,33.6,114.6,67.9,At Risk,Moderate,Humidity Deviation
Rice,31.23,58.58,152.78,26.32,6.75,68.3,27.4,82.7,86.3,Healthy,Low,Humidity Deviation
Rice,23.32,83.51,253.68,15.25,7.06,83.6,75.2,67.3,98.0,Healthy,Low,Optimal Conditions
Rice,26.05,77.46,258.03,6.6,5.35,51.6,31.3,91.9,98.0,Healthy,Low,Optimal Conditions
Rice,28.33,77.41,235.99,17.57,6.01,112.5,43.8,52.2,98.0,Healthy,Low,Optimal Conditions
Rice,18.45,92.28,4.37,35.4,6.42,77.1,63.1,113.4,42.1,High Risk,High,Rainfall Deviation
Rice,23.05,51.85,275.51,23.71,6.19,61.3,38.1,58.3,78.2,Healthy,Low,Humidity Deviation
Rice,29.64,58.87,177.21,17.94,5.23,130.1,20.9,114.8,86.6,Healthy,Low,Humidity Deviation
Rice,23.85,78.13,280.94,15.98,7.02,99.1,65.4,104.2,98.0,Healthy,Low,Optimal Conditions
Rice,26.89,73.32,298.15,19.16,5.1,104.7,84.0,34.0,98.0,Healthy,Low,Optimal Conditions
Rice,27.77,69.41,339.61,26.39,5.14,74.6,51.8,82.7,94.0,Healthy,Low,Rainfall Deviation
Rice,27.36,98.0,248.29,16.94,6.35,114.9,35.5,80.7,80.5,Healthy,Low,Humidity Deviation
Rice,41.31,16.93,608.68,57.64,5.18,21.1,14.2,24.3,5.0,High Risk,High,Rainfall Deviation
Rice,26.8,78.71,190.75,10.97,5.23,60.4,51.8,91.9,98.0,Healthy,Low,Optimal Conditions
Rice,26.67,74.46,277.92,15.73,6.47,53.3,82.8,19.7,98.0,Healthy,Low,Optimal Conditions
Rice,25.92,71.87,293.46,16.97,5.65,90.6,88.6,107.8,98.0,Healthy,Low,Optimal Conditions
Rice,29.74,87.0,157.18,21.28,5.58,41.2,27.6,34.6,97.0,Healthy,Low,Optimal Conditions
Rice,35.3,60.66,265.54,21.34,6.23,139.6,81.8,63.7,75.6,Healthy,Low,Temperature Deviation
Rice,22.24,98.0,230.36,29.55,7.39,123.5,74.8,83.8,80.5,Healthy,Low,Humidity Deviation
Rice,20.12,94.75,371.27,12.41,7.24,139.0,14.9,107.7,69.3,At Risk,Moderate,Humidity Deviation
Rice,18.35,98.0,171.9,24.49,7.13,124.1,66.7,102.9,67.7,At Risk,Moderate,Humidity Deviation
Rice,32.52,95.59,354.79,10.11,7.05,47.4,82.7,15.1,74.7,At Risk,Moderate,Humidity Deviation
Rice,16.53,86.16,106.06,23.95,6.35,113.6,18.6,94.9,68.9,At Risk,Moderate,Temperature Deviation
Rice,33.12,47.56,321.05,30.84,5.42,112.5,66.7,64.7,65.8,At Risk,Moderate,Humidity Deviation
Rice,22.75,82.79,298.52,15.14,6.11,97.7,57.6,55.3,98.0,Healthy,Low,Optimal Conditions
Rice,30.22,75.58,272.82,8.79,5.0,39.1,47.5,114.2,98.0,Healthy,Low,Optimal Conditions
Rice,30.54,77.91,273.89,9.48,7.1,112.7,28.4,28.8,98.0,Healthy,Low,Optimal Conditions
Rice,36.38,24.15,9.65,59.44,6.02,127.3,28.4,37.4,5.0,High Risk,High,Rainfall Deviation
Rice,28.52,75.53,279.65,12.1,7.42,42.3,79.5,96.5,98.0,Healthy,Low,Optimal Conditions
Rice,27.83,58.52,280.87,20.17,5.0,91.8,58.6,41.0,86.2,Healthy,Low,Humidity Deviation
Rice,28.1,93.74,281.9,10.26,5.18,67.1,48.4,78.0,86.9,Healthy,Low,Humidity Deviation
Rice,28.95,82.9,266.98,5.59,6.2,32.6,29.4,118.6,98.0,Healthy,Low,Optimal Conditions
Rice,26.99,79.27,255.37,13.39,5.02,59.2,51.4,24.2,98.0,Healthy,Low,Optimal Conditions
Rice,22.33,71.18,209.54,6.99,6.42,102.7,74.0,36.0,98.0,Healthy,Low,Optimal Conditions
Rice,23.05,79.55,255.97,5.47,7.34,26.2,53.3,89.5,98.0,Healthy,Low,Optimal Conditions
Rice,43.21,19.18,614.28,52.43,6.2,24.9,23.1,61.1,5.0,High Risk,High,Temperature Deviation
Rice,27.83,55.7,242.53,27.37,6.65,79.8,54.4,90.5,82.8,Healthy,Low,Humidity Deviation
Rice,31.96,84.62,247.55,7.99,6.7,28.7,12.5,42.1,98.0,Healthy,Low,Optimal Conditions
Rice,33.96,91.57,316.79,21.95,6.28,90.6,12.4,56.5,80.1,Healthy,Low,Humidity Deviation
Rice,18.71,98.0,185.81,23.89,6.83,35.8,67.3,110.4,69.0,At Risk,Moderate,Humidity Deviation
Rice,24.38,84.57,177.15,17.82,6.23,49.7,79.7,61.8,98.0,Healthy,Low,Optimal Conditions
Rice,16.64,68.67,247.83,22.95,6.5,67.6,29.0,39.6,79.6,Healthy,Low,Temperature Deviation
Rice,37.39,15.06,626.37,49.74,5.42,40.1,12.9,92.3,5.0,High Risk,High,Rainfall Deviation
Rice,22.14,98.0,232.52,31.71,5.31,47.7,14.1,82.2,80.5,Healthy,Low,Humidity Deviation
Rice,23.8,71.33,165.5,13.77,6.72,67.7,48.4,87.0,98.0,Healthy,Low,Optimal Conditions
Rice,25.23,84.6,237.02,8.81,6.3,61.1,52.6,28.2,98.0,Healthy,Low,Optimal Conditions
Rice,23.44,84.1,259.93,7.44,5.47,107.7,22.5,39.6,98.0,Healthy,Low,Optimal Conditions
Rice,16.53,95.52,2.44,44.97,5.08,131.7,65.2,86.0,15.7,High Risk,High,Rainfall Deviation
Rice,28.59,75.91,247.68,6.6,6.64,139.9,13.9,117.6,98.0,Healthy,Low,Optimal Conditions
Rice,30.71,81.74,235.05,16.08,7.2,68.5,36.2,85.1,98.0,Healthy,Low,Optimal Conditions
Rice,40.32,92.13,5.44,47.06,6.52,87.6,40.4,72.6,5.0,High Risk,High,Rainfall Deviation
Rice,29.14,91.33,301.69,18.36,7.16,82.3,48.3,17.7,90.3,Healthy,Low,Humidity Deviation
Rice,25.8,75.98,237.03,13.0,6.52,111.8,75.0,90.4,98.0,Healthy,Low,Optimal Conditions
Rice,11.55,23.45,2.43,31.9,6.2,43.3,23.3,79.8,5.0,High Risk,High,Temperature Deviation
Rice,34.57,52.63,278.86,19.1,5.3,41.7,64.5,34.1,68.9,At Risk,Moderate,Humidity Deviation
Rice,25.46,70.6,322.58,18.22,6.32,33.5,10.2,82.0,97.0,Healthy,Low,Optimal Conditions
Rice,28.26,88.03,302.01,15.21,6.95,53.0,75.8,59.5,95.2,Healthy,Low,Optimal Conditions
Rice,30.33,53.72,123.78,21.78,5.45,57.5,28.4,36.6,74.3,At Risk,Moderate,Humidity Deviation
Rice,22.99,86.24,123.94,19.42,6.79,103.1,89.3,28.5,92.1,Healthy,Low,Rainfall Deviation
Rice,29.24,78.68,191.12,6.19,5.21,127.3,25.3,49.0,98.0,Healthy,Low,Optimal Conditions
Rice,25.55,71.04,227.86,6.01,7.0,48.0,53.2,107.4,98.0,Healthy,Low,Optimal Conditions
Rice,30.72,98.0,366.1,19.82,5.83,89.7,17.1,116.0,71.7,At Risk,Moderate,Humidity Deviation
Rice,23.35,98.0,315.59,27.5,7.32,48.2,41.9,31.0,78.4,Healthy,Low,Humidity Deviation
Rice,38.82,89.02,0.89,46.3,6.27,39.1,15.0,27.4,15.0,High Risk,High,Rainfall Deviation
Rice,25.42,75.71,201.95,8.59,6.27,119.0,32.4,114.0,98.0,Healthy,Low,Optimal Conditions
Rice,42.41,97.37,569.15,53.61,5.95,125.4,79.4,99.6,5.0,High Risk,High,Temperature Deviation
Rice,32.32,67.82,338.4,30.52,6.44,77.5,35.1,78.7,91.0,Healthy,Low,Rainfall Deviation
Rice,30.98,82.44,197.63,19.29,7.06,100.0,19.7,65.2,98.0,Healthy,Low,Optimal Conditions
Rice,19.68,90.74,140.56,12.32,6.6,45.9,59.6,83.3,81.1,Healthy,Low,Humidity Deviation
Rice,22.61,81.71,218.97,5.87,7.49,26.9,65.6,118.3,98.0,Healthy,Low,Optimal Conditions
Rice,23.42,71.82,195.49,6.52,6.73,27.5,50.8,119.7,98.0,Healthy,Low,Optimal Conditions
Rice,13.19,97.33,715.98,47.89,5.89,83.1,48.5,33.6,5.0,High Risk,High,Rainfall Deviation
Rice,31.64,73.73,170.07,11.28,6.98,89.9,64.5,34.9,98.0,Healthy,Low,Optimal Conditions
Rice,21.35,57.99,240.73,22.06,6.14,121.3,17.8,66.3,83.3,Healthy,Low,Humidity Deviation
Rice,25.25,81.06,221.4,10.64,5.99,75.1,72.8,108.7,98.0,Healthy,Low,Optimal Conditions
Rice,17.82,22.13,461.53,52.34,7.06,79.5,40.9,62.3,8.8,High Risk,High,Humidity Deviation
Rice,30.89,76.76,282.37,6.59,7.47,73.2,13.8,19.0,98.0,Healthy,Low,Optimal Conditions
Rice,19.35,88.16,260.68,17.69,6.94,99.4,24.8,33.3,86.0,Healthy,Low,Temperature Deviation
Rice,28.6,81.47,189.76,5.31,5.21,136.1,33.6,95.8,98.0,Healthy,Low,Optimal Conditions
Rice,28.44,98.0,119.15,29.71,5.81,35.0,47.9,27.0,73.3,At Risk,Moderate,Humidity Deviation
Rice,36.86,83.01,83.01,18.19,6.08,72.7,59.0,114.0,64.9,At Risk,Moderate,Temperature Deviation
Rice,23.22,72.96,283.04,14.69,5.71,117.9,78.9,103.9,98.0,Healthy,Low,Optimal Conditions
Rice,37.66,96.23,7.76,36.2,6.88,52.3,53.2,91.4,25.5,High Risk,High,Rainfall Deviation
Rice,28.85,71.38,294.77,12.33,5.38,61.1,43.1,94.6,98.0,Healthy,Low,Optimal Conditions
Rice,23.16,67.25,83.34,20.15,5.02,49.6,68.1,119.1,81.1,Healthy,Low,Rainfall Deviation
Rice,26.01,82.0,180.61,13.33,6.83,93.9,25.0,52.3,98.0,Healthy,Low,Optimal Conditions
Rice,36.1,91.72,353.77,24.92,6.89,121.0,47.6,67.7,66.4,At Risk,Moderate,Temperature Deviation
Rice,25.85,79.65,267.06,8.26,5.34,99.6,10.2,33.7,98.0,Healthy,Low,Optimal Conditions
Rice,23.67,72.72,208.15,11.03,7.19,81.2,67.9,25.9,98.0,Healthy,Low,Optimal Conditions
Rice,29.03,70.79,222.99,13.99,6.51,22.8,35.8,81.8,98.0,Healthy,Low,Optimal Conditions
Rice,28.95,81.19,297.3,8.15,7.06,82.4,39.9,27.8,98.0,Healthy,Low,Optimal Conditions
Rice,20.76,59.48,145.4,19.27,6.59,114.3,19.5,58.0,82.0,Healthy,Low,Humidity Deviation
Rice,17.32,94.22,3.35,45.5,6.47,103.7,84.4,97.2,19.8,High Risk,High,Rainfall Deviation
Rice,30.53,73.38,206.54,11.93,6.2,72.2,85.0,89.1,98.0,Healthy,Low,Optimal Conditions
Rice,33.6,48.4,187.0,12.98,6.88,98.8,86.5,22.2,67.7,At Risk,Moderate,Humidity Deviation
Rice,24.82,73.93,187.05,18.59,5.62,52.6,70.8,62.2,98.0,Healthy,Low,Optimal Conditions
Rice,34.31,72.66,131.52,26.98,5.22,48.4,68.6,72.6,86.4,Healthy,Low,Temperature Deviation
Rice,30.82,75.9,274.18,16.82,6.56,79.3,88.4,30.2,98.0,Healthy,Low,Optimal Conditions
Rice,20.81,60.3,120.84,14.96,5.63,122.1,54.9,70.0,77.4,Healthy,Low,Humidity Deviation
Rice,30.6,80.84,160.15,15.62,6.36,29.8,46.7,65.9,98.0,Healthy,Low,Optimal Conditions
Rice,31.46,82.75,250.35,11.93,6.03,98.1,53.6,21.5,98.0,Healthy,Low,Optimal Conditions
Rice,36.56,51.23,134.4,26.69,6.89,22.2,20.1,84.3,55.6,At Risk,Moderate,Humidity Deviation
Rice,24.55,84.2,234.03,16.26,6.39,86.3,17.5,51.1,98.0,Healthy,Low,Optimal Conditions
Rice,25.91,81.98,205.79,11.78,5.99,31.2,45.3,35.5,98.0,Healthy,Low,Optimal Conditions
Rice,22.94,75.35,263.62,9.15,5.78,97.1,25.7,109.2,98.0,Healthy,Low,Optimal Conditions
Rice,36.41,56.24,235.91,13.1,5.51,42.1,81.5,83.7,65.8,At Risk,Moderate,Temperature Deviation
Rice,26.4,79.23,162.52,18.24,7.01,80.6,87.4,58.9,98.0,Healthy,Low,Optimal Conditions
Rice,11.15,24.96,1.62,28.26,5.07,118.8,26.8,54.8,5.0,High Risk,High,Temperature Deviation
Rice,45.2,95.81,720.39,41.07,5.89,79.3,76.3,50.2,5.0,High Risk,High,Temperature Deviation
Rice,29.12,82.39,165.1,8.6,5.35,61.8,46.0,93.6,98.0,Healthy,Low,Optimal Conditions
Rice,35.27,98.0,214.03,12.34,5.79,20.5,64.5,32.5,67.4,At Risk,Moderate,Humidity Deviation
Rice,17.61,67.89,118.58,10.73,5.76,98.4,85.1,106.5,74.8,At Risk,Moderate,Temperature Deviation
Rice,27.69,56.45,153.32,18.35,5.57,65.8,20.3,58.3,83.7,Healthy,Low,Humidity Deviation
Rice,10.46,21.1,662.31,56.88,6.88,116.6,11.4,116.1,5.0,High Risk,High,Temperature Deviation
Rice,21.19,48.6,212.47,15.79,5.12,88.1,32.7,101.6,71.5,At Risk,Moderate,Humidity Deviation
Rice,24.26,80.95,239.82,5.97,7.19,125.3,36.4,50.7,98.0,Healthy,Low,Optimal Conditions
Rice,14.84,21.92,2.68,43.25,5.16,119.8,57.9,27.1,5.0,High Risk,High,Rainfall Deviation
Rice,31.1,80.04,274.39,18.18,6.43,82.1,44.4,48.3,98.0,Healthy,Low,Optimal Conditions
Rice,29.74,79.03,283.88,11.65,6.52,95.8,57.3,88.8,98.0,Healthy,Low,Optimal Conditions
Rice,27.12,71.56,207.68,12.32,6.63,134.1,58.1,93.1,98.0,Healthy,Low,Optimal Conditions
Rice,25.88,92.52,285.27,20.33,6.13,76.8,59.8,64.3,88.7,Healthy,Low,Humidity Deviation
Rice,26.74,78.86,230.55,17.81,5.12,120.0,77.5,44.9,98.0,Healthy,Low,Optimal Conditions
Rice,21.27,63.5,292.79,12.5,5.86,80.9,79.9,66.8,89.6,Healthy,Low,Humidity Deviation
Rice,26.04,60.41,348.58,15.68,6.69,55.6,67.5,115.2,82.0,Healthy,Low,Humidity Deviation
Rice,16.33,48.16,253.37,18.44,6.14,64.3,19.7,59.0,54.0,At Risk,Moderate,Humidity Deviation
Rice,20.19,55.9,199.42,23.17,6.26,36.7,19.3,31.2,76.7,Healthy,Low,Humidity Deviation
Rice,28.38,81.11,229.5,17.44,7.48,118.4,65.6,70.9,98.0,Healthy,Low,Optimal Conditions
Rice,22.84,75.99,286.52,17.12,5.54,76.0,75.3,22.1,98.0,Healthy,Low,Optimal Conditions
Rice,30.52,76.06,161.64,13.14,7.15,90.8,28.1,55.3,98.0,Healthy,Low,Optimal Conditions
Rice,33.89,93.53,174.77,25.14,5.94,40.0,44.4,30.0,79.6,Healthy,Low,Humidity Deviation
Rice,9.77,17.76,471.51,45.86,5.25,121.7,52.5,103.4,5.0,High Risk,High,Temperature Deviation
Rice,34.15,48.85,369.93,18.45,5.1,23.7,41.0,31.8,56.7,At Risk,Moderate,Humidity Deviation
Rice,29.56,76.88,193.39,18.5,5.29,134.7,35.1,108.3,98.0,Healthy,Low,Optimal Conditions
Rice,28.61,51.43,162.79,31.56,6.19,83.9,23.5,40.9,77.7,Healthy,Low,Humidity Deviation
Rice,13.48,88.63,6.77,44.52,5.87,89.7,21.1,61.6,17.0,High Risk,High,Rainfall Deviation
Rice,25.79,56.15,126.67,26.08,5.37,122.3,66.9,110.2,77.9,Healthy,Low,Humidity Deviation
Rice,27.93,78.99,203.02,11.88,5.09,109.5,53.9,21.1,98.0,Healthy,Low,Optimal Conditions
Rice,24.05,53.46,353.54,22.95,5.94,54.3,26.3,95.0,73.0,At Risk,Moderate,Humidity Deviation
Rice,27.11,77.38,236.59,17.98,7.45,68.9,76.2,95.3,98.0,Healthy,Low,Optimal Conditions
Rice,26.58,98.0,123.15,16.86,5.64,23.7,87.7,38.2,74.2,At Risk,Moderate,Humidity Deviation
Rice,34.26,54.83,266.77,27.7,5.7,45.3,86.6,15.9,72.7,At Risk,Moderate,Humidity Deviation
Rice,38.86,88.49,8.34,25.2,7.34,118.6,74.7,107.9,34.3,High Risk,High,Rainfall Deviation
Rice,23.43,94.52,153.36,12.44,7.02,133.7,15.8,115.3,85.7,Healthy,Low,Humidity Deviation
Rice,29.54,98.0,310.23,24.67,5.53,123.6,42.1,45.7,79.1,Healthy,Low,Humidity Deviation
Rice,24.66,70.33,237.49,17.63,6.37,46.3,12.7,37.5,98.0,Healthy,Low,Optimal Conditions
Rice,29.6,72.82,257.97,18.0,6.13,118.6,54.4,81.9,98.0,Healthy,Low,Optimal Conditions
Rice,36.8,92.8,319.87,15.97,6.24,54.1,20.7,81.1,66.5,At Risk,Moderate,Temperature Deviation
Rice,29.49,74.76,150.02,12.67,5.12,53.1,66.6,21.6,98.0,Healthy,Low,Optimal Conditions
Rice,20.02,11.24,3.6,55.33,6.43,128.9,85.4,59.4,5.0,High Risk,High,Rainfall Deviation
Rice,31.36,80.13,167.4,5.63,6.41,131.6,77.5,86.0,98.0,Healthy,Low,Optimal Conditions
Rice,24.54,83.13,177.42,9.18,5.32,101.1,85.5,43.2,98.0,Healthy,Low,Optimal Conditions
Rice,16.26,58.3,289.62,14.6,5.92,64.4,14.2,95.6,65.9,At Risk,Moderate,Temperature Deviation
Rice,30.22,82.76,181.8,14.86,6.18,125.6,27.3,86.2,98.0,Healthy,Low,Optimal Conditions
Rice,36.28,95.81,300.46,20.3,6.45,30.2,13.4,85.0,66.6,At Risk,Moderate,Temperature Deviation
Rice,37.29,22.53,9.11,29.35,6.03,79.1,42.3,70.7,16.0,High Risk,High,Rainfall Deviation
Rice,37.4,97.95,262.38,14.84,5.33,122.9,56.0,23.0,59.0,At Risk,Moderate,Temperature Deviation
Rice,25.68,72.73,215.33,9.98,5.85,108.7,27.9,82.4,98.0,Healthy,Low,Optimal Conditions
Rice,32.96,56.94,366.39,27.17,6.14,67.8,34.2,21.9,71.6,At Risk,Moderate,Humidity Deviation
Rice,24.47,77.26,262.12,12.11,5.14,134.9,85.4,97.4,98.0,Healthy,Low,Optimal Conditions
Rice,41.13,90.25,492.24,54.65,5.79,53.1,88.5,70.4,5.0,High Risk,High,Temperature Deviation
Rice,10.88,98.09,7.25,49.77,5.16,37.7,10.6,81.2,5.0,High Risk,High,Temperature Deviation
Rice,23.34,84.37,229.45,8.63,6.25,101.6,16.1,43.8,98.0,Healthy,Low,Optimal Conditions
Rice,36.63,94.17,4.46,48.6,5.34,139.4,52.2,56.1,13.4,High Risk,High,Rainfall Deviation
Rice,27.53,98.0,268.1,19.61,6.48,28.8,59.8,118.0,80.5,Healthy,Low,Humidity Deviation
Rice,29.93,83.62,291.56,19.4,6.3,137.3,70.6,32.0,98.0,Healthy,Low,Optimal Conditions
Rice,28.87,52.44,369.1,23.27,7.09,114.1,40.2,73.0,69.7,At Risk,Moderate,Humidity Deviation
Rice,14.66,22.72,2.54,41.83,6.66,34.2,33.1,56.8,5.0,High Risk,High,Rainfall Deviation
Rice,14.66,94.99,7.54,40.55,5.69,94.6,89.4,55.6,17.8,High Risk,High,Rainfall Deviation
Rice,30.69,98.0,107.77,10.86,5.09,41.0,79.3,44.7,70.6,At Risk,Moderate,Humidity Deviation
Rice,13.6,16.41,2.82,56.63,7.11,68.1,71.0,101.4,5.0,High Risk,High,Rainfall Deviation
Rice,38.34,12.79,0.33,27.42,7.35,80.8,42.8,100.1,9.7,High Risk,High,Rainfall Deviation
Rice,15.65,97.07,611.73,35.15,7.33,67.0,53.7,70.9,19.4,High Risk,High,Rainfall Deviation
Rice,28.16,86.06,121.33,10.03,6.82,136.0,27.9,84.6,91.7,Healthy,Low,Rainfall Deviation
Rice,21.3,95.57,107.52,17.41,7.5,68.7,27.6,95.1,71.8,At Risk,Moderate,Humidity Deviation
Rice,29.09,49.0,329.4,30.95,5.11,51.8,58.1,46.1,70.9,At Risk,Moderate,Humidity Deviation
Rice,24.01,57.91,101.92,13.96,5.25,116.4,19.8,28.1,74.3,At Risk,Moderate,Humidity Deviation
Rice,19.15,91.8,6.65,49.54,6.82,87.4,85.8,67.1,24.6,High Risk,High,Rainfall Deviation
Rice,23.63,81.79,260.17,10.77,5.06,120.7,10.9,88.9,98.0,Healthy,Low,Optimal Conditions
Rice,17.91,17.52,9.67,35.81,6.21,34.2,86.9,90.0,21.7,High Risk,High,Rainfall Deviation
Rice,40.57,12.36,3.17,52.88,5.63,95.0,55.7,102.4,5.0,High Risk,High,Temperature Deviation
Rice,34.36,12.8,3.07,57.72,6.08,125.4,58.4,40.9,5.0,High Risk,High,Rainfall Deviation
Rice,22.84,75.0,251.63,6.08,5.51,65.8,88.6,97.4,98.0,Healthy,Low,Optimal Conditions
Rice,22.19,98.0,276.38,31.57,5.17,82.2,24.3,116.9,80.5,Healthy,Low,Humidity Deviation
Rice,26.04,81.07,255.68,11.34,5.87,67.7,31.1,36.6,98.0,Healthy,Low,Optimal Conditions
Rice,33.65,98.0,233.5,11.5,6.08,103.5,46.6,24.7,73.9,At Risk,Moderate,Humidity Deviation
Rice,28.57,58.31,278.54,15.96,6.49,123.9,85.7,26.1,86.0,Healthy,Low,Humidity Deviation
Rice,31.45,81.05,282.45,8.04,6.47,104.1,64.4,57.9,98.0,Healthy,Low,Optimal Conditions
Rice,27.83,73.8,217.54,19.36,6.0,120.8,25.1,85.6,98.0,Healthy,Low,Optimal Conditions
Rice,16.94,14.91,9.15,53.6,6.28,72.6,89.7,39.1,5.0,High Risk,High,Rainfall Deviation
Rice,24.93,98.0,62.74,15.46,5.54,52.5,29.8,21.6,60.1,At Risk,Moderate,Rainfall Deviation
Rice,23.89,95.49,305.59,20.86,5.71,114.4,41.8,68.9,83.5,Healthy,Low,Humidity Deviation
Rice,31.88,74.37,265.61,11.41,5.52,116.0,36.7,105.8,98.0,Healthy,Low,Optimal Conditions
Rice,16.21,16.82,700.09,40.49,6.62,132.4,15.1,101.6,5.0,High Risk,High,Rainfall Deviation
Rice,26.44,70.33,195.16,12.54,5.14,78.9,84.2,26.1,98.0,Healthy,Low,Optimal Conditions
Rice,29.15,84.8,199.19,26.43,6.8,119.2,45.7,99.6,98.0,Healthy,Low,Optimal Conditions
Rice,31.25,76.65,233.01,8.82,6.86,29.2,79.8,102.0,98.0,Healthy,Low,Optimal Conditions
Rice,30.09,81.8,244.83,10.6,5.68,47.8,35.5,109.9,98.0,Healthy,Low,Optimal Conditions
Rice,30.29,75.23,228.24,16.92,7.21,61.4,46.9,58.5,98.0,Healthy,Low,Optimal Conditions
Rice,24.96,76.89,211.66,15.83,5.96,78.7,44.4,92.8,98.0,Healthy,Low,Optimal Conditions
Rice,13.02,12.42,4.14,33.45,5.89,32.6,27.8,69.5,5.0,High Risk,High,Rainfall Deviation
Rice,28.27,59.78,377.25,19.12,6.88,124.6,64.3,58.2,77.4,Healthy,Low,Humidity Deviation
Rice,20.62,88.96,188.92,12.58,5.84,37.1,65.4,36.7,89.2,Healthy,Low,Humidity Deviation
Rice,30.96,73.06,226.17,11.29,5.05,115.1,15.5,64.8,98.0,Healthy,Low,Optimal Conditions
Rice,25.04,91.0,309.92,29.23,5.51,35.3,32.8,70.8,89.7,Healthy,Low,Humidity Deviation
Rice,23.55,65.95,192.05,14.48,5.17,125.3,41.2,71.9,95.1,Healthy,Low,Optimal Conditions
Rice,44.64,93.65,4.33,26.5,6.12,28.4,68.3,78.9,8.0,High Risk,High,Temperature Deviation
Rice,34.55,98.0,307.31,20.65,5.01,116.5,71.8,72.6,69.3,At Risk,Moderate,Humidity Deviation
Rice,29.67,78.76,267.29,16.28,7.01,82.2,21.2,85.5,98.0,Healthy,Low,Optimal Conditions
Rice,23.69,57.89,180.32,19.53,6.94,122.3,53.3,94.6,85.5,Healthy,Low,Humidity Deviation
Rice,26.15,80.69,207.93,13.83,5.46,92.0,78.9,106.2,98.0,Healthy,Low,Optimal Conditions
Rice,18.83,88.66,184.87,15.98,6.73,51.7,85.1,81.8,83.4,Healthy,Low,Temperature Deviation
Rice,24.7,72.86,254.2,8.28,6.49,51.8,63.0,100.6,98.0,Healthy,Low,Optimal Conditions
Rice,21.95,96.01,277.63,15.81,6.04,126.6,75.9,81.2,83.3,Healthy,Low,Humidity Deviation
Rice,42.24,23.32,650.03,54.57,5.62,89.2,15.4,25.0,5.0,High Risk,High,Temperature Deviation
Rice,14.48,20.11,2.41,36.13,7.4,127.0,77.9,57.6,7.5,High Risk,High,Rainfall Deviation
Rice,22.8,74.68,152.36,5.26,7.29,104.7,34.7,28.9,98.0,Healthy,Low,Optimal Conditions
Wheat,27.06,41.78,122.65,19.73,7.27,66.7,28.3,77.7,72.8,At Risk,Moderate,Humidity Deviation
Wheat,32.79,19.5,9.81,41.14,7.85,80.5,85.9,102.4,5.0,High Risk,High,Temperature Deviation
Wheat,23.64,52.2,96.25,14.47,5.64,97.3,87.9,22.3,98.0,Healthy,Low,Optimal Conditions
Wheat,14.81,37.78,120.22,13.73,5.55,113.5,58.8,88.5,76.6,Healthy,Low,Humidity Deviation
Wheat,37.9,19.59,207.26,47.49,5.7,108.9,17.6,77.4,5.0,High Risk,High,Temperature Deviation
Wheat,10.73,74.17,88.74,28.99,7.72,43.6,69.0,45.1,78.8,Healthy,Low,Temperature Deviation
Wheat,6.76,20.37,234.74,29.48,6.37,72.2,41.7,85.3,5.0,High Risk,High,Rainfall Deviation
Wheat,9.26,90.32,155.52,28.53,5.92,37.7,87.8,94.7,27.2,High Risk,High,Humidity Deviation
Wheat,25.62,13.11,2.33,37.8,6.38,56.3,88.0,32.9,30.0,High Risk,High,Rainfall Deviation
Wheat,35.05,88.91,220.67,53.13,5.84,89.7,50.4,30.1,5.0,High Risk,High,Temperature Deviation
Wheat,27.63,39.24,34.79,18.0,5.98,61.6,53.8,119.1,65.9,At Risk,Moderate,Humidity Deviation
Wheat,24.95,46.86,82.19,20.77,7.35,79.1,48.7,103.0,96.2,Healthy,Low,Optimal Conditions
Wheat,23.6,58.14,66.41,11.81,7.41,35.1,25.7,114.9,98.0,Healthy,Low,Optimal Conditions
Wheat,20.68,61.59,74.48,14.67,6.07,86.3,39.8,84.5,98.0,Healthy,Low,Optimal Conditions
Wheat,20.71,53.71,63.93,8.28,5.96,119.1,32.9,112.3,98.0,Healthy,Low,Optimal Conditions
Wheat,34.45,98.33,0.87,45.06,6.34,138.6,12.0,41.5,5.0,High Risk,High,Temperature Deviation
Wheat,21.88,42.65,59.97,13.35,6.65,62.1,17.5,66.0,91.2,Healthy,Low,Humidity Deviation
Wheat,5.49,23.87,4.68,49.59,7.04,111.3,51.0,88.9,5.0,High Risk,High,Temperature Deviation
Wheat,35.06,12.56,0.45,46.53,7.78,81.2,50.1,20.3,5.0,High Risk,High,Temperature Deviation
Wheat,20.51,58.76,91.96,7.41,5.56,73.9,29.0,20.2,98.0,Healthy,Low,Optimal Conditions
Wheat,24.47,44.99,71.77,22.51,7.13,45.3,54.5,104.9,94.0,Healthy,Low,Humidity Deviation
Wheat,27.37,97.1,0.88,37.08,5.58,135.4,63.4,113.0,18.0,High Risk,High,Humidity Deviation
Wheat,21.11,63.57,65.88,17.72,7.87,126.2,69.1,44.1,98.0,Healthy,Low,Optimal Conditions
Wheat,24.63,50.21,85.8,15.59,7.06,138.8,35.0,50.7,98.0,Healthy,Low,Optimal Conditions
Wheat,19.43,55.22,67.17,17.52,7.84,42.3,39.8,112.5,98.0,Healthy,Low,Optimal Conditions
Wheat,15.92,53.26,79.76,7.26,7.92,73.6,50.1,40.9,98.0,Healthy,Low,Optimal Conditions
Wheat,29.0,86.76,79.78,27.25,6.66,123.8,30.0,90.3,58.9,At Risk,Moderate,Humidity Deviation
Wheat,39.36,14.71,4.4,36.97,6.57,119.7,19.6,92.2,5.0,High Risk,High,Temperature Deviation
Wheat,30.91,77.62,42.83,17.81,5.61,46.1,11.2,76.0,59.9,At Risk,Moderate,Temperature Deviation
Wheat,23.73,60.46,84.98,11.16,6.9,133.1,16.6,41.7,98.0,Healthy,Low,Optimal Conditions
Wheat,25.52,73.08,63.4,26.26,5.58,99.0,52.6,25.8,93.3,Healthy,Low,Optimal Conditions
Wheat,20.68,55.93,96.92,17.28,7.96,51.2,87.6,60.3,98.0,Healthy,Low,Optimal Conditions
Wheat,15.5,51.06,84.6,11.87,6.07,93.7,30.2,75.7,98.0,Healthy,Low,Optimal Conditions
Wheat,23.24,66.41,73.87,10.26,6.41,116.7,36.3,37.0,98.0,Healthy,Low,Optimal Conditions
Wheat,19.67,59.64,92.05,8.32,6.45,117.0,75.9,55.4,98.0,Healthy,Low,Optimal Conditions
Wheat,11.15,39.67,69.82,16.86,6.12,98.5,59.5,49.9,74.1,At Risk,Moderate,Temperature Deviation
Wheat,28.66,11.75,0.44,37.41,6.88,68.4,76.7,100.5,17.1,High Risk,High,Rainfall Deviation
Wheat,17.13,42.94,89.66,14.77,6.22,86.8,12.3,110.3,91.5,Healthy,Low,Humidity Deviation
Wheat,17.2,60.37,85.51,6.44,6.29,136.2,31.0,47.9,98.0,Healthy,Low,Optimal Conditions
Wheat,8.62,19.53,181.48,48.71,6.57,107.8,76.0,30.4,5.0,High Risk,High,Rainfall Deviation
Wheat,32.97,96.45,234.42,44.16,6.19,128.2,27.2,107.9,5.0,High Risk,High,Rainfall Deviation
Wheat,27.82,69.54,61.64,27.72,7.87,68.0,72.7,42.9,88.7,Healthy,Low,Temperature Deviation
Wheat,2.0,16.89,9.39,56.05,6.55,79.6,83.4,96.5,5.0,High Risk,High,Temperature Deviation
Wheat,20.65,58.85,89.86,15.86,7.23,60.9,74.4,20.5,98.0,Healthy,Low,Optimal Conditions
Wheat,18.36,51.54,61.75,17.45,7.87,56.6,31.2,44.4,98.0,Healthy,Low,Optimal Conditions
Wheat,15.36,68.54,60.68,11.3,5.52,123.0,68.5,114.4,98.0,Healthy,Low,Optimal Conditions
Wheat,10.87,76.79,89.65,25.61,6.18,128.5,40.0,72.7,75.4,Healthy,Low,Temperature Deviation
Wheat,19.26,66.65,90.28,8.36,6.07,118.1,84.4,25.0,98.0,Healthy,Low,Optimal Conditions
Wheat,11.74,51.88,55.54,26.01,6.71,103.3,54.2,37.7,88.6,Healthy,Low,Temperature Deviation
Wheat,17.96,68.22,77.37,16.01,6.37,68.9,20.0,33.0,98.0,Healthy,Low,Optimal Conditions
Wheat,33.72,12.9,3.45,35.41,6.07,69.4,29.2,85.6,5.0,High Risk,High,Temperature Deviation
Wheat,3.24,10.68,3.6,59.64,5.58,73.3,50.4,27.3,5.0,High Risk,High,Temperature Deviation
Wheat,18.52,65.23,75.35,14.57,7.96,112.2,44.7,61.9,98.0,Healthy,Low,Optimal Conditions
Wheat,29.33,68.95,109.27,27.15,5.54,118.2,13.2,108.4,79.0,Healthy,Low,Temperature Deviation
Wheat,9.24,94.63,162.6,28.26,7.91,36.2,22.1,108.4,19.8,High Risk,High,Humidity Deviation
Wheat,6.98,16.44,196.41,33.17,7.06,109.6,27.5,21.3,5.0,High Risk,High,Rainfall Deviation
Wheat,21.06,66.99,52.25,16.01,6.35,77.4,84.3,49.9,98.0,Healthy,Low,Optimal Conditions
Wheat,16.95,73.05,57.76,20.84,7.08,116.7,41.8,99.6,95.4,Healthy,Low,Optimal Conditions
Wheat,25.82,85.0,117.68,18.94,5.86,105.8,33.5,70.2,67.1,At Risk,Moderate,Humidity Deviation
Wheat,24.11,48.72,67.74,11.8,7.81,59.1,20.2,61.4,98.0,Healthy,Low,Optimal Conditions
Wheat,21.85,68.05,91.86,6.91,5.82,117.6,83.9,63.4,98.0,Healthy,Low,Optimal Conditions
Wheat,15.5,70.3,70.61,17.85,6.14,21.5,53.2,104.4,98.0,Healthy,Low,Optimal Conditions
Wheat,5.24,92.22,6.07,38.65,6.7,36.6,16.5,102.1,5.0,High Risk,High,Temperature Deviation
Wheat,11.01,24.93,3.2,39.09,7.18,101.9,35.2,29.0,17.1,High Risk,High,Rainfall Deviation
Wheat,9.86,85.58,123.25,12.04,7.45,100.8,71.4,47.3,49.3,High Risk,High,Humidity Deviation
Wheat,9.71,78.74,54.71,21.91,5.72,26.8,18.4,76.5,68.4,At Risk,Moderate,Temperature Deviation
Wheat,21.2,49.34,102.91,24.36,5.88,137.2,53.6,29.2,98.0,Healthy,Low,Optimal Conditions
Wheat,6.18,95.72,3.37,25.73,6.29,26.8,71.3,88.7,5.0,High Risk,High,Humidity Deviation
Wheat,21.76,57.92,87.81,11.81,6.53,132.2,30.1,27.6,98.0,Healthy,Low,Optimal Conditions
Wheat,18.43,45.03,91.19,12.34,5.79,132.9,79.8,62.5,94.0,Healthy,Low,Humidity Deviation
Wheat,33.31,95.13,4.55,47.71,7.89,38.2,48.2,78.2,5.0,High Risk,High,Humidity Deviation
Wheat,25.31,69.13,57.51,14.73,5.6,63.6,17.9,27.2,98.0,Healthy,Low,Optimal Conditions
Wheat,17.95,60.6,83.92,13.89,5.87,40.7,80.3,73.6,98.0,Healthy,Low,Optimal Conditions
Wheat,2.64,24.09,170.08,41.69,7.08,119.4,72.7,44.1,5.0,High Risk,High,Temperature Deviation
Wheat,13.62,92.34,0.4,39.79,7.99,21.3,81.6,30.7,19.7,High Risk,High,Rainfall Deviation
Wheat,27.94,44.34,54.35,24.17,6.45,26.5,58.0,109.8,81.5,Healthy,Low,Temperature Deviation
Wheat,17.16,58.85,52.42,17.31,7.57,90.6,38.2,99.0,98.0,Healthy,Low,Optimal Conditions
Wheat,27.34,39.3,90.56,19.13,5.54,77.4,11.7,101.1,77.8,Healthy,Low,Humidity Deviation
Wheat,5.89,13.4,6.25,31.46,6.01,66.4,14.1,56.8,7.5,High Risk,High,Temperature Deviation
Wheat,10.29,72.29,62.15,21.45,7.99,44.2,30.6,26.9,80.1,Healthy,Low,Temperature Deviation
Wheat,7.54,18.12,208.92,35.38,5.69,40.4,20.2,27.9,5.0,High Risk,High,Rainfall Deviation
Wheat,11.76,89.24,88.12,16.29,7.18,40.4,14.4,49.8,59.8,At Risk,Moderate,Humidity Deviation
Wheat,10.16,59.44,114.1,26.03,6.29,67.2,29.0,25.2,77.4,Healthy,Low,Temperature Deviation
Wheat,22.98,63.55,77.35,12.13,7.81,28.7,32.4,51.7,98.0,Healthy,Low,Optimal Conditions
Wheat,17.25,76.95,59.37,23.47,5.54,43.4,74.8,43.6,89.6,Healthy,Low,Humidity Deviation
Wheat,15.88,56.43,52.99,22.07,6.51,82.4,89.7,29.2,98.0,Healthy,Low,Optimal Conditions
Wheat,23.08,43.35,88.01,17.8,6.26,107.7,66.1,76.8,92.0,Healthy,Low,Humidity Deviation
Wheat,29.64,17.08,2.25,25.88,6.39,113.6,55.1,42.4,18.0,High Risk,High,Rainfall Deviation
Wheat,11.9,78.92,74.25,11.34,7.24,41.9,35.5,58.6,75.8,Healthy,Low,Humidity Deviation
Wheat,2.0,18.77,5.74,46.9,6.88,68.9,51.7,109.1,5.0,High Risk,High,Temperature Deviation
Wheat,15.23,67.23,78.86,18.36,6.99,117.2,44.4,93.7,98.0,Healthy,Low,Optimal Conditions
Wheat,5.35,96.7,205.51,45.64,5.67,119.8,24.2,90.9,5.0,High Risk,High,Rainfall Deviation
Wheat,13.76,77.5,111.43,27.57,7.83,22.4,22.3,108.0,79.8,Healthy,Low,Humidity Deviation
Wheat,30.9,45.96,75.81,24.05,6.3,26.9,21.0,15.1,71.6,At Risk,Moderate,Temperature Deviation
Wheat,35.01,90.63,201.22,39.37,6.02,137.2,61.6,113.1,5.0,High Risk,High,Temperature Deviation
Wheat,22.82,65.32,84.58,19.48,6.48,35.7,63.7,91.6,98.0,Healthy,Low,Optimal Conditions
Wheat,25.3,46.49,97.64,10.15,6.81,130.6,75.0,101.6,94.6,Healthy,Low,Optimal Conditions
Wheat,30.95,42.97,74.91,20.7,5.77,49.8,35.4,99.9,67.8,At Risk,Moderate,Temperature Deviation
Wheat,8.23,91.01,6.9,36.49,5.63,100.3,28.5,40.6,12.4,High Risk,High,Humidity Deviation
Wheat,15.64,53.54,50.26,11.68,5.71,101.9,28.8,114.1,98.0,Healthy,Low,Optimal Conditions
Wheat,34.78,11.98,0.82,55.56,5.92,26.4,67.4,64.9,5.0,High Risk,High,Temperature Deviation
Wheat,33.57,20.15,7.2,41.7,7.48,137.7,84.6,113.1,5.0,High Risk,High,Temperature Deviation
Wheat,19.69,64.11,96.11,7.13,6.26,36.7,59.0,47.2,98.0,Healthy,Low,Optimal Conditions
Wheat,15.71,57.0,93.12,8.5,7.24,95.6,79.1,28.9,98.0,Healthy,Low,Optimal Conditions
Wheat,5.13,98.73,2.56,43.22,6.6,125.6,50.4,68.3,5.0,High Risk,High,Humidity Deviation
Wheat,24.83,55.0,53.67,14.95,6.99,69.8,43.8,97.4,98.0,Healthy,Low,Optimal Conditions
Wheat,23.2,62.97,70.95,11.87,6.14,110.3,51.0,48.7,98.0,Healthy,Low,Optimal Conditions
Wheat,10.37,66.27,117.68,12.32,6.88,81.6,32.5,101.3,76.7,Healthy,Low,Temperature Deviation
Wheat,18.9,50.63,92.69,18.25,7.05,106.2,18.8,18.7,98.0,Healthy,Low,Optimal Conditions
Wheat,33.13,94.87,8.02,49.03,7.54,125.3,71.9,85.5,5.0,High Risk,High,Humidity Deviation
Wheat,20.35,50.75,90.4,9.81,6.91,53.5,72.6,108.1,98.0,Healthy,Low,Optimal Conditions
Wheat,23.63,55.34,76.73,17.88,6.31,134.5,19.8,16.9,98.0,Healthy,Low,Optimal Conditions
Wheat,9.07,13.62,1.85,35.2,6.54,65.2,80.1,110.1,15.3,High Risk,High,Rainfall Deviation
Wheat,17.71,66.86,62.41,28.57,7.79,106.2,32.7,49.3,98.0,Healthy,Low,Optimal Conditions
Wheat,22.61,50.85,93.23,6.78,5.93,77.2,69.0,29.6,98.0,Healthy,Low,Optimal Conditions
Wheat,19.83,54.25,55.78,17.55,6.76,21.7,74.2,118.0,98.0,Healthy,Low,Optimal Conditions
Wheat,23.22,80.23,87.2,16.83,6.76,115.6,69.2,82.8,84.7,Healthy,Low,Humidity Deviation
Wheat,20.47,51.75,68.87,11.2,5.6,52.9,86.5,115.1,98.0,Healthy,Low,Optimal Conditions
Wheat,15.43,53.58,69.61,19.22,5.85,111.6,18.7,118.0,98.0,Healthy,Low,Optimal Conditions
Wheat,22.75,56.85,81.38,7.88,5.87,132.6,83.4,108.2,98.0,Healthy,Low,Optimal Conditions
Wheat,30.82,48.01,63.86,25.15,6.88,49.0,44.1,116.6,74.3,At Risk,Moderate,Temperature Deviation
Wheat,14.8,47.29,92.53,27.62,5.95,33.2,80.7,51.0,96.0,Healthy,Low,Optimal Conditions
Wheat,24.12,51.36,43.37,22.0,6.02,85.3,28.5,104.1,95.4,Healthy,Low,Optimal Conditions
Wheat,17.46,66.25,67.14,6.67,6.93,89.8,67.2,40.2,98.0,Healthy,Low,Optimal Conditions
Wheat,17.82,51.62,93.83,15.93,6.25,91.9,26.1,108.5,98.0,Healthy,Low,Optimal Conditions
Wheat,15.04,60.04,79.16,13.68,5.64,57.7,49.9,37.7,98.0,Healthy,Low,Optimal Conditions
Wheat,34.67,98.58,8.29,56.83,6.92,111.5,74.9,50.9,5.0,High Risk,High,Temperature Deviation
Wheat,23.48,57.27,89.7,19.11,7.06,109.0,74.4,103.7,98.0,Healthy,Low,Optimal Conditions
Wheat,15.51,58.04,83.69,11.76,7.37,62.8,60.8,34.6,98.0,Healthy,Low,Optimal Conditions
Wheat,17.4,38.42,59.45,18.71,7.03,116.7,34.0,116.0,86.1,Healthy,Low,Humidity Deviation
Wheat,23.73,76.24,114.65,15.33,7.16,120.7,54.1,31.1,84.8,Healthy,Low,Humidity Deviation
Wheat,16.55,86.1,109.52,20.94,5.95,33.0,77.4,79.5,72.0,At Risk,Moderate,Humidity Deviation
Wheat,16.92,61.11,79.2,8.1,7.63,30.1,38.5,86.4,98.0,Healthy,Low,Optimal Conditions
Wheat,23.28,64.8,89.45,6.79,5.85,54.4,51.4,93.5,98.0,Healthy,Low,Optimal Conditions
Wheat,36.67,98.48,6.96,34.06,5.63,107.1,19.7,46.8,5.0,High Risk,High,Temperature Deviation
Wheat,20.03,78.04,82.86,12.67,7.3,42.1,36.3,66.2,87.9,Healthy,Low,Humidity Deviation
Wheat,17.49,58.16,63.98,7.05,7.32,117.6,30.6,96.3,98.0,Healthy,Low,Optimal Conditions
Wheat,20.07,67.12,87.5,17.08,5.84,28.4,81.5,55.7,98.0,Healthy,Low,Optimal Conditions
Wheat,22.25,66.73,93.12,9.74,7.63,24.9,14.0,80.5,98.0,Healthy,Low,Optimal Conditions
Wheat,18.25,63.46,66.86,7.69,6.2,74.9,48.0,97.2,98.0,Healthy,Low,Optimal Conditions
Wheat,24.59,52.73,95.08,12.62,5.59,26.3,76.7,27.4,98.0,Healthy,Low,Optimal Conditions
Wheat,19.38,66.88,63.12,11.33,5.6,73.9,56.2,74.9,98.0,Healthy,Low,Optimal Conditions
Wheat,18.16,52.13,68.34,6.49,7.42,136.0,87.6,105.8,98.0,Healthy,Low,Optimal Conditions
Wheat,29.07,76.48,38.18,12.1,6.55,33.6,23.8,72.5,65.7,At Risk,Moderate,Temperature Deviation
Wheat,15.64,56.35,61.02,12.73,5.76,110.2,82.5,93.1,98.0,Healthy,Low,Optimal Conditions
Wheat,9.78,51.11,96.61,26.86,6.52,125.6,61.9,109.4,81.7,Healthy,Low,Temperature Deviation
Wheat,18.87,88.84,102.23,13.41,6.43,45.1,65.7,114.1,70.8,At Risk,Moderate,Humidity Deviation
Wheat,4.2,24.77,9.52,39.89,6.91,22.5,12.8,61.8,5.0,High Risk,High,Temperature Deviation
Wheat,29.32,94.98,163.37,31.54,6.61,78.6,75.0,25.4,22.4,High Risk,High,Humidity Deviation
Wheat,21.29,54.3,81.37,18.85,7.99,23.9,28.8,47.6,98.0,Healthy,Low,Optimal Conditions
Wheat,17.42,54.07,97.73,18.78,5.62,60.7,42.4,40.1,98.0,Healthy,Low,Optimal Conditions
Wheat,9.46,44.93,99.81,23.38,6.61,109.1,28.3,21.1,74.5,At Risk,Moderate,Temperature Deviation
Wheat,19.74,53.36,67.74,11.0,5.64,90.0,80.7,30.9,98.0,Healthy,Low,Optimal Conditions
Wheat,22.75,43.93,90.23,27.54,6.77,110.0,34.9,69.0,92.7,Healthy,Low,Humidity Deviation
Wheat,6.8,97.51,179.49,58.83,7.24,30.0,79.0,65.5,5.0,High Risk,High,Humidity Deviation
Wheat,20.5,58.34,93.89,8.06,7.57,86.9,14.4,117.0,98.0,Healthy,Low,Optimal Conditions
Wheat,17.88,39.28,111.03,31.41,6.0,21.1,16.0,54.5,82.7,Healthy,Low,Humidity Deviation
Wheat,3.94,97.8,185.19,26.76,5.74,106.5,32.5,34.4,5.0,High Risk,High,Temperature Deviation
Wheat,15.22,65.49,56.72,12.02,7.01,71.4,12.2,97.3,98.0,Healthy,Low,Optimal Conditions
Wheat,22.62,67.87,71.64,13.03,6.69,66.7,81.0,108.9,98.0,Healthy,Low,Optimal Conditions
Wheat,21.15,68.54,98.1,12.63,6.63,53.4,86.7,30.0,98.0,Healthy,Low,Optimal Conditions
Wheat,31.0,26.12,49.53,26.06,6.39,27.7,15.9,27.1,47.0,High Risk,High,Humidity Deviation
Wheat,40.21,15.02,7.94,58.19,5.73,39.4,86.9,71.4,5.0,High Risk,High,Temperature Deviation
Wheat,17.58,59.0,84.65,16.0,7.99,54.5,53.1,71.0,98.0,Healthy,Low,Optimal Conditions
Wheat,16.69,69.55,92.67,12.47,7.01,47.3,53.5,88.0,98.0,Healthy,Low,Optimal Conditions
Wheat,9.99,74.99,18.53,15.27,5.58,60.3,51.1,98.6,53.0,At Risk,Moderate,Rainfall Deviation
Wheat,22.05,53.75,87.53,8.54,5.86,42.2,24.6,68.9,98.0,Healthy,Low,Optimal Conditions
Wheat,36.63,94.26,242.58,38.02,5.73,74.9,41.6,106.0,5.0,High Risk,High,Temperature Deviation
Wheat,24.67,69.16,62.38,10.22,7.74,136.0,45.5,48.7,98.0,Healthy,Low,Optimal Conditions
Wheat,20.53,40.21,105.14,11.05,7.87,105.3,10.5,95.2,86.2,Healthy,Low,Humidity Deviation
Wheat,25.99,79.9,51.05,11.95,7.19,27.7,57.7,92.7,81.2,Healthy,Low,Humidity Deviation
Wheat,23.42,50.61,92.19,11.9,6.04,36.1,86.3,22.6,98.0,Healthy,Low,Optimal Conditions
Wheat,18.48,62.4,77.24,6.88,6.22,48.7,27.1,58.2,98.0,Healthy,Low,Optimal Conditions
Wheat,10.85,93.74,41.28,25.77,6.4,52.1,44.6,24.6,44.4,High Risk,High,Humidity Deviation
Wheat,17.07,76.2,85.66,17.25,7.23,111.9,34.3,100.2,90.7,Healthy,Low,Humidity Deviation
Wheat,19.46,64.54,84.65,19.81,6.06,99.5,58.8,111.1,98.0,Healthy,Low,Optimal Conditions
Wheat,22.52,61.37,63.73,12.12,6.33,89.5,81.1,74.8,98.0,Healthy,Low,Optimal Conditions
Wheat,20.49,38.82,65.13,11.16,6.62,86.5,33.8,62.8,86.6,Healthy,Low,Humidity Deviation
Wheat,18.04,62.42,65.09,18.5,7.07,72.6,13.1,67.5,98.0,Healthy,Low,Optimal Conditions
Wheat,15.0,29.35,40.93,22.0,5.83,103.0,73.6,32.2,68.9,At Risk,Moderate,Humidity Deviation
Wheat,16.46,67.54,76.41,12.01,5.77,97.9,79.4,102.0,98.0,Healthy,Low,Optimal Conditions
Wheat,16.64,66.58,51.66,28.07,7.92,74.5,50.6,75.1,98.0,Healthy,Low,Optimal Conditions
Wheat,31.88,90.9,215.42,49.38,7.31,120.4,88.0,117.4,5.0,High Risk,High,Rainfall Deviation
Wheat,23.22,62.93,82.37,6.93,7.13,137.9,82.9,61.1,98.0,Healthy,Low,Optimal Conditions
Wheat,18.62,66.53,85.07,11.89,5.64,71.2,47.5,112.5,98.0,Healthy,Low,Optimal Conditions
Wheat,29.3,32.61,119.08,26.49,7.25,56.8,14.6,51.0,54.3,At Risk,Moderate,Humidity Deviation
Wheat,24.18,90.19,78.03,24.76,7.55,49.4,43.7,103.1,69.7,At Risk,Moderate,Humidity Deviation
Wheat,33.84,90.8,226.0,42.99,7.01,95.8,52.2,76.2,5.0,High Risk,High,Rainfall Deviation
Wheat,22.78,70.86,65.26,10.38,5.62,88.7,75.6,49.3,98.0,Healthy,Low,Optimal Conditions
Wheat,20.96,55.48,51.33,16.03,7.06,89.7,69.3,85.9,98.0,Healthy,Low,Optimal Conditions
Wheat,18.52,52.52,56.49,15.14,7.65,135.5,60.3,34.3,98.0,Healthy,Low,Optimal Conditions
Wheat,23.13,61.58,80.91,16.72,7.26,120.1,14.5,93.5,98.0,Healthy,Low,Optimal Conditions
Wheat,26.29,16.48,166.65,52.11,6.04,94.5,13.8,65.8,13.2,High Risk,High,Humidity Deviation
Wheat,24.21,69.52,61.11,8.12,7.38,50.4,81.6,75.3,98.0,Healthy,Low,Optimal Conditions
Wheat,23.33,59.87,95.58,18.92,5.91,20.3,88.7,110.1,98.0,Healthy,Low,Optimal Conditions
Wheat,23.33,59.16,62.95,18.18,5.99,133.7,26.4,79.4,98.0,Healthy,Low,Optimal Conditions
Wheat,20.46,63.68,59.51,12.81,6.67,28.5,75.5,50.2,98.0,Healthy,Low,Optimal Conditions
Wheat,28.07,75.4,35.94,13.67,7.81,118.6,38.3,83.9,69.8,At Risk,Moderate,Temperature Deviation
Wheat,11.46,36.79,51.91,13.09,6.56,61.0,24.7,15.7,71.7,At Risk,Moderate,Humidity Deviation
Wheat,13.94,32.19,64.9,18.42,7.08,71.6,45.0,47.6,74.9,At Risk,Moderate,Humidity Deviation
Wheat,29.65,41.63,69.3,15.97,5.51,39.5,38.0,48.2,71.3,At Risk,Moderate,Temperature Deviation
Wheat,16.39,56.53,42.21,23.11,5.77,22.0,82.8,43.3,94.5,Healthy,Low,Rainfall Deviation
Wheat,2.0,95.47,200.29,47.06,7.97,61.3,14.9,92.1,5.0,High Risk,High,Temperature Deviation
Wheat,27.52,37.94,116.11,19.16,5.92,138.3,75.7,44.6,69.0,At Risk,Moderate,Humidity Deviation
Wheat,15.57,52.41,79.04,18.93,6.74,121.2,45.7,89.4,98.0,Healthy,Low,Optimal Conditions
Wheat,17.72,68.29,30.72,23.97,7.65,61.4,41.2,108.6,86.5,Healthy,Low,Rainfall Deviation
Wheat,34.53,89.59,0.29,33.28,6.03,108.3,35.6,68.1,5.0,High Risk,High,Temperature Deviation
Wheat,24.6,67.03,93.19,11.1,7.41,37.3,10.7,17.1,98.0,Healthy,Low,Optimal Conditions
Wheat,22.62,48.02,30.9,31.61,6.46,41.3,38.1,61.2,84.3,Healthy,Low,Rainfall Deviation
Wheat,20.78,61.95,86.95,5.44,6.85,26.3,66.1,20.9,98.0,Healthy,Low,Optimal Conditions
Wheat,3.83,17.29,240.45,50.15,6.97,79.1,25.4,63.7,5.0,High Risk,High,Rainfall Deviation
Wheat,24.15,56.71,97.61,13.0,7.08,85.2,20.4,54.5,98.0,Healthy,Low,Optimal Conditions
Wheat,21.23,58.94,88.9,8.31,5.91,68.8,84.1,89.6,98.0,Healthy,Low,Optimal Conditions
Wheat,20.17,51.68,99.23,15.0,6.21,90.3,18.8,116.4,98.0,Healthy,Low,Optimal Conditions
Wheat,21.48,54.91,85.88,16.65,7.18,93.7,81.4,23.3,98.0,Healthy,Low,Optimal Conditions
Wheat,17.48,69.76,69.47,15.99,7.21,45.4,29.1,44.5,98.0,Healthy,Low,Optimal Conditions
Wheat,17.34,50.39,93.97,19.48,6.35,60.6,10.6,86.4,98.0,Healthy,Low,Optimal Conditions
Wheat,37.36,21.13,6.23,46.83,5.84,33.9,77.5,29.6,5.0,High Risk,High,Temperature Deviation
Wheat,29.39,36.49,58.05,14.42,7.51,122.0,33.1,115.0,66.2,At Risk,Moderate,Temperature Deviation
Wheat,16.5,60.75,78.79,14.68,5.54,135.2,13.6,30.0,98.0,Healthy,Low,Optimal Conditions
Wheat,20.67,68.65,83.3,17.34,5.53,85.0,46.8,67.4,98.0,Healthy,Low,Optimal Conditions
Wheat,21.84,60.06,88.26,12.28,5.87,97.8,23.8,106.6,98.0,Healthy,Low,Optimal Conditions
Wheat,18.01,73.63,40.35,23.69,7.84,44.8,68.8,106.0,87.8,Healthy,Low,Rainfall Deviation
Wheat,21.63,64.47,37.55,15.78,7.69,35.5,67.6,25.6,91.3,Healthy,Low,Rainfall Deviation
Wheat,14.45,35.13,59.85,18.47,6.54,25.3,33.1,62.4,80.2,Healthy,Low,Humidity Deviation
Wheat,19.53,67.06,79.07,6.18,5.98,76.9,38.9,52.7,98.0,Healthy,Low,Optimal Conditions
Wheat,27.17,34.69,38.54,17.33,6.73,88.7,29.1,98.4,64.9,At Risk,Moderate,Humidity Deviation
Wheat,30.57,80.34,90.78,14.63,7.22,125.3,33.2,23.6,62.2,At Risk,Moderate,Temperature Deviation
Wheat,21.72,56.58,63.91,7.77,6.74,53.1,68.5,23.0,98.0,Healthy,Low,Optimal Conditions
Wheat,27.85,48.06,22.77,28.76,6.0,124.9,38.2,90.9,67.2,At Risk,Moderate,Rainfall Deviation
Wheat,24.06,52.53,58.93,12.4,5.7,43.5,85.5,117.5,98.0,Healthy,Low,Optimal Conditions
Wheat,24.23,60.9,63.49,15.54,7.15,138.7,31.2,85.6,98.0,Healthy,Low,Optimal Conditions
Wheat,16.14,50.08,99.97,17.03,7.47,81.2,34.0,30.9,98.0,Healthy,Low,Optimal Conditions
Wheat,18.76,65.13,76.98,6.16,5.55,32.3,42.8,113.0,98.0,Healthy,Low,Optimal Conditions
Wheat,25.38,79.14,24.63,10.6,6.51,139.2,24.0,85.6,67.0,At Risk,Moderate,Rainfall Deviation
Wheat,22.25,60.11,84.0,8.04,7.36,139.5,63.3,66.8,98.0,Healthy,Low,Optimal Conditions
Wheat,29.47,13.82,2.05,29.98,5.63,95.1,14.4,102.8,18.6,High Risk,High,Rainfall Deviation
Wheat,26.87,69.34,49.8,12.42,6.47,48.9,11.3,52.8,92.4,Healthy,Low,Temperature Deviation
Wheat,17.57,51.85,55.05,7.99,8.0,20.3,61.1,29.8,98.0,Healthy,Low,Optimal Conditions
Wheat,26.19,92.43,176.27,58.17,6.15,60.5,42.2,20.4,6.1,High Risk,High,Humidity Deviation
Wheat,10.97,87.66,103.69,10.34,7.45,63.4,42.5,100.0,57.9,At Risk,Moderate,Humidity Deviation
Wheat,15.47,53.53,97.8,6.06,6.39,80.4,49.5,15.4,98.0,Healthy,Low,Optimal Conditions
Wheat,18.54,73.7,63.11,12.09,6.86,108.9,70.6,78.7,94.4,Healthy,Low,Humidity Deviation
Wheat,22.97,64.4,54.31,11.96,5.93,60.5,11.4,57.0,98.0,Healthy,Low,Optimal Conditions
Wheat,14.14,65.64,84.92,20.16,7.76,26.1,79.1,50.8,97.0,Healthy,Low,Optimal Conditions
Wheat,12.83,94.04,227.51,37.76,7.61,43.4,76.1,74.1,13.3,High Risk,High,Rainfall Deviation
Wheat,14.52,81.66,48.44,26.38,7.91,106.1,89.4,88.3,79.8,Healthy,Low,Humidity Deviation
Wheat,21.72,64.04,68.59,5.27,7.26,22.6,60.5,32.2,98.0,Healthy,Low,Optimal Conditions
Wheat,13.79,85.99,58.05,15.93,6.19,132.0,67.9,75.6,71.8,At Risk,Moderate,Humidity Deviation
Wheat,28.5,39.0,107.28,16.94,7.21,124.6,29.0,117.8,69.9,At Risk,Moderate,Temperature Deviation
Wheat,17.67,58.43,54.72,6.89,6.54,111.5,82.0,84.8,98.0,Healthy,Low,Optimal Conditions
Wheat,21.72,62.71,90.29,17.38,7.67,69.7,65.8,43.2,98.0,Healthy,Low,Optimal Conditions
Wheat,2.75,98.13,245.5,58.08,7.18,27.8,47.3,40.2,5.0,High Risk,High,Temperature Deviation
Wheat,18.72,47.61,114.09,14.24,7.02,101.3,52.1,90.4,91.5,Healthy,Low,Rainfall Deviation
Wheat,16.06,51.2,53.05,23.83,6.89,109.1,32.4,74.3,98.0,Healthy,Low,Optimal Conditions
Wheat,19.14,65.0,84.67,19.86,6.19,79.8,36.4,61.3,98.0,Healthy,Low,Optimal Conditions
Wheat,10.12,98.56,182.91,39.48,6.25,109.8,26.7,36.5,8.0,High Risk,High,Humidity Deviation
Wheat,16.26,56.22,94.3,16.62,7.34,115.7,31.6,108.2,98.0,Healthy,Low,Optimal Conditions
Wheat,18.36,61.73,55.15,15.95,6.47,114.1,49.4,34.0,98.0,Healthy,Low,Optimal Conditions
Wheat,27.56,82.59,39.01,21.65,6.17,22.5,67.8,18.4,63.2,At Risk,Moderate,Humidity Deviation
Wheat,29.22,50.08,70.73,10.72,6.75,92.1,15.0,90.7,83.1,Healthy,Low,Temperature Deviation
Wheat,21.85,69.64,84.56,18.25,7.87,78.4,66.2,104.5,98.0,Healthy,Low,Optimal Conditions
Wheat,17.61,68.93,86.32,8.3,6.62,115.6,53.8,83.2,98.0,Healthy,Low,Optimal Conditions
Wheat,16.7,41.68,23.05,14.29,6.73,134.1,40.7,59.6,71.2,At Risk,Moderate,Rainfall Deviation
Wheat,25.39,56.05,37.74,13.19,6.81,135.6,58.6,118.3,89.9,Healthy,Low,Rainfall Deviation
Wheat,13.48,21.57,242.32,52.4,7.61,115.9,50.7,39.5,5.0,High Risk,High,Rainfall Deviation
Wheat,30.84,21.06,7.93,56.77,7.32,108.3,16.4,52.7,5.0,High Risk,High,Humidity Deviation
Wheat,8.95,10.14,8.68,41.1,7.02,42.6,74.4,116.6,10.8,High Risk,High,Humidity Deviation
Wheat,19.95,51.72,77.96,12.54,5.86,73.0,36.7,69.8,98.0,Healthy,Low,Optimal Conditions
Wheat,19.55,35.56,73.41,23.06,7.02,68.4,64.1,34.9,82.7,Healthy,Low,Humidity Deviation
Wheat,5.94,94.18,4.52,27.73,7.27,130.4,31.7,53.9,5.0,High Risk,High,Humidity Deviation
Wheat,17.82,74.68,107.74,16.31,6.12,62.7,24.2,88.0,89.9,Healthy,Low,Humidity Deviation
Wheat,10.98,75.82,50.04,23.12,6.42,116.9,51.9,27.3,77.2,Healthy,Low,Temperature Deviation
Wheat,20.37,68.73,65.42,18.04,7.41,49.7,12.9,25.7,98.0,Healthy,Low,Optimal Conditions
Wheat,25.18,73.15,60.94,26.88,7.93,54.3,15.7,51.3,94.6,Healthy,Low,Optimal Conditions
Wheat,11.32,45.01,117.1,22.92,5.71,74.0,70.5,98.4,74.3,At Risk,Moderate,Temperature Deviation
Wheat,16.52,44.45,38.7,14.36,6.6,69.0,44.3,76.5,85.4,Healthy,Low,Rainfall Deviation
Wheat,11.75,38.78,65.39,29.66,7.39,59.8,69.6,31.0,75.2,Healthy,Low,Humidity Deviation
Wheat,18.46,66.15,62.32,5.95,5.83,123.0,60.7,41.6,98.0,Healthy,Low,Optimal Conditions
Wheat,28.06,33.22,44.45,16.54,7.2,44.9,73.9,99.3,63.7,At Risk,Moderate,Humidity Deviation
Wheat,17.84,55.68,74.11,15.79,6.4,93.2,40.6,47.0,98.0,Healthy,Low,Optimal Conditions
Wheat,15.04,54.54,70.32,17.77,7.5,52.1,29.6,38.9,98.0,Healthy,Low,Optimal Conditions
Wheat,19.98,58.77,60.91,6.96,5.53,38.5,66.4,40.6,98.0,Healthy,Low,Optimal Conditions
Wheat,22.62,29.52,83.66,11.97,7.9,116.9,46.8,38.5,75.4,Healthy,Low,Humidity Deviation
Wheat,31.73,20.63,2.38,51.75,7.47,96.7,78.3,92.4,5.0,High Risk,High,Rainfall Deviation
Wheat,15.41,91.16,208.73,25.05,6.62,120.4,55.8,119.9,28.3,High Risk,High,Rainfall Deviation
Wheat,17.8,53.19,58.2,9.28,7.48,128.7,88.0,39.4,98.0,Healthy,Low,Optimal Conditions
Wheat,31.12,88.55,178.73,25.53,6.28,90.6,21.1,59.7,16.2,High Risk,High,Rainfall Deviation
Wheat,17.71,90.5,109.54,28.17,6.26,67.8,35.4,64.1,65.4,At Risk,Moderate,Humidity Deviation
Wheat,24.62,56.26,54.9,12.9,5.64,33.3,27.6,63.8,98.0,Healthy,Low,Optimal Conditions
Wheat,23.0,64.79,71.32,10.01,6.29,112.9,14.2,16.3,98.0,Healthy,Low,Optimal Conditions
Wheat,10.0,91.18,58.82,30.51,7.43,109.7,28.7,21.3,50.7,At Risk,Moderate,Humidity Deviation
Wheat,25.43,80.55,128.58,13.44,6.42,94.3,22.8,116.6,71.0,At Risk,Moderate,Humidity Deviation
Wheat,8.42,17.72,4.16,39.04,7.64,71.8,40.9,87.4,8.8,High Risk,High,Rainfall Deviation
Wheat,25.91,87.46,79.01,31.07,5.69,83.9,34.3,56.2,70.1,At Risk,Moderate,Humidity Deviation
Wheat,20.78,69.16,75.15,6.24,7.05,60.8,78.5,60.6,98.0,Healthy,Low,Optimal Conditions
Wheat,16.91,65.38,63.28,16.51,6.01,58.6,47.2,114.0,98.0,Healthy,Low,Optimal Conditions
Wheat,33.16,17.24,9.01,51.46,6.71,33.4,19.2,99.2,5.0,High Risk,High,Temperature Deviation
Wheat,12.85,84.69,77.6,27.64,7.63,78.0,43.3,117.7,70.4,At Risk,Moderate,Humidity Deviation
Wheat,17.15,55.84,58.64,10.69,7.78,93.8,43.0,113.1,98.0,Healthy,Low,Optimal Conditions
Maize,22.1,66.32,96.93,5.59,6.27,97.9,65.8,82.0,98.0,Healthy,Low,Optimal Conditions
Maize,20.94,63.54,67.73,19.21,6.44,58.1,71.3,67.3,98.0,Healthy,Low,Optimal Conditions
Maize,28.12,72.34,100.38,5.7,6.66,111.6,20.9,39.0,98.0,Healthy,Low,Optimal Conditions
Maize,36.96,23.63,223.18,39.48,6.0,65.0,50.7,48.5,5.0,High Risk,High,Rainfall Deviation
Maize,36.48,11.9,8.5,31.96,6.74,27.3,43.1,72.4,14.1,High Risk,High,Rainfall Deviation
Maize,27.49,71.56,106.27,5.58,5.77,84.4,84.8,102.7,98.0,Healthy,Low,Optimal Conditions
Maize,5.26,22.07,208.89,49.29,5.68,127.6,42.4,62.8,5.0,High Risk,High,Temperature Deviation
Maize,14.28,46.49,56.19,21.74,5.3,48.9,26.7,41.3,67.6,At Risk,Moderate,Temperature Deviation
Maize,13.84,10.32,222.77,32.99,7.08,57.2,78.7,88.5,14.2,High Risk,High,Rainfall Deviation
Maize,20.76,69.65,97.01,5.04,5.32,117.1,30.8,81.8,98.0,Healthy,Low,Optimal Conditions
Maize,15.47,84.56,46.87,24.21,5.66,131.9,40.6,91.6,62.1,At Risk,Moderate,Temperature Deviation
Maize,22.05,64.74,112.7,12.91,7.53,78.1,49.2,27.6,98.0,Healthy,Low,Optimal Conditions
Maize,36.93,16.9,273.42,40.75,6.11,66.6,29.4,112.1,5.0,High Risk,High,Rainfall Deviation
Maize,31.39,57.79,130.02,22.25,7.07,60.3,71.2,60.4,91.1,Healthy,Low,Temperature Deviation
Maize,29.07,41.92,47.05,26.63,6.39,25.2,34.8,48.6,76.7,Healthy,Low,Humidity Deviation
Maize,18.24,90.22,9.96,27.34,5.37,49.4,80.5,58.7,41.8,High Risk,High,Rainfall Deviation
Maize,23.36,55.4,86.49,25.42,5.57,112.7,49.3,97.3,98.0,Healthy,Low,Optimal Conditions
Maize,26.11,41.27,112.44,24.77,5.69,78.4,69.1,106.0,83.5,Healthy,Low,Humidity Deviation
Maize,21.06,58.5,116.55,23.77,7.44,80.7,16.2,47.2,98.0,Healthy,Low,Optimal Conditions
Maize,36.71,83.94,107.95,22.78,7.05,69.3,60.3,88.4,59.7,At Risk,Moderate,Temperature Deviation
Maize,15.2,73.77,43.15,27.77,6.16,32.1,87.0,83.5,73.4,At Risk,Moderate,Temperature Deviation
Maize,27.84,73.32,138.81,23.04,6.21,80.2,58.4,73.8,93.7,Healthy,Low,Rainfall Deviation
Maize,34.89,39.5,46.73,26.15,6.83,125.0,16.6,111.1,54.1,At Risk,Moderate,Temperature Deviation
Maize,24.91,63.77,105.62,11.3,7.56,128.3,79.8,22.5,98.0,Healthy,Low,Optimal Conditions
Maize,12.38,20.72,5.49,29.6,6.03,127.4,87.8,105.2,11.5,High Risk,High,Rainfall Deviation
Maize,29.47,63.47,60.56,11.64,5.41,85.3,37.1,64.7,98.0,Healthy,Low,Optimal Conditions
Maize,23.71,95.4,69.33,28.16,5.43,77.6,52.8,32.8,69.4,At Risk,Moderate,Humidity Deviation
Maize,24.4,71.66,115.76,14.43,6.25,50.5,88.6,118.2,98.0,Healthy,Low,Optimal Conditions
Maize,11.11,88.0,7.45,38.52,6.46,62.6,35.7,116.2,13.4,High Risk,High,Temperature Deviation
Maize,17.57,42.37,57.72,11.11,5.55,125.7,52.2,101.6,75.0,Healthy,Low,Humidity Deviation
Maize,40.47,95.95,5.47,30.62,7.65,39.0,49.0,53.2,5.0,High Risk,High,Temperature Deviation
Maize,29.08,32.5,126.99,20.56,6.27,38.2,45.3,95.9,70.7,At Risk,Moderate,Humidity Deviation
Maize,20.05,68.37,118.36,14.1,5.59,58.5,79.4,39.4,98.0,Healthy,Low,Optimal Conditions
Maize,27.19,47.09,71.87,14.74,7.37,133.1,51.5,52.0,90.5,Healthy,Low,Humidity Deviation
Maize,20.5,60.37,99.25,13.0,7.57,67.6,65.5,66.4,98.0,Healthy,Low,Optimal Conditions
Maize,29.81,53.21,27.31,13.57,7.66,29.1,64.3,33.5,78.8,Healthy,Low,Rainfall Deviation
Maize,19.67,42.98,111.92,20.85,6.69,42.7,82.1,85.8,84.4,Healthy,Low,Humidity Deviation
Maize,17.87,54.37,125.03,25.05,6.5,113.4,77.3,75.9,90.1,Healthy,Low,Temperature Deviation
Maize,26.29,54.21,90.02,21.8,5.97,27.4,23.0,109.0,98.0,Healthy,Low,Optimal Conditions
Maize,21.75,81.68,58.75,20.91,6.1,28.5,17.2,60.5,89.3,Healthy,Low,Humidity Deviation
Maize,25.16,61.1,101.27,17.96,6.02,43.2,19.3,79.7,98.0,Healthy,Low,Optimal Conditions
Maize,21.88,68.06,68.91,13.31,6.57,108.1,14.4,108.2,98.0,Healthy,Low,Optimal Conditions
Maize,16.63,49.6,50.6,16.15,5.61,96.7,16.0,29.1,76.2,Healthy,Low,Temperature Deviation
Maize,35.28,54.18,90.87,20.09,6.92,79.7,17.5,45.5,77.9,Healthy,Low,Temperature Deviation
Maize,33.15,17.19,0.4,38.42,7.31,98.1,59.1,50.1,17.5,High Risk,High,Rainfall Deviation
Maize,31.36,95.69,6.67,25.28,5.53,26.5,68.0,23.5,32.4,High Risk,High,Rainfall Deviation
Maize,17.82,48.31,63.21,17.41,6.67,123.3,16.3,22.6,84.3,Healthy,Low,Humidity Deviation
Maize,39.72,17.6,246.82,48.85,5.91,126.0,54.9,34.5,5.0,High Risk,High,Rainfall Deviation
Maize,24.94,74.23,106.18,12.32,6.11,85.9,69.9,97.3,98.0,Healthy,Low,Optimal Conditions
Maize,27.21,68.16,117.55,18.97,7.19,106.8,31.9,103.8,98.0,Healthy,Low,Optimal Conditions
Maize,22.72,62.68,110.16,7.23,6.39,79.1,12.9,35.6,98.0,Healthy,Low,Optimal Conditions
Maize,10.16,94.5,7.48,52.28,5.91,119.6,66.3,114.3,5.0,High Risk,High,Temperature Deviation
Maize,26.62,64.3,97.84,11.74,5.75,80.9,52.3,100.1,98.0,Healthy,Low,Optimal Conditions
Maize,17.34,55.38,114.46,26.13,5.53,134.2,59.8,89.2,90.7,Healthy,Low,Temperature Deviation
Maize,24.12,59.48,115.95,12.32,6.81,108.1,39.7,90.6,98.0,Healthy,Low,Optimal Conditions
Maize,21.08,84.82,51.74,28.48,7.04,127.4,19.4,119.0,80.4,Healthy,Low,Humidity Deviation
Maize,20.12,74.95,76.86,15.02,5.72,89.6,82.3,48.6,98.0,Healthy,Low,Optimal Conditions
Maize,35.67,48.1,71.12,20.4,5.39,96.6,14.0,112.3,69.0,At Risk,Moderate,Temperature Deviation
Maize,10.63,12.36,6.81,40.42,7.46,110.1,49.1,78.3,5.0,High Risk,High,Temperature Deviation
Maize,29.84,68.35,62.63,9.9,6.8,26.8,11.9,62.3,98.0,Healthy,Low,Optimal Conditions
Maize,24.38,60.25,69.88,15.34,6.53,44.0,35.6,77.1,98.0,Healthy,Low,Optimal Conditions
Maize,21.47,56.46,108.74,16.29,7.11,106.0,63.6,65.1,98.0,Healthy,Low,Optimal Conditions
Maize,21.79,44.64,84.84,28.39,6.3,111.8,24.0,48.8,87.6,Healthy,Low,Humidity Deviation
Maize,38.4,21.24,2.67,43.55,6.78,77.9,17.5,95.6,5.0,High Risk,High,Temperature Deviation
Maize,21.09,61.54,55.76,12.79,6.41,121.4,81.8,42.8,97.5,Healthy,Low,Optimal Conditions
Maize,19.69,91.34,74.42,21.82,7.32,24.0,39.3,39.9,74.4,At Risk,Moderate,Humidity Deviation
Maize,20.72,74.08,73.4,18.83,6.32,138.3,54.3,112.7,98.0,Healthy,Low,Optimal Conditions
Maize,27.48,73.06,68.38,6.44,6.32,132.0,53.4,70.4,98.0,Healthy,Low,Optimal Conditions
Maize,20.01,71.2,65.25,14.51,7.5,45.0,63.2,23.3,98.0,Healthy,Low,Optimal Conditions
Maize,24.39,50.04,41.71,30.27,5.61,73.5,75.2,108.4,83.4,Healthy,Low,Rainfall Deviation
Maize,29.36,47.15,98.0,18.61,7.01,99.1,60.0,44.7,90.6,Healthy,Low,Humidity Deviation
Maize,21.03,69.38,90.23,15.63,5.9,58.9,36.7,17.7,98.0,Healthy,Low,Optimal Conditions
Maize,28.03,72.95,91.09,11.83,5.37,125.5,11.0,114.2,98.0,Healthy,Low,Optimal Conditions
Maize,17.74,47.26,137.13,30.55,5.79,37.6,78.5,86.5,77.1,Healthy,Low,Humidity Deviation
Maize,22.69,71.01,87.23,15.06,6.06,65.7,89.3,41.0,98.0,Healthy,Low,Optimal Conditions
Maize,19.13,45.4,67.44,15.58,7.56,128.7,55.3,52.2,85.4,Healthy,Low,Humidity Deviation
Maize,24.12,69.55,87.1,17.85,7.57,60.3,54.9,25.0,98.0,Healthy,Low,Optimal Conditions
Maize,24.13,59.12,112.59,7.37,6.39,92.7,65.3,55.2,98.0,Healthy,Low,Optimal Conditions
Maize,37.96,11.98,279.86,26.17,7.49,34.2,61.7,41.3,5.0,High Risk,High,Rainfall Deviation
Maize,11.74,16.16,8.82,31.93,5.32,95.3,35.3,117.2,11.2,High Risk,High,Humidity Deviation
Maize,23.46,62.16,60.51,17.59,5.38,132.8,81.4,71.2,98.0,Healthy,Low,Optimal Conditions
Maize,27.42,45.41,70.5,22.41,6.49,107.8,40.7,114.2,88.5,Healthy,Low,Humidity Deviation
Maize,28.79,58.03,63.99,20.79,5.92,126.2,56.2,38.2,98.0,Healthy,Low,Optimal Conditions
Maize,28.03,55.88,119.53,6.96,7.21,67.4,49.4,107.5,98.0,Healthy,Low,Optimal Conditions
Maize,25.37,55.99,60.14,8.67,6.93,34.6,19.1,58.2,98.0,Healthy,Low,Optimal Conditions
Maize,28.24,36.11,77.17,12.09,5.53,107.4,35.9,117.6,77.3,Healthy,Low,Humidity Deviation
Maize,24.45,57.26,81.08,19.97,7.43,25.8,55.1,83.0,98.0,Healthy,Low,Optimal Conditions
Maize,21.45,73.09,118.13,19.88,7.2,99.6,37.7,33.0,98.0,Healthy,Low,Optimal Conditions
Maize,26.93,70.69,109.59,18.71,7.41,140.0,29.5,95.1,98.0,Healthy,Low,Optimal Conditions
Maize,28.33,43.6,104.01,29.69,7.66,96.4,22.9,110.1,86.3,Healthy,Low,Humidity Deviation
Maize,19.35,48.21,72.46,19.84,6.04,77.9,35.8,103.1,89.6,Healthy,Low,Humidity Deviation
Maize,26.6,57.74,101.21,18.7,6.76,87.2,86.9,80.9,98.0,Healthy,Low,Optimal Conditions
Maize,22.92,69.11,104.13,9.55,6.13,138.9,18.2,57.5,98.0,Healthy,Low,Optimal Conditions
Maize,28.21,56.85,100.44,5.85,6.91,121.2,41.9,69.8,98.0,Healthy,Low,Optimal Conditions
Maize,23.0,71.07,76.32,15.84,5.79,50.0,36.9,76.9,98.0,Healthy,Low,Optimal Conditions
Maize,23.23,49.78,72.05,15.4,5.56,115.3,17.9,43.5,93.7,Healthy,Low,Humidity Deviation
Maize,33.26,98.36,234.12,53.2,5.95,76.6,66.9,61.1,5.0,High Risk,High,Rainfall Deviation
Maize,27.06,73.23,99.15,16.61,6.16,42.0,61.4,49.4,98.0,Healthy,Low,Optimal Conditions
Maize,40.29,12.55,208.57,40.72,6.67,72.3,43.2,91.9,5.0,High Risk,High,Temperature Deviation
Maize,21.14,81.17,40.85,27.11,7.07,127.2,45.8,70.7,79.6,Healthy,Low,Rainfall Deviation
Maize,28.5,59.59,74.38,10.59,5.85,87.3,20.8,48.6,98.0,Healthy,Low,Optimal Conditions
Maize,34.74,96.98,7.63,53.04,6.75,43.8,49.6,92.9,5.0,High Risk,High,Humidity Deviation
Maize,31.49,83.12,43.0,28.19,6.73,115.3,89.1,86.3,71.9,At Risk,Moderate,Humidity Deviation
Maize,30.99,11.9,242.42,46.3,7.63,64.8,64.5,21.7,9.1,High Risk,High,Rainfall Deviation
Maize,29.64,65.78,77.27,6.8,6.99,97.4,39.9,114.8,98.0,Healthy,Low,Optimal Conditions
Maize,23.04,73.42,79.26,8.78,6.58,118.9,18.3,114.0,98.0,Healthy,Low,Optimal Conditions
Maize,34.2,86.7,59.96,25.88,7.55,31.0,11.6,99.6,65.6,At Risk,Moderate,Humidity Deviation
Maize,29.87,67.39,99.05,7.98,5.88,99.1,82.8,118.2,98.0,Healthy,Low,Optimal Conditions
Maize,21.34,56.13,112.1,9.42,5.3,46.9,37.2,119.1,98.0,Healthy,Low,Optimal Conditions
Maize,17.52,68.0,98.48,18.31,6.06,101.3,33.2,75.6,91.3,Healthy,Low,Temperature Deviation
Maize,21.91,63.15,116.22,10.66,6.89,50.6,20.2,21.1,98.0,Healthy,Low,Optimal Conditions
Maize,21.58,58.48,105.65,5.24,6.64,65.5,50.5,74.1,98.0,Healthy,Low,Optimal Conditions
Maize,22.95,69.67,112.28,7.89,5.53,127.7,38.0,72.9,98.0,Healthy,Low,Optimal Conditions
Maize,21.26,66.79,91.51,8.04,6.38,115.6,57.2,25.2,98.0,Healthy,Low,Optimal Conditions
Maize,13.47,81.49,137.67,19.97,6.94,63.2,63.4,19.3,61.5,At Risk,Moderate,Temperature Deviation
Maize,27.91,71.06,102.97,8.06,5.89,139.5,18.3,34.0,98.0,Healthy,Low,Optimal Conditions
Maize,23.28,59.2,89.86,12.14,7.46,24.2,35.6,77.6,98.0,Healthy,Low,Optimal Conditions
Maize,20.9,87.13,59.1,26.33,6.52,70.7,41.8,17.8,81.3,Healthy,Low,Humidity Deviation
Maize,29.76,72.47,79.76,13.82,7.33,73.0,11.4,22.8,98.0,Healthy,Low,Optimal Conditions
Maize,33.03,83.27,155.29,25.36,5.8,22.4,48.4,68.9,63.7,At Risk,Moderate,Humidity Deviation
Maize,21.25,66.72,105.86,19.9,7.12,115.2,59.3,118.5,98.0,Healthy,Low,Optimal Conditions
Maize,29.98,40.85,128.29,12.88,6.97,44.7,45.3,21.8,80.3,Healthy,Low,Humidity Deviation
Maize,39.52,89.22,6.19,44.82,6.26,54.2,23.6,50.2,5.0,High Risk,High,Temperature Deviation
Maize,32.65,44.85,72.6,10.72,6.42,97.6,76.4,20.2,77.2,Healthy,Low,Humidity Deviation
Maize,42.67,15.22,199.02,54.52,6.17,21.2,60.1,88.9,5.0,High Risk,High,Temperature Deviation
Maize,19.23,75.46,77.09,22.78,6.23,40.5,28.1,75.4,96.6,Healthy,Low,Optimal Conditions
Maize,25.15,58.41,99.77,17.79,5.92,79.0,88.0,50.0,98.0,Healthy,Low,Optimal Conditions
Maize,19.89,93.7,75.11,17.87,5.96,116.9,39.4,48.3,71.5,At Risk,Moderate,Humidity Deviation
Maize,11.78,13.14,0.66,40.7,7.65,62.0,46.2,29.0,5.0,High Risk,High,Rainfall Deviation
Maize,27.75,66.41,105.64,7.25,6.67,50.4,28.2,16.2,98.0,Healthy,Low,Optimal Conditions
Maize,23.09,57.34,119.15,9.63,5.61,43.9,57.0,21.7,98.0,Healthy,Low,Optimal Conditions
Maize,33.86,96.0,4.14,26.86,6.6,51.2,57.0,42.4,20.5,High Risk,High,Rainfall Deviation
Maize,37.68,20.1,290.16,29.96,6.84,65.8,86.5,49.6,5.0,High Risk,High,Rainfall Deviation
Maize,11.01,19.58,242.42,58.74,5.53,22.7,14.5,20.5,5.0,High Risk,High,Rainfall Deviation
Maize,6.92,19.75,238.8,57.47,7.54,106.5,71.3,24.6,5.0,High Risk,High,Temperature Deviation
Maize,28.54,52.35,38.43,17.33,6.32,36.7,11.8,106.3,84.2,Healthy,Low,Rainfall Deviation
Maize,25.32,50.38,82.65,16.33,5.75,98.2,67.0,87.2,94.5,Healthy,Low,Humidity Deviation
Maize,22.52,74.12,115.4,11.86,7.33,74.3,44.0,31.5,98.0,Healthy,Low,Optimal Conditions
Maize,25.37,55.45,86.65,16.72,6.93,96.2,82.8,16.9,98.0,Healthy,Low,Optimal Conditions
Maize,15.64,84.8,135.32,27.97,5.61,123.1,57.6,50.2,64.9,At Risk,Moderate,Temperature Deviation
Maize,12.27,11.44,3.57,39.2,6.93,28.1,57.5,96.1,5.0,High Risk,High,Rainfall Deviation
Maize,17.72,20.26,5.42,36.01,5.78,134.3,45.5,33.3,28.7,High Risk,High,Rainfall Deviation
Maize,22.81,74.99,76.08,9.93,6.88,55.3,27.3,31.7,98.0,Healthy,Low,Optimal Conditions
Maize,21.06,55.37,108.28,7.07,7.16,115.7,53.0,47.5,98.0,Healthy,Low,Optimal Conditions
Maize,27.37,67.03,99.33,5.13,7.53,28.0,39.3,57.3,98.0,Healthy,Low,Optimal Conditions
Maize,24.97,70.06,109.4,18.19,6.47,95.7,16.4,66.2,98.0,Healthy,Low,Optimal Conditions
Maize,23.7,61.59,85.41,13.57,7.47,67.3,88.5,94.7,98.0,Healthy,Low,Optimal Conditions
Maize,33.77,55.99,114.76,16.09,7.37,54.0,64.9,85.8,84.9,Healthy,Low,Temperature Deviation
Maize,20.35,63.18,77.35,17.13,7.22,74.8,58.5,78.4,98.0,Healthy,Low,Optimal Conditions
Maize,13.54,93.46,190.94,39.27,6.86,112.2,86.9,67.5,19.6,High Risk,High,Humidity Deviation
Maize,24.41,64.58,113.82,10.92,7.59,78.2,87.9,15.9,98.0,Healthy,Low,Optimal Conditions
Maize,12.71,20.61,187.63,29.76,6.49,45.7,14.8,49.2,21.9,High Risk,High,Humidity Deviation
Maize,27.1,65.67,68.63,5.14,7.24,41.1,58.5,50.4,98.0,Healthy,Low,Optimal Conditions
Maize,29.34,50.74,97.69,16.45,5.31,65.1,15.1,110.9,94.9,Healthy,Low,Humidity Deviation
Maize,24.59,62.0,97.65,16.77,6.86,109.8,82.5,105.7,98.0,Healthy,Low,Optimal Conditions
Maize,21.44,92.42,71.37,21.56,6.96,126.0,49.7,47.9,73.9,At Risk,Moderate,Humidity Deviation
Maize,22.79,83.94,122.57,19.34,5.67,116.8,50.8,117.6,85.7,Healthy,Low,Humidity Deviation
Maize,24.81,63.96,67.25,11.39,5.99,39.2,32.6,39.5,98.0,Healthy,Low,Optimal Conditions
Maize,27.02,56.42,39.16,15.53,5.72,134.9,78.4,39.2,87.8,Healthy,Low,Rainfall Deviation
Maize,22.1,64.84,61.18,15.07,6.56,127.8,23.2,99.4,98.0,Healthy,Low,Optimal Conditions
Maize,21.08,46.44,111.0,25.51,6.11,33.3,32.3,96.0,89.7,Healthy,Low,Humidity Deviation
Maize,28.12,61.39,69.81,11.54,6.39,21.9,19.4,34.4,98.0,Healthy,Low,Optimal Conditions
Maize,23.42,74.29,90.55,14.41,6.16,58.8,11.9,67.5,98.0,Healthy,Low,Optimal Conditions
Maize,33.02,73.02,144.96,19.13,7.14,24.9,19.8,36.3,79.6,Healthy,Low,Temperature Deviation
Maize,28.46,61.93,99.28,15.64,6.71,62.9,56.2,50.9,98.0,Healthy,Low,Optimal Conditions
Maize,29.93,57.54,64.34,18.18,6.02,98.0,36.3,56.1,98.0,Healthy,Low,Optimal Conditions
Maize,23.43,63.21,103.22,12.67,7.56,25.0,50.2,76.3,98.0,Healthy,Low,Optimal Conditions
Maize,11.52,88.09,0.19,42.92,7.68,98.3,14.9,70.2,5.0,High Risk,High,Rainfall Deviation
Maize,18.37,88.32,65.54,21.13,7.26,123.3,59.2,16.3,74.3,At Risk,Moderate,Humidity Deviation
Maize,20.52,58.09,42.52,30.17,6.64,38.5,73.5,111.1,89.8,Healthy,Low,Rainfall Deviation
Maize,28.17,73.66,116.3,18.71,6.61,62.7,10.6,21.4,98.0,Healthy,Low,Optimal Conditions
Maize,23.99,58.69,83.73,7.62,7.34,55.8,57.9,67.8,98.0,Healthy,Low,Optimal Conditions
Maize,29.42,65.54,79.5,7.37,6.11,22.5,39.1,70.8,98.0,Healthy,Low,Optimal Conditions
Maize,12.14,96.06,276.6,27.93,6.46,81.7,76.3,61.6,5.0,High Risk,High,Rainfall Deviation
Maize,35.7,35.73,77.4,28.64,6.16,33.0,43.7,91.3,54.1,At Risk,Moderate,Humidity Deviation
Maize,22.06,57.95,107.82,5.94,6.95,64.0,70.5,116.3,98.0,Healthy,Low,Optimal Conditions
Maize,23.14,71.2,75.97,8.23,7.28,138.4,54.6,44.2,98.0,Healthy,Low,Optimal Conditions
Maize,21.7,70.24,106.41,18.13,5.36,87.4,27.1,50.8,98.0,Healthy,Low,Optimal Conditions
Maize,18.91,94.81,71.97,22.57,5.46,34.0,57.7,43.9,66.5,At Risk,Moderate,Humidity Deviation
Maize,24.3,66.09,79.72,15.81,6.85,59.9,70.4,83.1,98.0,Healthy,Low,Optimal Conditions
Maize,17.68,58.21,117.82,24.13,6.93,87.0,60.0,25.1,91.9,Healthy,Low,Temperature Deviation
Maize,5.24,23.98,2.51,47.05,6.12,56.1,56.3,67.3,5.0,High Risk,High,Temperature Deviation
Maize,32.22,49.28,60.52,23.17,6.0,102.1,73.6,26.9,84.3,Healthy,Low,Temperature Deviation
Maize,18.23,84.48,109.11,25.62,6.17,120.0,46.3,90.6,79.6,Healthy,Low,Humidity Deviation
Maize,28.46,69.71,72.7,7.18,6.06,137.1,30.5,62.9,98.0,Healthy,Low,Optimal Conditions
Maize,23.97,66.43,117.19,12.75,7.27,85.7,13.3,48.1,98.0,Healthy,Low,Optimal Conditions
Maize,24.63,45.72,68.05,26.32,7.07,41.4,76.0,44.0,88.9,Healthy,Low,Humidity Deviation
Maize,18.94,92.65,280.33,52.45,7.13,106.7,26.4,50.5,5.0,High Risk,High,Rainfall Deviation
Maize,31.15,50.91,25.22,18.34,5.38,32.2,58.1,106.8,70.2,At Risk,Moderate,Rainfall Deviation
Maize,24.51,73.22,108.86,12.8,7.15,82.7,22.6,28.1,98.0,Healthy,Low,Optimal Conditions
Maize,23.51,73.61,107.98,11.49,6.48,51.9,66.3,99.3,98.0,Healthy,Low,Optimal Conditions
Maize,20.42,67.48,93.75,11.03,6.85,86.1,30.0,56.8,98.0,Healthy,Low,Optimal Conditions
Maize,28.8,74.22,113.58,15.79,6.7,102.7,85.1,41.2,98.0,Healthy,Low,Optimal Conditions
Maize,28.29,89.72,63.13,23.58,6.27,43.8,86.9,68.7,77.9,Healthy,Low,Humidity Deviation
Maize,19.98,49.75,75.61,28.0,6.84,57.2,62.5,37.1,93.6,Healthy,Low,Humidity Deviation
Maize,22.4,66.14,66.49,19.0,6.1,46.3,49.7,44.1,98.0,Healthy,Low,Optimal Conditions
Maize,27.21,39.03,96.26,14.4,5.86,115.8,55.1,15.6,80.8,Healthy,Low,Humidity Deviation
Maize,24.08,57.28,100.57,15.53,7.03,107.4,10.0,115.2,98.0,Healthy,Low,Optimal Conditions
Maize,13.26,93.29,268.65,30.36,6.51,69.6,80.1,28.2,9.0,High Risk,High,Rainfall Deviation
Maize,36.29,17.52,208.99,57.97,5.45,68.3,11.9,49.6,5.0,High Risk,High,Humidity Deviation
Maize,23.66,78.18,84.37,19.93,6.5,82.5,45.9,41.9,95.2,Healthy,Low,Optimal Conditions
Maize,20.99,70.15,73.41,5.84,7.21,38.5,60.0,50.6,98.0,Healthy,Low,Optimal Conditions
Maize,24.14,55.3,110.46,12.7,5.63,48.4,45.8,34.8,98.0,Healthy,Low,Optimal Conditions
Maize,25.34,71.65,84.11,15.75,7.4,46.0,74.6,94.5,98.0,Healthy,Low,Optimal Conditions
Maize,29.9,60.25,75.29,16.58,6.34,59.7,24.3,95.4,98.0,Healthy,Low,Optimal Conditions
Maize,25.86,81.84,48.94,25.83,6.11,54.8,53.3,17.5,83.3,Healthy,Low,Humidity Deviation
Maize,24.18,73.86,103.29,6.32,7.33,107.9,58.9,101.1,98.0,Healthy,Low,Optimal Conditions
Maize,22.22,65.24,92.93,13.07,6.66,133.8,82.2,107.0,98.0,Healthy,Low,Optimal Conditions
Maize,29.88,21.87,269.76,51.8,6.48,125.7,41.8,43.2,5.0,High Risk,High,Rainfall Deviation
Maize,27.13,66.1,114.25,14.03,6.48,114.3,85.8,52.4,98.0,Healthy,Low,Optimal Conditions
Maize,26.16,64.98,119.35,11.94,5.48,137.3,77.5,33.7,98.0,Healthy,Low,Optimal Conditions
Maize,13.79,16.62,266.65,59.16,6.05,75.3,63.9,71.9,5.0,High Risk,High,Rainfall Deviation
Maize,34.19,19.06,282.75,44.63,5.85,118.7,33.6,89.1,5.0,High Risk,High,Rainfall Deviation
Maize,24.73,44.44,43.58,16.27,6.51,83.8,74.4,98.1,77.7,Healthy,Low,Humidity Deviation
Maize,34.79,79.62,130.77,30.3,5.44,23.5,24.3,118.6,70.3,At Risk,Moderate,Temperature Deviation
Maize,23.09,90.49,148.13,31.97,5.86,107.2,40.2,15.9,67.4,At Risk,Moderate,Humidity Deviation
Maize,24.61,64.77,61.35,15.3,6.01,87.2,34.1,32.5,98.0,Healthy,Low,Optimal Conditions
Maize,22.32,65.7,71.93,12.63,5.68,100.5,70.3,26.6,98.0,Healthy,Low,Optimal Conditions
Maize,21.49,83.26,73.85,18.26,7.66,23.6,89.9,80.5,87.6,Healthy,Low,Humidity Deviation
Maize,35.37,52.92,102.92,25.96,5.85,20.1,67.2,33.0,76.0,Healthy,Low,Temperature Deviation
Maize,22.38,62.6,88.55,5.67,7.63,105.9,35.9,48.5,98.0,Healthy,Low,Optimal Conditions
Maize,26.26,57.93,71.34,17.89,5.92,65.6,79.7,84.6,98.0,Healthy,Low,Optimal Conditions
Maize,26.84,55.39,104.14,12.31,7.25,134.6,84.1,110.5,98.0,Healthy,Low,Optimal Conditions
Maize,22.67,82.4,130.98,18.72,5.49,64.8,65.1,85.5,85.2,Healthy,Low,Humidity Deviation
Maize,20.08,70.06,66.38,6.24,5.31,71.9,50.3,82.0,98.0,Healthy,Low,Optimal Conditions
Maize,27.1,58.39,109.92,13.58,6.7,45.2,15.9,63.8,98.0,Healthy,Low,Optimal Conditions
Maize,18.89,92.18,76.42,16.34,5.68,85.3,52.6,23.0,70.3,At Risk,Moderate,Humidity Deviation
Maize,18.34,44.78,113.54,31.25,7.3,54.2,39.1,63.8,81.9,Healthy,Low,Humidity Deviation
Maize,45.41,11.17,2.27,40.43,6.82,112.9,12.7,77.3,5.0,High Risk,High,Temperature Deviation
Maize,23.46,61.96,88.14,10.01,5.56,37.5,12.7,64.4,98.0,Healthy,Low,Optimal Conditions
Maize,9.45,14.65,192.83,42.75,7.19,125.8,77.1,76.1,5.0,High Risk,High,Temperature Deviation
Maize,26.61,69.2,60.64,11.59,7.32,78.8,34.9,106.5,98.0,Healthy,Low,Optimal Conditions
Maize,22.06,68.75,81.15,15.7,5.68,50.3,22.5,115.1,98.0,Healthy,Low,Optimal Conditions
Maize,23.37,55.28,69.21,11.32,5.46,81.3,46.4,95.6,98.0,Healthy,Low,Optimal Conditions
Maize,31.03,37.45,110.53,15.32,6.26,22.3,71.8,32.9,74.8,At Risk,Moderate,Humidity Deviation
Maize,26.54,70.48,108.83,12.4,5.79,108.5,66.0,40.9,98.0,Healthy,Low,Optimal Conditions
Maize,12.7,91.2,7.22,34.76,6.43,130.1,41.0,74.1,19.4,High Risk,High,Rainfall Deviation
Maize,35.58,15.78,6.88,35.02,5.78,132.4,11.5,61.0,16.7,High Risk,High,Rainfall Deviation
Maize,24.84,65.02,79.3,6.98,6.2,100.7,72.6,70.7,98.0,Healthy,Low,Optimal Conditions
Maize,19.45,73.24,42.28,29.85,7.5,131.7,31.6,57.0,87.7,Healthy,Low,Rainfall Deviation
Maize,13.78,21.17,5.79,40.94,6.98,66.6,22.8,56.8,7.7,High Risk,High,Rainfall Deviation
Maize,20.31,80.1,95.07,10.45,7.61,75.5,43.0,41.9,92.3,Healthy,Low,Humidity Deviation
Maize,22.75,57.19,99.59,9.79,7.14,44.8,82.0,69.9,98.0,Healthy,Low,Optimal Conditions
Maize,24.01,59.14,71.98,12.6,6.91,129.4,50.2,116.4,98.0,Healthy,Low,Optimal Conditions
Maize,37.02,97.46,197.62,42.46,5.82,52.6,23.6,90.4,5.0,High Risk,High,Humidity Deviation
Maize,22.2,86.4,125.83,12.88,6.4,52.2,77.4,47.9,81.0,Healthy,Low,Humidity Deviation
Maize,13.63,91.43,231.02,54.82,6.94,51.8,65.0,98.2,5.0,High Risk,High,Rainfall Deviation
Maize,20.36,73.66,80.71,6.6,6.48,112.2,27.7,43.3,98.0,Healthy,Low,Optimal Conditions
Maize,29.92,58.95,94.53,18.88,5.65,136.5,85.8,107.9,98.0,Healthy,Low,Optimal Conditions
Maize,26.34,70.22,119.16,7.71,7.14,60.7,24.1,59.2,98.0,Healthy,Low,Optimal Conditions
Maize,17.0,83.29,22.73,19.5,5.43,31.5,62.7,82.9,55.3,At Risk,Moderate,Rainfall Deviation
Maize,20.01,56.58,105.78,13.77,5.39,78.6,67.0,106.2,98.0,Healthy,Low,Optimal Conditions
Maize,17.4,90.2,4.66,52.64,7.07,95.0,88.9,71.0,10.8,High Risk,High,Rainfall Deviation
Maize,28.28,60.04,106.64,19.36,6.97,91.5,46.8,53.3,98.0,Healthy,Low,Optimal Conditions
Maize,26.36,70.03,100.71,7.98,6.49,115.0,48.1,71.3,98.0,Healthy,Low,Optimal Conditions
Maize,25.55,87.35,50.12,27.36,6.16,34.2,89.7,97.7,75.7,Healthy,Low,Humidity Deviation
Maize,28.23,68.61,107.4,17.23,5.5,94.8,10.5,19.6,98.0,Healthy,Low,Optimal Conditions
Maize,35.13,93.3,4.83,30.42,7.34,82.6,84.7,99.6,19.9,High Risk,High,Rainfall Deviation
Maize,17.13,34.83,125.66,22.76,5.71,51.4,49.7,58.9,63.9,At Risk,Moderate,Humidity Deviation
Maize,30.0,92.73,119.72,29.61,7.23,42.1,33.7,90.3,73.4,At Risk,Moderate,Humidity Deviation
Maize,28.12,69.38,103.78,6.5,7.02,101.6,76.5,19.4,98.0,Healthy,Low,Optimal Conditions
Maize,23.73,57.98,93.5,18.76,6.24,121.4,10.0,32.7,98.0,Healthy,Low,Optimal Conditions
Maize,23.28,73.16,65.82,14.1,6.38,132.6,19.8,37.3,98.0,Healthy,Low,Optimal Conditions
Maize,24.34,60.56,112.19,14.07,6.77,83.8,17.3,61.7,98.0,Healthy,Low,Optimal Conditions
Maize,8.68,98.8,0.03,52.54,6.79,29.9,75.9,86.1,5.0,High Risk,High,Temperature Deviation
Maize,20.8,71.74,64.73,6.37,6.33,36.2,83.1,64.4,98.0,Healthy,Low,Optimal Conditions
Maize,30.23,85.81,69.6,24.67,5.86,90.6,55.7,65.8,82.8,Healthy,Low,Humidity Deviation
Maize,32.19,81.64,67.99,28.3,7.54,110.0,77.4,64.4,81.3,Healthy,Low,Humidity Deviation
Maize,23.93,67.32,67.45,13.69,6.9,72.7,86.3,78.9,98.0,Healthy,Low,Optimal Conditions
Maize,24.79,68.51,79.42,6.19,6.7,133.7,48.8,110.1,98.0,Healthy,Low,Optimal Conditions
Maize,44.75,15.96,201.59,46.25,6.44,123.9,12.6,82.6,5.0,High Risk,High,Temperature Deviation
Maize,33.85,37.74,52.02,22.32,6.33,135.9,58.3,93.7,59.2,At Risk,Moderate,Humidity Deviation
Maize,36.42,12.28,204.27,25.19,7.66,125.3,81.6,84.2,16.2,High Risk,High,Humidity Deviation
Maize,28.94,60.83,93.76,6.5,7.51,36.9,28.0,73.6,98.0,Healthy,Low,Optimal Conditions
Maize,20.09,53.35,141.21,20.25,6.53,36.4,37.3,34.7,90.9,Healthy,Low,Rainfall Deviation
Maize,11.36,94.42,234.33,48.84,7.11,80.4,81.5,113.3,5.0,High Risk,High,Rainfall Deviation
Maize,32.98,93.75,4.42,56.81,5.35,61.8,67.5,95.5,5.0,High Risk,High,Rainfall Deviation
Maize,20.17,67.36,63.79,6.62,6.86,57.5,37.8,66.1,98.0,Healthy,Low,Optimal Conditions
Maize,37.57,20.81,252.82,59.35,6.11,104.4,27.8,42.4,5.0,High Risk,High,Rainfall Deviation
Maize,18.46,58.55,42.15,24.72,7.09,129.9,86.6,16.1,84.2,Healthy,Low,Rainfall Deviation
Maize,42.42,97.03,8.37,48.86,7.68,47.9,59.9,63.3,5.0,High Risk,High,Temperature Deviation
Maize,20.14,57.38,98.95,13.51,6.63,23.8,47.5,112.1,98.0,Healthy,Low,Optimal Conditions
Maize,26.25,70.6,107.04,12.79,7.36,67.0,81.1,40.2,98.0,Healthy,Low,Optimal Conditions
Maize,20.53,70.91,85.02,8.44,5.86,128.2,76.7,73.1,98.0,Healthy,Low,Optimal Conditions
Maize,30.25,75.25,83.73,20.16,5.35,47.3,48.0,59.6,98.0,Healthy,Low,Optimal Conditions
Maize,9.94,19.4,4.11,38.16,6.84,79.4,77.9,106.8,5.0,High Risk,High,Temperature Deviation
Maize,21.36,67.61,78.07,5.28,7.43,47.2,84.3,90.3,98.0,Healthy,Low,Optimal Conditions
Maize,22.94,48.53,145.98,25.9,6.85,107.4,48.2,68.0,83.6,Healthy,Low,Rainfall Deviation
Maize,15.87,96.62,5.02,28.19,6.93,107.0,87.2,42.3,21.0,High Risk,High,Humidity Deviation
Maize,25.46,69.14,107.42,7.91,5.93,81.5,36.4,105.4,98.0,Healthy,Low,Optimal Conditions
Maize,28.68,56.64,49.66,21.13,6.11,107.1,50.8,28.6,94.0,Healthy,Low,Rainfall Deviation
Maize,12.28,88.36,143.78,10.26,6.71,80.2,79.9,23.8,45.0,High Risk,High,Temperature Deviation
Maize,21.56,33.49,23.13,17.93,7.25,93.4,72.3,90.5,52.7,At Risk,Moderate,Humidity Deviation
Maize,31.64,90.06,110.31,30.36,7.29,33.1,18.6,59.9,70.8,At Risk,Moderate,Humidity Deviation
Maize,26.19,57.87,91.34,5.11,6.06,101.3,48.7,117.7,98.0,Healthy,Low,Optimal Conditions
Maize,32.59,21.08,299.75,49.97,5.31,25.6,10.3,82.8,5.0,High Risk,High,Rainfall Deviation
Maize,22.98,73.25,71.57,10.84,7.56,71.3,54.4,23.4,98.0,Healthy,Low,Optimal Conditions
Maize,16.77,87.07,108.66,15.12,6.48,124.7,67.0,75.9,70.6,At Risk,Moderate,Humidity Deviation
Maize,26.94,58.33,107.18,8.75,6.3,62.1,78.7,28.3,98.0,Healthy,Low,Optimal Conditions
Maize,33.57,48.24,107.72,21.69,5.78,54.2,71.2,64.4,77.6,Healthy,Low,Temperature Deviation
Jute,30.85,83.06,220.02,7.35,7.35,91.9,14.6,96.6,98.0,Healthy,Low,Optimal Conditions
Jute,27.63,78.96,165.0,10.07,7.52,34.9,87.6,73.3,98.0,Healthy,Low,Optimal Conditions
Jute,25.44,81.83,202.29,5.8,6.11,115.5,14.0,104.8,98.0,Healthy,Low,Optimal Conditions
Jute,41.14,50.48,158.44,29.5,6.85,97.6,53.6,20.4,52.0,At Risk,Moderate,Temperature Deviation
Jute,23.66,90.81,237.14,24.19,6.49,118.1,55.4,19.4,97.6,Healthy,Low,Optimal Conditions
Jute,33.51,81.26,243.54,6.09,6.24,43.2,54.3,55.2,98.0,Healthy,Low,Optimal Conditions
Jute,31.07,80.73,155.72,12.2,7.36,44.6,33.4,51.3,98.0,Healthy,Low,Optimal Conditions
Jute,29.7,98.0,296.68,17.99,6.22,80.1,46.5,51.2,80.5,Healthy,Low,Humidity Deviation
Jute,33.9,98.0,177.41,11.06,5.5,92.0,32.7,107.5,88.0,Healthy,Low,Humidity Deviation
Jute,27.19,75.39,138.83,13.72,5.92,71.0,46.9,17.2,98.0,Healthy,Low,Optimal Conditions
Jute,29.72,83.92,242.48,7.69,5.76,26.3,44.9,80.4,98.0,Healthy,Low,Optimal Conditions
Jute,21.93,91.24,4.99,33.8,7.24,112.3,29.6,20.2,57.3,At Risk,Moderate,Rainfall Deviation
Jute,47.81,18.0,0.09,49.88,6.26,81.1,69.8,63.6,5.0,High Risk,High,Temperature Deviation
Jute,27.48,53.27,122.17,21.28,7.28,52.8,19.7,73.4,79.9,Healthy,Low,Humidity Deviation
Jute,28.87,82.94,184.24,14.3,6.86,108.8,66.5,71.1,98.0,Healthy,Low,Optimal Conditions
Jute,28.84,98.0,303.06,10.95,6.93,122.4,41.9,46.8,79.5,Healthy,Low,Humidity Deviation
Jute,20.34,67.51,281.33,26.88,7.76,69.1,86.2,105.9,79.2,Healthy,Low,Temperature Deviation
Jute,25.75,78.71,172.25,13.64,6.96,110.0,50.8,26.0,98.0,Healthy,Low,Optimal Conditions
Jute,40.67,10.13,2.31,43.37,6.86,67.0,34.8,41.4,5.0,High Risk,High,Rainfall Deviation
Jute,29.06,73.84,149.23,9.07,6.62,98.3,78.5,45.1,98.0,Healthy,Low,Optimal Conditions
Jute,28.17,87.89,121.28,15.17,6.69,39.3,35.7,38.6,98.0,Healthy,Low,Optimal Conditions
Jute,45.32,90.79,458.68,46.33,5.73,76.9,25.5,36.9,7.1,High Risk,High,Temperature Deviation
Jute,29.53,67.69,155.9,29.6,6.14,131.7,57.5,99.1,97.2,Healthy,Low,Optimal Conditions
Jute,26.33,88.22,241.31,12.46,5.52,33.2,55.8,17.5,98.0,Healthy,Low,Optimal Conditions
Jute,27.34,84.29,127.23,12.33,6.95,94.1,42.4,47.0,98.0,Healthy,Low,Optimal Conditions
Jute,36.68,64.53,172.81,20.45,7.86,45.7,15.9,108.6,86.7,Healthy,Low,Temperature Deviation
Jute,44.2,15.43,470.59,31.33,6.85,53.0,68.5,102.4,5.0,High Risk,High,Temperature Deviation
Jute,21.48,66.69,259.37,12.18,7.77,45.8,26.4,34.1,85.7,Healthy,Low,Temperature Deviation
Jute,32.49,87.5,199.84,7.82,6.21,77.1,86.3,41.0,98.0,Healthy,Low,Optimal Conditions
Jute,24.74,97.04,208.63,12.82,6.06,117.3,80.3,22.5,89.4,Healthy,Low,Humidity Deviation
Jute,32.19,72.67,137.29,5.34,5.62,51.6,15.2,53.7,98.0,Healthy,Low,Optimal Conditions
Jute,44.05,11.74,7.5,59.04,5.59,54.2,25.6,16.2,5.0,High Risk,High,Temperature Deviation
Jute,31.47,74.62,186.17,18.32,7.23,67.4,39.8,62.9,98.0,Healthy,Low,Optimal Conditions
Jute,30.97,77.28,230.81,16.35,7.03,63.7,26.8,96.5,98.0,Healthy,Low,Optimal Conditions
Jute,22.87,52.92,245.14,10.41,7.58,41.0,51.2,42.5,75.6,Healthy,Low,Humidity Deviation
Jute,36.95,49.33,92.06,25.62,5.62,68.9,66.4,38.8,59.2,At Risk,Moderate,Humidity Deviation
Jute,19.06,98.0,160.49,10.05,7.72,52.4,63.4,99.7,70.7,At Risk,Moderate,Temperature Deviation
Jute,28.87,79.88,160.58,12.23,6.29,63.3,63.5,81.4,98.0,Healthy,Low,Optimal Conditions
Jute,33.87,87.26,186.18,11.5,6.44,104.9,63.7,35.6,98.0,Healthy,Low,Optimal Conditions
Jute,37.14,58.54,281.71,31.7,5.72,55.0,39.8,96.5,72.6,At Risk,Moderate,Humidity Deviation
Jute,23.31,61.61,73.77,25.89,7.31,100.0,20.8,57.8,74.1,At Risk,Moderate,Rainfall Deviation
Jute,32.98,83.1,185.94,10.15,5.96,32.8,87.5,36.0,98.0,Healthy,Low,Optimal Conditions
Jute,34.58,80.98,223.57,5.66,6.92,67.8,71.8,19.0,98.0,Healthy,Low,Optimal Conditions
Jute,32.79,80.45,191.51,6.46,5.83,101.2,64.0,117.8,98.0,Healthy,Low,Optimal Conditions
Jute,26.01,92.48,67.46,27.91,7.02,133.9,37.2,26.4,81.0,Healthy,Low,Rainfall Deviation
Jute,33.24,98.0,273.17,31.99,7.98,109.3,69.2,41.0,84.3,Healthy,Low,Humidity Deviation
Jute,24.55,88.89,4.05,49.31,5.64,54.1,75.5,23.4,44.7,High Risk,High,Rainfall Deviation
Jute,47.11,17.22,0.66,58.45,7.5,100.2,53.1,98.2,5.0,High Risk,High,Temperature Deviation
Jute,34.27,97.01,168.4,14.45,7.73,123.1,16.1,26.2,89.5,Healthy,Low,Humidity Deviation
Jute,35.33,95.42,232.97,12.35,7.81,116.6,28.4,41.9,90.5,Healthy,Low,Humidity Deviation
Jute,27.26,81.69,174.71,19.54,5.64,91.0,78.7,65.5,98.0,Healthy,Low,Optimal Conditions
Jute,26.67,76.48,245.58,18.68,7.87,119.1,38.1,110.1,98.0,Healthy,Low,Optimal Conditions
Jute,22.29,13.35,9.46,49.58,6.89,122.4,35.2,70.0,9.9,High Risk,High,Rainfall Deviation
Jute,20.54,93.78,67.62,18.57,6.53,39.1,83.8,15.3,66.9,At Risk,Moderate,Rainfall Deviation
Jute,14.88,18.54,450.06,35.5,6.03,24.5,13.4,106.4,5.3,High Risk,High,Rainfall Deviation
Jute,28.23,70.2,290.13,21.39,7.73,90.6,83.4,72.4,93.6,Healthy,Low,Rainfall Deviation
Jute,31.17,60.47,239.78,24.87,7.9,50.4,80.0,112.0,88.6,Healthy,Low,Humidity Deviation
Jute,31.8,50.3,251.25,10.75,7.61,75.9,17.5,89.2,76.2,Healthy,Low,Humidity Deviation
Jute,25.56,83.17,218.31,30.33,7.44,88.9,65.7,112.1,98.0,Healthy,Low,Optimal Conditions
Jute,32.73,62.33,290.27,21.87,7.66,35.9,57.6,62.2,84.4,Healthy,Low,Humidity Deviation
Jute,26.78,77.45,134.06,8.77,6.18,106.5,13.9,83.4,98.0,Healthy,Low,Optimal Conditions
Jute,24.9,76.02,149.18,13.28,6.39,135.9,87.1,61.6,98.0,Healthy,Low,Optimal Conditions
Jute,32.05,84.48,117.79,23.6,7.3,67.0,82.4,73.8,98.0,Healthy,Low,Optimal Conditions
Jute,38.6,87.25,182.78,22.95,5.53,27.2,89.4,22.6,85.6,Healthy,Low,Temperature Deviation
Jute,27.88,89.39,161.43,11.15,7.09,22.9,81.8,69.5,98.0,Healthy,Low,Optimal Conditions
Jute,25.62,73.73,156.61,19.66,7.37,44.6,39.7,81.6,98.0,Healthy,Low,Optimal Conditions
Jute,31.95,86.71,171.89,11.72,7.63,113.1,33.1,49.0,98.0,Healthy,Low,Optimal Conditions
Jute,33.83,98.0,209.53,12.56,6.01,30.1,59.6,30.5,88.0,Healthy,Low,Humidity Deviation
Jute,24.16,85.64,225.6,7.43,7.35,72.0,29.2,80.2,98.0,Healthy,Low,Optimal Conditions
Jute,32.33,70.95,244.69,6.08,6.95,128.3,11.0,67.3,98.0,Healthy,Low,Optimal Conditions
Jute,30.38,74.51,128.44,14.39,6.54,94.7,26.8,50.6,98.0,Healthy,Low,Optimal Conditions
Jute,36.37,87.6,308.45,27.5,6.96,100.6,89.2,24.5,85.1,Healthy,Low,Rainfall Deviation
Jute,38.62,86.44,78.64,22.52,7.35,114.0,34.1,68.8,73.5,At Risk,Moderate,Temperature Deviation
Jute,26.28,88.87,170.19,18.44,5.85,105.2,62.9,19.6,98.0,Healthy,Low,Optimal Conditions
Jute,15.18,16.41,475.36,42.28,7.24,52.5,33.7,103.4,5.0,High Risk,High,Rainfall Deviation
Jute,31.0,77.88,158.79,14.86,7.59,87.0,12.5,63.4,98.0,Healthy,Low,Optimal Conditions
Jute,32.39,64.24,200.77,27.01,6.69,62.1,38.9,104.5,93.1,Healthy,Low,Humidity Deviation
Jute,22.46,74.12,174.23,18.8,5.59,118.5,53.7,50.5,94.6,Healthy,Low,Temperature Deviation
Jute,30.53,74.16,162.1,14.55,7.7,83.9,70.7,95.1,98.0,Healthy,Low,Optimal Conditions
Jute,23.61,64.23,81.58,15.4,7.91,21.0,80.4,36.0,80.5,Healthy,Low,Rainfall Deviation
Jute,40.07,97.95,5.54,33.89,6.27,120.1,34.7,58.1,34.4,High Risk,High,Rainfall Deviation
Jute,25.28,70.78,214.19,14.68,6.21,55.5,85.6,118.7,98.0,Healthy,Low,Optimal Conditions
Jute,26.06,83.73,124.85,20.01,6.39,133.7,58.2,75.8,98.0,Healthy,Low,Optimal Conditions
Jute,24.51,88.9,160.79,11.64,5.79,120.4,12.2,102.6,98.0,Healthy,Low,Optimal Conditions
Jute,33.75,84.6,141.41,13.49,6.28,41.4,78.7,57.4,98.0,Healthy,Low,Optimal Conditions
Jute,25.87,77.66,233.31,10.45,7.88,133.6,21.6,33.6,98.0,Healthy,Low,Optimal Conditions
Jute,24.31,95.19,1.33,58.88,6.3,24.5,38.9,16.8,32.6,High Risk,High,Rainfall Deviation
Jute,32.28,88.74,131.37,13.37,6.13,36.7,27.5,75.7,98.0,Healthy,Low,Optimal Conditions
Jute,28.78,72.7,155.45,7.86,7.71,105.0,79.5,55.3,98.0,Healthy,Low,Optimal Conditions
Jute,28.19,70.37,214.21,10.25,6.28,91.8,44.9,118.0,98.0,Healthy,Low,Optimal Conditions
Jute,30.75,76.23,248.78,11.68,7.09,35.2,68.6,43.3,98.0,Healthy,Low,Optimal Conditions
Jute,33.71,89.41,175.19,17.52,5.63,121.7,60.4,66.3,98.0,Healthy,Low,Optimal Conditions
Jute,13.53,16.25,6.75,57.39,6.44,110.9,52.4,88.9,5.0,High Risk,High,Temperature Deviation
Jute,34.36,80.6,228.07,10.48,5.75,100.8,10.6,64.9,98.0,Healthy,Low,Optimal Conditions
Jute,30.9,89.59,180.37,17.26,6.77,79.5,84.4,108.4,98.0,Healthy,Low,Optimal Conditions
Jute,23.71,63.03,244.13,26.68,6.48,119.2,31.4,44.1,90.6,Healthy,Low,Humidity Deviation
Jute,33.04,92.85,73.17,11.79,7.07,60.4,63.8,18.4,82.1,Healthy,Low,Rainfall Deviation
Jute,31.55,74.25,231.49,5.88,6.04,139.8,44.6,88.8,98.0,Healthy,Low,Optimal Conditions
Jute,30.71,84.52,160.88,17.43,7.01,66.7,54.6,75.6,98.0,Healthy,Low,Optimal Conditions
Jute,28.43,76.87,172.12,16.42,6.71,132.8,33.5,58.6,98.0,Healthy,Low,Optimal Conditions
Jute,39.35,59.44,319.14,17.13,6.79,125.6,38.4,26.5,58.8,At Risk,Moderate,Temperature Deviation
Jute,39.06,94.58,474.23,46.97,6.44,36.9,66.7,104.7,23.0,High Risk,High,Rainfall Deviation
Jute,27.31,98.0,243.06,31.2,6.0,31.4,19.6,97.2,88.0,Healthy,Low,Humidity Deviation
Jute,26.47,77.06,203.89,13.2,7.36,60.7,46.2,25.7,98.0,Healthy,Low,Optimal Conditions
Jute,29.08,76.03,199.66,5.65,5.8,123.8,55.3,89.8,98.0,Healthy,Low,Optimal Conditions
Jute,44.43,18.47,4.9,39.49,6.13,124.4,44.6,99.9,5.0,High Risk,High,Temperature Deviation
Jute,24.04,79.91,133.03,16.32,6.19,73.2,17.0,45.1,98.0,Healthy,Low,Optimal Conditions
Jute,30.79,98.0,183.11,17.82,7.35,81.2,29.5,50.2,88.0,Healthy,Low,Humidity Deviation
Jute,15.45,23.5,8.12,43.02,5.83,45.8,62.5,55.4,5.0,High Risk,High,Rainfall Deviation
Jute,22.35,23.37,1.67,54.34,7.64,119.7,73.9,53.0,5.0,High Risk,High,Rainfall Deviation
Jute,34.22,76.14,171.79,15.49,6.23,118.3,15.6,98.1,98.0,Healthy,Low,Optimal Conditions
Jute,35.72,95.96,318.99,25.74,7.71,58.4,40.5,79.4,77.1,Healthy,Low,Rainfall Deviation
Jute,18.17,98.0,44.59,18.42,6.82,101.4,32.9,41.5,45.6,High Risk,High,Rainfall Deviation
Jute,29.51,89.02,219.07,11.44,5.64,40.2,46.5,100.5,98.0,Healthy,Low,Optimal Conditions
Jute,29.92,87.84,238.79,8.24,5.61,56.6,65.7,114.9,98.0,Healthy,Low,Optimal Conditions
Jute,24.31,87.68,217.26,19.88,6.49,69.9,23.8,27.2,98.0,Healthy,Low,Optimal Conditions
Jute,29.9,97.95,98.82,11.29,7.32,59.5,62.3,44.4,81.9,Healthy,Low,Humidity Deviation
Jute,41.06,64.26,290.75,22.14,6.67,138.1,54.6,84.4,62.4,At Risk,Moderate,Temperature Deviation
Jute,28.2,81.89,129.07,8.84,5.99,21.9,53.0,73.9,98.0,Healthy,Low,Optimal Conditions
Jute,26.96,83.04,137.51,12.78,7.42,39.7,70.3,94.9,98.0,Healthy,Low,Optimal Conditions
Jute,24.21,89.48,145.14,17.33,6.9,51.7,20.4,67.2,98.0,Healthy,Low,Optimal Conditions
Jute,31.69,88.08,224.68,9.12,7.7,120.0,84.3,63.2,98.0,Healthy,Low,Optimal Conditions
Jute,30.3,62.67,113.67,12.51,6.83,123.0,68.9,37.6,89.4,Healthy,Low,Humidity Deviation
Jute,29.59,86.2,229.09,18.65,6.77,103.3,18.9,74.4,98.0,Healthy,Low,Optimal Conditions
Jute,28.75,82.68,153.41,5.78,5.53,22.7,10.7,26.6,98.0,Healthy,Low,Optimal Conditions
Jute,26.43,89.74,159.78,6.91,6.86,123.0,64.2,46.1,98.0,Healthy,Low,Optimal Conditions
Jute,38.36,64.34,217.36,19.31,7.62,100.4,68.6,76.7,79.8,Healthy,Low,Temperature Deviation
Jute,32.35,71.36,207.51,19.96,7.45,54.9,32.2,85.1,98.0,Healthy,Low,Optimal Conditions
Jute,41.79,88.33,450.05,31.79,5.9,48.9,51.2,74.8,40.8,High Risk,High,Rainfall Deviation
Jute,32.32,76.19,239.88,14.85,6.59,114.8,75.4,45.5,98.0,Healthy,Low,Optimal Conditions
Jute,34.3,73.29,125.48,11.81,7.5,112.6,83.6,71.0,98.0,Healthy,Low,Optimal Conditions
Jute,30.48,85.57,132.13,7.59,5.53,91.2,80.9,85.4,98.0,Healthy,Low,Optimal Conditions
Jute,37.72,98.17,597.33,58.39,7.76,114.8,42.6,74.3,11.9,High Risk,High,Rainfall Deviation
Jute,40.81,58.98,63.04,11.79,5.55,95.4,60.4,118.6,46.9,High Risk,High,Temperature Deviation
Jute,27.65,82.49,227.33,19.05,7.51,71.2,60.8,104.9,98.0,Healthy,Low,Optimal Conditions
Jute,32.21,93.0,95.44,24.18,7.0,62.0,45.5,21.8,88.3,Healthy,Low,Rainfall Deviation
Jute,20.26,98.0,207.61,24.99,6.54,104.2,70.5,96.9,74.9,At Risk,Moderate,Temperature Deviation
Jute,25.05,55.01,202.5,12.53,5.62,88.0,29.4,92.1,82.0,Healthy,Low,Humidity Deviation
Jute,31.28,98.0,217.57,15.25,7.22,87.9,16.2,32.1,88.0,Healthy,Low,Humidity Deviation
Jute,26.04,85.84,174.09,6.4,6.71,30.9,20.3,40.2,98.0,Healthy,Low,Optimal Conditions
Jute,37.5,91.6,7.22,25.69,5.79,121.3,77.6,49.6,54.7,At Risk,Moderate,Rainfall Deviation
Jute,31.75,77.2,125.91,7.37,5.84,90.7,81.8,98.3,98.0,Healthy,Low,Optimal Conditions
Jute,30.34,97.28,146.35,13.48,7.65,73.7,83.4,64.1,89.1,Healthy,Low,Humidity Deviation
Jute,25.56,70.07,189.18,6.61,6.48,90.7,32.1,33.4,98.0,Healthy,Low,Optimal Conditions
Jute,34.7,46.36,283.26,31.7,6.87,28.5,53.3,108.7,66.3,At Risk,Moderate,Humidity Deviation
Jute,22.95,76.18,304.85,31.12,6.32,126.3,77.8,37.1,87.5,Healthy,Low,Rainfall Deviation
Jute,38.33,89.07,293.29,16.52,6.78,100.1,12.1,54.6,79.8,Healthy,Low,Temperature Deviation
Jute,33.24,49.96,213.06,28.72,6.89,44.8,59.9,52.6,76.0,Healthy,Low,Humidity Deviation
Jute,21.55,20.96,8.08,47.43,6.81,127.9,68.1,68.5,10.1,High Risk,High,Rainfall Deviation
Jute,28.45,74.53,122.25,13.62,6.03,45.0,20.0,34.9,98.0,Healthy,Low,Optimal Conditions
Jute,31.42,78.03,193.0,14.55,7.93,28.2,43.4,40.8,98.0,Healthy,Low,Optimal Conditions
Jute,18.71,98.0,265.21,11.14,6.03,28.9,33.1,80.9,67.0,At Risk,Moderate,Temperature Deviation
Jute,36.46,86.41,160.55,17.6,6.35,128.0,14.0,51.8,94.1,Healthy,Low,Temperature Deviation
Jute,24.32,72.26,176.06,15.3,6.22,122.0,45.0,116.7,98.0,Healthy,Low,Optimal Conditions
Jute,41.0,22.3,563.23,52.61,7.4,61.9,46.3,77.5,5.0,High Risk,High,Rainfall Deviation
Jute,39.12,94.37,528.35,36.12,6.08,125.5,76.9,39.1,35.3,High Risk,High,Rainfall Deviation
Jute,32.85,82.31,133.11,13.81,6.63,112.9,26.7,62.6,98.0,Healthy,Low,Optimal Conditions
Jute,34.53,85.57,215.77,15.35,6.56,130.8,15.8,99.3,98.0,Healthy,Low,Optimal Conditions
Jute,27.56,80.39,221.75,17.58,6.96,68.4,85.7,40.9,98.0,Healthy,Low,Optimal Conditions
Jute,46.77,94.09,1.04,26.37,7.97,99.7,64.5,19.0,14.2,High Risk,High,Temperature Deviation
Jute,23.04,57.65,284.0,30.32,7.1,118.5,14.7,110.1,76.4,Healthy,Low,Humidity Deviation
Jute,26.82,71.07,245.5,17.78,7.78,121.7,48.4,112.0,98.0,Healthy,Low,Optimal Conditions
Jute,39.98,21.44,8.62,37.31,6.08,94.0,50.7,119.1,14.1,High Risk,High,Rainfall Deviation
Jute,12.96,95.46,3.28,41.34,5.75,60.3,40.3,63.9,9.6,High Risk,High,Temperature Deviation
Jute,32.74,86.96,135.32,31.31,7.43,127.8,36.7,119.2,98.0,Healthy,Low,Optimal Conditions
Jute,24.58,87.11,240.54,6.36,5.78,24.0,18.4,37.0,98.0,Healthy,Low,Optimal Conditions
Jute,12.78,15.62,453.64,58.49,6.25,138.8,60.6,40.4,5.0,High Risk,High,Temperature Deviation
Jute,32.14,78.93,128.91,7.53,7.48,97.8,55.6,32.6,98.0,Healthy,Low,Optimal Conditions
Jute,13.68,96.15,611.24,42.07,7.97,45.7,43.4,45.6,5.0,High Risk,High,Rainfall Deviation
Jute,34.63,88.72,301.59,14.62,7.95,104.2,49.7,60.2,91.7,Healthy,Low,Rainfall Deviation
Jute,14.87,15.17,597.2,58.55,5.93,106.4,59.2,86.4,5.0,High Risk,High,Rainfall Deviation
Jute,27.45,83.68,148.02,11.29,5.97,21.0,87.6,60.3,98.0,Healthy,Low,Optimal Conditions
Jute,40.11,11.02,1.13,26.72,5.76,35.4,17.3,33.7,14.9,High Risk,High,Rainfall Deviation
Jute,25.56,76.47,215.89,24.56,6.67,117.4,22.5,97.9,98.0,Healthy,Low,Optimal Conditions
Jute,26.13,83.12,231.14,8.79,6.32,84.5,26.9,100.2,98.0,Healthy,Low,Optimal Conditions
Jute,27.23,67.6,144.92,13.26,7.53,70.5,71.2,115.2,97.1,Healthy,Low,Optimal Conditions
Jute,15.54,96.26,8.64,56.53,6.28,88.9,50.1,66.4,5.0,High Risk,High,Rainfall Deviation
Jute,29.98,98.0,217.71,26.23,5.82,65.8,56.8,92.4,88.0,Healthy,Low,Humidity Deviation
Jute,26.87,80.76,189.27,14.56,6.26,84.9,25.2,34.6,98.0,Healthy,Low,Optimal Conditions
Jute,26.92,93.88,221.22,12.22,5.78,88.8,72.5,53.5,94.2,Healthy,Low,Humidity Deviation
Jute,15.77,94.28,523.4,55.06,7.13,42.7,15.0,59.6,5.0,High Risk,High,Rainfall Deviation
Jute,27.5,77.36,168.83,19.69,6.26,51.8,20.4,68.7,98.0,Healthy,Low,Optimal Conditions
Jute,30.78,73.1,194.97,17.39,5.61,70.4,46.9,98.1,98.0,Healthy,Low,Optimal Conditions
Jute,34.39,87.09,213.95,13.79,7.41,138.8,72.2,46.1,98.0,Healthy,Low,Optimal Conditions
Jute,26.39,72.73,191.67,14.08,7.26,101.6,33.4,49.7,98.0,Healthy,Low,Optimal Conditions
Jute,33.74,85.85,224.49,10.35,6.64,23.0,55.6,68.2,98.0,Healthy,Low,Optimal Conditions
Jute,18.3,91.7,6.21,47.95,6.86,111.9,77.2,99.7,24.9,High Risk,High,Rainfall Deviation
Jute,26.05,83.1,168.85,19.74,7.16,134.8,26.1,105.7,98.0,Healthy,Low,Optimal Conditions
Jute,34.89,73.15,187.12,16.89,6.58,76.2,88.9,59.7,98.0,Healthy,Low,Optimal Conditions
Jute,33.82,54.26,323.24,17.13,6.09,59.7,86.4,50.0,69.4,At Risk,Moderate,Humidity Deviation
Jute,34.13,68.93,170.51,19.38,7.86,46.1,30.5,25.6,98.0,Healthy,Low,Optimal Conditions
Jute,18.87,55.39,207.42,16.65,7.09,89.7,72.8,45.9,64.5,At Risk,Moderate,Temperature Deviation
Jute,35.7,61.57,198.53,22.79,5.83,136.1,74.9,26.5,87.1,Healthy,Low,Humidity Deviation
Jute,30.54,76.9,124.54,13.12,6.47,32.1,74.2,111.1,98.0,Healthy,Low,Optimal Conditions
Jute,32.33,72.17,218.4,20.77,6.48,30.8,60.0,67.0,98.0,Healthy,Low,Optimal Conditions
Jute,29.21,85.51,224.22,14.74,6.67,89.1,40.8,28.3,98.0,Healthy,Low,Optimal Conditions
Jute,29.83,81.98,241.65,16.66,5.88,40.9,18.0,92.5,98.0,Healthy,Low,Optimal Conditions
Jute,18.65,98.0,303.05,30.69,6.0,57.2,29.2,52.7,60.8,At Risk,Moderate,Temperature Deviation
Jute,17.6,94.19,554.7,31.09,7.61,54.1,67.2,74.6,31.3,High Risk,High,Rainfall Deviation
Jute,49.26,92.52,436.18,57.1,6.49,41.6,32.8,62.8,5.0,High Risk,High,Temperature Deviation
Jute,26.57,84.72,121.02,13.09,7.48,51.9,58.3,85.2,98.0,Healthy,Low,Optimal Conditions
Jute,17.52,55.05,151.9,22.29,6.45,123.6,62.8,90.7,59.4,At Risk,Moderate,Temperature Deviation
Jute,33.71,73.34,148.96,6.92,6.6,126.5,30.2,54.2,98.0,Healthy,Low,Optimal Conditions
Jute,21.3,94.51,9.87,50.28,7.04,38.1,76.9,113.3,28.8,High Risk,High,Rainfall Deviation
Jute,29.37,75.18,218.09,15.82,5.85,125.2,24.5,98.7,98.0,Healthy,Low,Optimal Conditions
Jute,32.52,61.08,301.17,11.24,6.81,30.0,77.0,79.4,81.1,Healthy,Low,Humidity Deviation
Jute,24.23,70.63,185.96,16.02,5.8,46.6,36.2,37.9,98.0,Healthy,Low,Optimal Conditions
Jute,30.16,83.7,245.29,18.96,6.93,108.1,86.1,23.8,98.0,Healthy,Low,Optimal Conditions
Jute,24.33,81.27,219.17,10.51,6.86,82.0,17.6,48.8,98.0,Healthy,Low,Optimal Conditions
Jute,25.22,86.24,227.82,17.03,7.32,115.2,63.7,85.3,98.0,Healthy,Low,Optimal Conditions
Jute,30.29,66.38,263.5,23.81,7.84,55.9,38.7,90.4,93.5,Healthy,Low,Optimal Conditions
Jute,20.67,57.27,81.35,13.19,5.8,95.3,10.0,16.9,61.8,At Risk,Moderate,Humidity Deviation
Jute,31.6,83.9,175.92,15.37,6.8,137.2,23.0,78.1,98.0,Healthy,Low,Optimal Conditions
Jute,25.3,61.77,190.36,25.32,5.63,118.1,76.0,39.9,90.1,Healthy,Low,Humidity Deviation
Jute,29.29,81.93,157.36,13.89,6.24,26.7,10.2,25.6,98.0,Healthy,Low,Optimal Conditions
Jute,21.32,93.22,181.1,31.98,6.3,37.9,73.5,78.0,85.8,Healthy,Low,Temperature Deviation
Jute,34.41,71.56,201.3,11.36,6.89,45.6,65.0,115.8,98.0,Healthy,Low,Optimal Conditions
Jute,37.56,61.16,291.98,29.45,5.71,82.0,28.0,58.1,72.4,At Risk,Moderate,Humidity Deviation
Jute,16.3,91.21,429.37,57.61,7.93,113.7,21.2,104.6,17.6,High Risk,High,Rainfall Deviation
Jute,32.03,80.63,227.72,11.38,5.65,86.8,23.7,116.4,98.0,Healthy,Low,Optimal Conditions
Jute,25.21,61.38,266.47,20.75,5.78,30.1,37.2,47.6,87.0,Healthy,Low,Humidity Deviation
Jute,20.48,95.87,401.73,55.52,6.49,60.0,37.1,35.6,29.6,High Risk,High,Wind Force
Jute,48.44,18.94,542.37,44.35,7.92,139.5,19.3,104.2,5.0,High Risk,High,Temperature Deviation
Jute,34.73,98.0,309.51,15.47,7.03,68.0,10.9,28.2,78.5,Healthy,Low,Humidity Deviation
Jute,30.21,87.63,222.84,13.3,5.68,54.3,39.3,80.3,98.0,Healthy,Low,Optimal Conditions
Jute,29.83,88.03,211.71,16.96,7.2,44.8,18.8,102.1,98.0,Healthy,Low,Optimal Conditions
Jute,17.52,82.85,224.73,25.55,7.93,127.2,37.4,119.8,77.3,Healthy,Low,Temperature Deviation
Jute,24.3,86.48,145.93,5.91,6.09,71.1,68.4,80.6,98.0,Healthy,Low,Optimal Conditions
Jute,29.54,88.52,225.95,9.85,7.96,105.0,15.0,18.7,98.0,Healthy,Low,Optimal Conditions
Jute,32.01,73.67,186.49,6.4,7.8,61.3,82.7,114.2,98.0,Healthy,Low,Optimal Conditions
Jute,29.11,70.49,238.13,12.78,5.69,33.2,40.7,113.7,98.0,Healthy,Low,Optimal Conditions
Jute,37.25,45.73,220.19,15.21,7.69,118.3,59.4,119.4,61.9,At Risk,Moderate,Humidity Deviation
Jute,38.32,65.89,266.87,19.11,7.94,89.9,79.3,115.1,79.1,Healthy,Low,Temperature Deviation
Jute,32.97,86.73,85.21,20.46,6.25,58.8,30.8,94.0,89.9,Healthy,Low,Rainfall Deviation
Jute,31.99,79.12,191.14,13.15,7.94,64.0,26.6,110.7,98.0,Healthy,Low,Optimal Conditions
Jute,33.18,73.0,205.63,7.26,7.81,87.8,36.3,29.7,98.0,Healthy,Low,Optimal Conditions
Jute,31.76,77.7,151.99,13.66,6.54,39.9,22.3,89.3,98.0,Healthy,Low,Optimal Conditions
Jute,17.5,18.41,2.69,31.34,6.86,134.1,60.0,100.8,13.0,High Risk,High,Rainfall Deviation
Jute,32.19,92.22,176.81,17.88,5.75,111.0,57.7,43.8,96.7,Healthy,Low,Optimal Conditions
Jute,34.73,87.25,225.27,6.92,7.39,45.7,88.2,20.5,98.0,Healthy,Low,Optimal Conditions
Jute,28.72,86.48,219.61,10.62,6.91,120.3,11.5,99.2,98.0,Healthy,Low,Optimal Conditions
Jute,19.22,92.8,516.72,43.99,7.9,44.7,62.4,19.6,25.6,High Risk,High,Rainfall Deviation
Jute,30.07,72.1,122.91,7.57,6.91,104.4,26.2,85.2,98.0,Healthy,Low,Optimal Conditions
Jute,30.75,78.24,204.99,19.93,7.84,20.5,80.8,22.0,98.0,Healthy,Low,Optimal Conditions
Jute,23.12,93.93,9.44,48.55,7.81,118.0,34.0,60.6,38.4,High Risk,High,Rainfall Deviation
Jute,25.12,79.4,188.93,8.96,7.11,104.4,33.9,94.6,98.0,Healthy,Low,Optimal Conditions
Jute,29.99,86.09,189.81,18.62,5.65,90.6,54.9,84.3,98.0,Healthy,Low,Optimal Conditions
Jute,11.52,21.01,615.28,28.26,5.61,33.4,25.0,67.9,5.0,High Risk,High,Temperature Deviation
Jute,40.29,24.8,393.17,53.75,5.7,58.0,87.3,31.1,5.0,High Risk,High,Humidity Deviation
Jute,26.58,94.61,121.66,28.49,5.87,122.6,64.0,32.9,93.1,Healthy,Low,Humidity Deviation
Jute,34.19,70.64,180.13,9.7,7.16,120.8,38.8,59.8,98.0,Healthy,Low,Optimal Conditions
Jute,39.16,91.05,7.16,54.75,7.01,37.5,68.1,36.8,23.9,High Risk,High,Rainfall Deviation
Jute,31.11,75.44,169.93,16.01,7.84,83.5,10.8,50.5,98.0,Healthy,Low,Optimal Conditions
Jute,27.73,78.73,202.25,6.82,6.18,80.9,35.2,119.1,98.0,Healthy,Low,Optimal Conditions
Jute,33.57,87.93,228.68,5.7,7.87,35.4,12.8,58.5,98.0,Healthy,Low,Optimal Conditions
Jute,26.03,75.76,152.29,15.27,5.97,85.2,88.9,60.4,98.0,Healthy,Low,Optimal Conditions
Jute,34.48,98.0,243.94,28.79,7.43,27.8,59.7,39.7,88.0,Healthy,Low,Humidity Deviation
Jute,30.84,60.32,308.45,24.04,5.66,98.3,82.9,54.8,79.0,Healthy,Low,Humidity Deviation
Jute,39.33,13.2,440.59,43.94,7.82,131.8,51.0,47.1,8.8,High Risk,High,Rainfall Deviation
Jute,30.08,85.5,158.18,25.03,6.2,100.9,84.2,51.5,98.0,Healthy,Low,Optimal Conditions
Jute,30.29,74.91,204.71,17.48,6.65,101.5,62.2,19.1,98.0,Healthy,Low,Optimal Conditions
Jute,33.83,88.78,221.46,18.82,6.27,49.7,40.7,20.8,98.0,Healthy,Low,Optimal Conditions
Jute,41.76,90.17,541.74,34.13,7.67,97.3,11.6,91.1,32.7,High Risk,High,Rainfall Deviation
Jute,34.97,87.45,158.65,8.86,6.45,62.7,39.8,48.4,98.0,Healthy,Low,Optimal Conditions
Jute,17.34,98.0,265.98,28.86,6.08,116.7,24.3,100.4,62.1,At Risk,Moderate,Temperature Deviation
Jute,16.18,92.75,593.11,31.48,7.07,40.9,15.1,49.7,28.5,High Risk,High,Rainfall Deviation
Jute,33.78,71.1,142.96,13.23,6.7,25.5,10.6,118.7,98.0,Healthy,Low,Optimal Conditions
Jute,35.49,98.0,87.1,30.93,7.09,114.5,66.0,36.6,76.5,Healthy,Low,Humidity Deviation
Jute,31.99,80.22,211.29,12.15,6.28,54.2,68.4,44.1,98.0,Healthy,Low,Optimal Conditions
Jute,34.8,96.79,282.74,16.4,6.8,67.0,86.8,50.2,84.6,Healthy,Low,Humidity Deviation
Jute,35.18,98.0,255.01,23.77,7.54,74.7,74.0,83.0,86.5,Healthy,Low,Humidity Deviation
Jute,26.79,79.88,200.43,5.98,7.26,85.2,52.1,45.7,98.0,Healthy,Low,Optimal Conditions
Jute,24.06,91.77,291.08,15.17,6.61,38.7,57.7,41.3,90.8,Healthy,Low,Rainfall Deviation
Jute,29.18,70.54,131.95,15.29,6.57,123.8,65.6,15.9,98.0,Healthy,Low,Optimal Conditions
Jute,31.12,98.0,302.67,19.77,7.15,102.6,79.7,18.6,79.6,Healthy,Low,Humidity Deviation
Jute,32.63,86.3,240.55,15.54,6.11,80.7,12.6,82.9,98.0,Healthy,Low,Optimal Conditions
Jute,38.52,88.78,298.58,26.07,5.62,86.0,47.4,112.4,78.2,Healthy,Low,Temperature Deviation
Jute,26.97,78.23,151.64,6.94,7.64,87.0,78.9,102.3,98.0,Healthy,Low,Optimal Conditions
Jute,30.03,71.66,238.98,11.06,6.48,56.3,46.9,41.4,98.0,Healthy,Low,Optimal Conditions
Jute,32.8,86.69,159.54,12.04,7.68,26.3,81.1,38.0,98.0,Healthy,Low,Optimal Conditions
Jute,30.69,88.46,144.89,29.73,5.63,37.0,57.9,80.0,98.0,Healthy,Low,Optimal Conditions
Jute,28.37,81.68,215.93,9.74,6.71,117.7,86.3,39.2,98.0,Healthy,Low,Optimal Conditions
Jute,34.34,77.92,213.39,14.18,6.21,98.4,62.4,77.2,98.0,Healthy,Low,Optimal Conditions
Jute,34.95,78.01,202.97,18.29,6.56,112.9,87.7,52.7,98.0,Healthy,Low,Optimal Conditions
Jute,33.96,73.19,123.72,18.63,7.55,136.7,14.7,31.4,98.0,Healthy,Low,Optimal Conditions
Jute,31.52,82.12,166.71,5.86,7.1,88.4,19.0,110.4,98.0,Healthy,Low,Optimal Conditions
Jute,32.18,87.7,195.33,8.7,6.27,126.3,33.9,93.4,98.0,Healthy,Low,Optimal Conditions
Jute,44.64,92.67,2.52,35.44,7.61,92.3,46.3,57.8,22.5,High Risk,High,Temperature Deviation
Jute,36.84,85.13,156.42,21.95,6.94,104.6,31.2,38.3,92.7,Healthy,Low,Temperature Deviation
Jute,25.72,57.99,274.09,21.43,7.2,73.9,29.3,15.1,81.7,Healthy,Low,Humidity Deviation
Jute,24.39,89.95,71.68,13.97,5.54,45.3,51.5,71.5,85.9,Healthy,Low,Rainfall Deviation
Jute,24.8,84.89,218.54,19.97,7.75,131.1,73.9,79.6,98.0,Healthy,Low,Optimal Conditions
Jute,30.85,71.12,235.09,12.23,7.24,26.3,52.7,46.6,98.0,Healthy,Low,Optimal Conditions
Jute,28.29,70.01,180.67,12.3,7.66,73.8,39.1,119.4,98.0,Healthy,Low,Optimal Conditions
Jute,37.84,62.67,131.14,26.32,6.75,77.0,18.8,73.8,79.8,Healthy,Low,Temperature Deviation
Jute,34.75,85.93,173.69,7.27,7.46,34.6,25.1,37.2,98.0,Healthy,Low,Optimal Conditions
Jute,26.36,98.0,197.15,21.23,6.54,46.3,67.7,81.3,88.0,Healthy,Low,Humidity Deviation
Jute,34.18,81.17,152.53,8.09,5.84,71.0,20.8,58.7,98.0,Healthy,Low,Optimal Conditions
Jute,31.22,85.7,191.44,15.2,7.85,96.6,39.1,62.2,98.0,Healthy,Low,Optimal Conditions
Jute,35.36,14.15,411.46,36.48,7.55,42.1,47.2,16.4,40.5,High Risk,High,Humidity Deviation
Tomato,18.05,69.08,87.83,18.55,6.56,127.3,30.5,40.2,98.0,Healthy,Low,Optimal Conditions
Tomato,21.38,52.15,74.86,8.11,7.35,45.9,30.5,46.2,98.0,Healthy,Low,Optimal Conditions
Tomato,20.98,41.19,36.63,23.83,7.02,125.2,78.2,116.3,86.5,Healthy,Low,Humidity Deviation
Tomato,31.84,59.14,37.9,29.57,6.1,71.8,52.2,43.7,82.8,Healthy,Low,Temperature Deviation
Tomato,30.93,90.8,151.45,29.25,5.85,49.7,87.9,56.7,29.8,High Risk,High,Humidity Deviation
Tomato,25.11,48.85,90.92,22.3,6.84,71.8,19.2,25.8,98.0,Healthy,Low,Optimal Conditions
Tomato,25.97,32.86,27.73,25.38,6.41,83.7,21.7,29.7,68.7,At Risk,Moderate,Humidity Deviation
Tomato,29.07,28.4,45.39,27.91,7.01,129.6,76.6,41.7,69.8,At Risk,Moderate,Humidity Deviation
Tomato,23.0,50.29,85.2,5.67,6.14,88.3,51.4,83.7,98.0,Healthy,Low,Optimal Conditions
Tomato,19.83,69.58,43.54,24.4,5.71,50.4,83.5,85.3,98.0,Healthy,Low,Optimal Conditions
Tomato,20.05,63.66,78.22,17.6,6.08,131.7,54.2,88.1,98.0,Healthy,Low,Optimal Conditions
Tomato,26.23,52.45,51.57,19.92,6.54,82.0,65.3,20.0,98.0,Healthy,Low,Optimal Conditions
Tomato,20.11,72.12,101.7,30.36,6.39,40.8,13.8,40.9,91.6,Healthy,Low,Rainfall Deviation
Tomato,23.58,53.7,41.95,5.54,7.16,91.0,38.6,108.9,98.0,Healthy,Low,Optimal Conditions
Tomato,27.8,62.33,49.17,15.19,7.03,71.5,78.9,30.8,98.0,Healthy,Low,Optimal Conditions
Tomato,18.93,54.22,51.94,18.76,5.66,71.3,52.6,109.4,98.0,Healthy,Low,Optimal Conditions
Tomato,9.56,88.82,0.8,37.7,6.51,63.3,72.7,117.3,5.0,High Risk,High,Rainfall Deviation
Tomato,34.25,43.42,82.53,26.84,7.29,114.8,25.6,78.0,67.1,At Risk,Moderate,Temperature Deviation
Tomato,18.09,54.0,45.66,17.64,6.02,54.2,86.8,54.8,98.0,Healthy,Low,Optimal Conditions
Tomato,20.84,52.39,45.14,6.16,6.69,42.7,38.9,105.5,98.0,Healthy,Low,Optimal Conditions
Tomato,27.16,59.96,59.94,16.26,5.65,30.7,62.2,66.1,98.0,Healthy,Low,Optimal Conditions
Tomato,30.62,52.12,49.94,25.27,6.17,32.5,55.9,75.5,89.5,Healthy,Low,Temperature Deviation
Tomato,36.24,14.14,179.45,48.01,5.53,27.7,18.0,59.0,5.0,High Risk,High,Rainfall Deviation
Tomato,31.55,16.29,4.09,40.72,6.36,86.2,76.7,99.2,15.8,High Risk,High,Rainfall Deviation
Tomato,27.34,52.21,71.73,15.09,6.86,51.8,36.4,72.6,98.0,Healthy,Low,Optimal Conditions
Tomato,18.2,61.24,63.26,14.85,5.79,120.9,21.7,108.6,98.0,Healthy,Low,Optimal Conditions
Tomato,23.5,67.93,55.0,7.73,6.39,49.3,52.2,43.9,98.0,Healthy,Low,Optimal Conditions
Tomato,3.94,19.49,191.72,31.55,7.1,136.7,27.2,34.6,5.0,High Risk,High,Temperature Deviation
Tomato,13.22,87.25,76.66,12.78,6.47,83.0,66.2,116.8,57.4,At Risk,Moderate,Humidity Deviation
Tomato,22.06,57.4,81.35,7.34,6.19,107.0,11.3,45.4,98.0,Healthy,Low,Optimal Conditions
Tomato,22.74,68.45,72.69,17.73,5.63,138.3,12.5,84.6,98.0,Healthy,Low,Optimal Conditions
Tomato,24.46,57.12,73.69,15.94,6.88,33.7,62.6,44.4,98.0,Healthy,Low,Optimal Conditions
Tomato,22.15,58.67,63.36,15.57,6.12,57.8,14.8,87.1,98.0,Healthy,Low,Optimal Conditions
Tomato,30.27,43.19,64.45,31.4,6.43,131.2,10.8,41.0,82.8,Healthy,Low,Temperature Deviation
Tomato,25.7,56.4,82.02,17.49,6.84,99.9,66.0,85.7,98.0,Healthy,Low,Optimal Conditions
Tomato,24.83,67.95,56.63,19.17,5.53,61.9,20.6,28.3,98.0,Healthy,Low,Optimal Conditions
Tomato,12.45,23.98,5.21,34.03,5.69,57.8,80.0,51.5,20.1,High Risk,High,Rainfall Deviation
Tomato,13.37,76.99,50.75,20.14,6.92,30.8,61.6,79.7,73.3,At Risk,Moderate,Temperature Deviation
Tomato,23.42,54.44,47.35,13.6,7.45,48.4,38.4,41.9,98.0,Healthy,Low,Optimal Conditions
Tomato,22.04,64.04,41.94,19.36,5.59,125.8,81.6,70.1,98.0,Healthy,Low,Optimal Conditions
Tomato,23.65,62.57,82.89,13.26,6.32,120.6,88.5,82.7,98.0,Healthy,Low,Optimal Conditions
Tomato,5.46,10.03,5.76,56.31,7.36,137.1,85.1,43.5,5.0,High Risk,High,Temperature Deviation
Tomato,14.76,81.44,48.5,24.88,5.85,81.6,44.0,108.5,71.5,At Risk,Moderate,Humidity Deviation
Tomato,23.34,69.11,54.98,9.33,7.1,53.3,76.5,25.0,98.0,Healthy,Low,Optimal Conditions
Tomato,27.01,60.82,75.94,8.38,5.83,120.2,38.7,62.8,98.0,Healthy,Low,Optimal Conditions
Tomato,21.86,65.41,81.06,15.48,6.88,80.7,53.1,93.0,98.0,Healthy,Low,Optimal Conditions
Tomato,20.32,69.0,41.38,7.09,6.64,108.5,53.0,52.3,98.0,Healthy,Low,Optimal Conditions
Tomato,14.96,90.39,141.56,53.48,5.51,80.1,66.4,31.3,10.9,High Risk,High,Humidity Deviation
Tomato,27.5,33.11,106.46,24.93,7.14,87.7,52.0,91.0,72.4,At Risk,Moderate,Humidity Deviation
Tomato,24.9,68.69,75.7,5.55,6.26,117.1,86.7,53.9,98.0,Healthy,Low,Optimal Conditions
Tomato,37.32,15.57,194.67,28.99,5.98,56.8,86.9,75.7,5.0,High Risk,High,Rainfall Deviation
Tomato,39.43,12.86,223.81,45.55,6.94,70.6,77.6,88.1,5.0,High Risk,High,Temperature Deviation
Tomato,17.16,77.2,101.08,28.55,7.4,114.8,62.8,104.9,81.3,Healthy,Low,Humidity Deviation
Tomato,22.63,69.79,78.48,19.43,7.06,125.0,66.5,94.9,98.0,Healthy,Low,Optimal Conditions
Tomato,23.63,36.0,58.06,22.13,5.91,60.8,57.8,112.1,83.2,Healthy,Low,Humidity Deviation
Tomato,32.6,10.13,0.11,43.43,7.35,23.8,71.9,20.5,5.0,High Risk,High,Rainfall Deviation
Tomato,22.3,51.26,79.46,12.94,5.56,24.9,59.0,99.6,98.0,Healthy,Low,Optimal Conditions
Tomato,23.55,66.0,70.53,8.37,6.73,95.4,68.7,80.2,98.0,Healthy,Low,Optimal Conditions
Tomato,32.23,93.42,204.24,37.07,6.47,42.1,49.4,50.5,5.0,High Risk,High,Rainfall Deviation
Tomato,19.9,71.22,34.53,17.1,6.35,37.5,76.5,51.6,93.4,Healthy,Low,Optimal Conditions
Tomato,26.94,59.93,67.21,19.35,7.27,40.3,47.9,117.0,98.0,Healthy,Low,Optimal Conditions
Tomato,21.72,53.9,45.72,16.1,7.04,136.3,71.9,40.6,98.0,Healthy,Low,Optimal Conditions
Tomato,27.85,56.81,55.6,18.59,6.67,45.8,81.1,119.3,98.0,Healthy,Low,Optimal Conditions
Tomato,26.62,57.81,66.2,18.72,7.45,51.5,27.0,23.5,98.0,Healthy,Low,Optimal Conditions
Tomato,27.96,34.72,38.29,14.11,6.21,48.3,29.6,79.8,80.2,Healthy,Low,Humidity Deviation
Tomato,24.77,68.96,71.92,16.27,7.0,59.7,11.2,20.8,98.0,Healthy,Low,Optimal Conditions
Tomato,24.9,68.13,87.94,5.39,7.48,58.7,77.4,33.9,98.0,Healthy,Low,Optimal Conditions
Tomato,21.78,67.18,51.04,7.31,7.32,132.6,11.0,91.4,98.0,Healthy,Low,Optimal Conditions
Tomato,21.75,59.38,61.34,12.72,6.66,75.9,66.1,90.5,98.0,Healthy,Low,Optimal Conditions
Tomato,19.42,62.81,78.65,14.57,6.68,47.5,61.6,50.2,98.0,Healthy,Low,Optimal Conditions
Tomato,6.65,92.58,5.25,44.83,6.81,56.9,20.1,94.9,5.0,High Risk,High,Temperature Deviation
Tomato,35.42,89.27,199.93,51.55,6.7,61.7,25.0,51.5,5.0,High Risk,High,Rainfall Deviation
Tomato,15.26,89.16,31.47,17.38,7.47,82.6,21.3,38.1,54.2,At Risk,Moderate,Humidity Deviation
Tomato,27.96,35.41,101.73,12.96,7.2,91.1,84.5,107.0,77.3,Healthy,Low,Humidity Deviation
Tomato,20.18,37.5,67.17,11.96,6.04,112.2,78.2,96.8,85.0,Healthy,Low,Humidity Deviation
Tomato,17.33,86.16,73.07,10.45,7.45,28.0,81.9,47.9,73.4,At Risk,Moderate,Humidity Deviation
Tomato,22.04,36.25,56.37,12.64,7.26,113.5,25.3,87.9,83.5,Healthy,Low,Humidity Deviation
Tomato,30.87,83.26,65.68,18.26,7.26,134.1,67.3,66.7,68.6,At Risk,Moderate,Humidity Deviation
Tomato,25.92,45.2,101.42,24.92,6.87,46.1,88.7,103.4,89.2,Healthy,Low,Humidity Deviation
Tomato,27.26,70.99,109.61,14.38,7.25,45.1,60.1,23.5,89.8,Healthy,Low,Rainfall Deviation
Tomato,15.35,97.6,0.42,28.86,7.08,40.2,37.6,94.9,21.1,High Risk,High,Humidity Deviation
Tomato,35.28,15.88,1.93,34.94,5.75,130.6,23.8,75.2,7.6,High Risk,High,Rainfall Deviation
Tomato,21.27,39.28,26.5,18.99,5.61,86.1,34.6,71.0,75.3,Healthy,Low,Humidity Deviation
Tomato,27.33,67.89,49.5,10.15,6.73,31.5,38.4,41.4,98.0,Healthy,Low,Optimal Conditions
Tomato,5.64,93.88,9.69,45.07,5.8,57.4,74.0,69.9,5.0,High Risk,High,Temperature Deviation
Tomato,19.03,58.62,56.87,14.84,7.35,49.7,78.4,111.6,98.0,Healthy,Low,Optimal Conditions
Tomato,18.17,13.66,162.13,52.02,6.53,93.2,67.9,17.6,12.9,High Risk,High,Rainfall Deviation
Tomato,20.49,80.96,54.78,20.66,5.95,84.5,85.5,58.0,83.6,Healthy,Low,Humidity Deviation
Tomato,13.96,47.69,61.48,29.35,6.66,73.4,72.0,92.7,83.1,Healthy,Low,Temperature Deviation
Tomato,26.77,47.14,52.04,14.96,7.45,66.8,82.8,38.7,96.6,Healthy,Low,Optimal Conditions
Tomato,24.17,65.59,68.34,8.45,5.58,94.2,20.5,51.0,98.0,Healthy,Low,Optimal Conditions
Tomato,28.44,82.68,77.28,10.37,6.54,60.2,10.1,47.3,79.2,Healthy,Low,Humidity Deviation
Tomato,21.93,52.64,65.38,15.39,6.76,116.5,46.2,69.5,98.0,Healthy,Low,Optimal Conditions
Tomato,13.23,17.69,165.47,48.29,6.79,49.6,41.6,86.7,5.0,High Risk,High,Rainfall Deviation
Tomato,39.86,15.99,166.95,41.39,7.22,80.5,64.7,76.7,5.0,High Risk,High,Temperature Deviation
Tomato,9.45,12.27,0.43,36.06,7.03,22.7,52.1,41.3,5.0,High Risk,High,Rainfall Deviation
Tomato,26.84,53.99,81.12,11.2,5.53,107.9,57.7,51.1,98.0,Healthy,Low,Optimal Conditions
Tomato,18.74,68.83,64.7,6.28,7.24,53.5,26.3,44.5,98.0,Healthy,Low,Optimal Conditions
Tomato,29.37,43.8,54.95,19.31,5.77,39.3,16.2,36.5,87.1,Healthy,Low,Humidity Deviation
Tomato,27.91,61.88,81.63,30.31,6.15,113.8,29.7,85.3,98.0,Healthy,Low,Optimal Conditions
Tomato,23.09,63.48,69.44,13.64,5.63,49.9,55.7,16.9,98.0,Healthy,Low,Optimal Conditions
Tomato,20.29,55.0,66.78,13.73,7.32,66.3,84.1,83.5,98.0,Healthy,Low,Optimal Conditions
Tomato,36.54,21.41,221.27,29.81,7.5,25.9,45.3,62.5,5.0,High Risk,High,Rainfall Deviation
Tomato,23.71,53.0,79.2,9.99,6.68,105.9,81.1,102.8,98.0,Healthy,Low,Optimal Conditions
Tomato,27.57,75.24,50.57,28.98,6.84,121.1,30.0,108.3,92.1,Healthy,Low,Humidity Deviation
Tomato,22.24,86.61,53.93,15.7,6.19,138.9,39.9,94.9,75.1,Healthy,Low,Humidity Deviation
Tomato,31.47,91.61,70.69,22.03,7.49,87.9,13.6,98.6,53.7,At Risk,Moderate,Humidity Deviation
Tomato,19.54,67.25,49.9,18.81,6.38,109.1,53.8,41.9,98.0,Healthy,Low,Optimal Conditions
Tomato,14.66,30.45,56.56,21.25,6.91,43.1,65.1,43.6,64.8,At Risk,Moderate,Humidity Deviation
Tomato,3.56,91.45,6.54,57.07,6.31,101.3,68.2,86.7,5.0,High Risk,High,Temperature Deviation
Tomato,34.41,92.56,197.42,47.46,6.93,89.9,21.5,61.8,5.0,High Risk,High,Rainfall Deviation
Tomato,22.96,67.41,78.79,6.26,7.28,76.6,69.5,29.7,98.0,Healthy,Low,Optimal Conditions
Tomato,21.88,64.12,65.01,26.57,6.89,78.5,39.2,54.4,98.0,Healthy,Low,Optimal Conditions
Tomato,12.21,42.2,61.32,18.64,6.84,76.4,40.7,27.5,70.4,At Risk,Moderate,Temperature Deviation
Tomato,19.0,66.15,46.76,13.93,6.19,47.1,61.2,63.0,98.0,Healthy,Low,Optimal Conditions
Tomato,23.93,59.83,55.17,13.39,6.84,23.2,47.3,21.1,98.0,Healthy,Low,Optimal Conditions
Tomato,23.61,67.32,84.14,6.05,6.34,90.0,21.8,95.4,98.0,Healthy,Low,Optimal Conditions
Tomato,15.27,41.0,69.7,13.88,6.32,33.4,45.3,52.2,79.7,Healthy,Low,Humidity Deviation
Tomato,24.42,69.02,50.36,15.68,6.98,79.8,81.8,116.5,98.0,Healthy,Low,Optimal Conditions
Tomato,24.51,63.24,60.18,9.75,7.37,114.8,19.2,27.6,98.0,Healthy,Low,Optimal Conditions
Tomato,41.89,96.38,3.74,54.78,7.41,45.3,50.3,86.5,5.0,High Risk,High,Temperature Deviation
Tomato,24.0,55.15,56.67,11.62,6.56,73.9,49.5,46.4,98.0,Healthy,Low,Optimal Conditions
Tomato,18.47,53.92,69.1,16.79,5.84,33.0,69.9,47.0,98.0,Healthy,Low,Optimal Conditions
Tomato,11.12,94.19,1.18,43.25,6.05,45.2,17.0,31.4,5.0,High Risk,High,Humidity Deviation
Tomato,22.03,74.86,42.96,28.0,7.33,44.3,53.4,81.9,92.7,Healthy,Low,Humidity Deviation
Tomato,15.24,81.93,52.48,12.63,7.37,55.0,80.3,44.7,72.5,At Risk,Moderate,Humidity Deviation
Tomato,34.0,13.61,6.39,58.57,5.51,25.7,21.8,51.6,5.0,High Risk,High,Humidity Deviation
Tomato,11.29,92.28,176.2,59.27,7.09,138.6,81.4,58.7,5.0,High Risk,High,Rainfall Deviation
Tomato,11.79,55.21,78.36,10.73,6.53,43.6,70.6,82.3,78.2,Healthy,Low,Temperature Deviation
Tomato,15.82,18.48,186.64,57.78,6.13,38.7,15.9,92.5,5.0,High Risk,High,Rainfall Deviation
Tomato,27.09,30.92,80.13,24.31,6.21,135.7,84.9,104.0,77.1,Healthy,Low,Humidity Deviation
Tomato,6.09,92.42,7.16,47.69,6.29,127.3,77.7,40.4,5.0,High Risk,High,Temperature Deviation
Tomato,28.35,33.89,74.75,24.38,5.65,92.4,84.5,104.3,79.3,Healthy,Low,Humidity Deviation
Tomato,27.93,63.97,48.11,5.19,5.84,120.6,11.7,39.5,98.0,Healthy,Low,Optimal Conditions
Tomato,19.26,78.61,68.7,22.02,6.18,53.2,36.9,82.1,87.1,Healthy,Low,Humidity Deviation
Tomato,27.13,59.32,56.28,16.48,5.53,71.8,38.4,50.5,98.0,Healthy,Low,Optimal Conditions
Tomato,18.31,53.04,47.09,19.83,5.54,40.0,87.9,81.0,98.0,Healthy,Low,Optimal Conditions
Tomato,29.89,89.65,107.91,18.76,6.14,126.5,13.9,29.3,55.0,At Risk,Moderate,Humidity Deviation
Tomato,26.43,50.21,83.08,11.77,5.51,68.2,24.9,80.6,98.0,Healthy,Low,Optimal Conditions
Tomato,17.26,41.78,59.18,25.56,7.34,105.6,56.8,109.8,87.5,Healthy,Low,Humidity Deviation
Tomato,11.9,89.65,148.0,57.21,6.35,63.8,74.2,70.6,5.0,High Risk,High,Humidity Deviation
Tomato,19.41,81.58,63.77,13.91,6.56,62.7,19.9,20.2,82.6,Healthy,Low,Humidity Deviation
Tomato,31.99,47.36,73.8,25.1,5.93,105.1,84.8,74.3,80.9,Healthy,Low,Temperature Deviation
Tomato,33.44,88.81,70.3,18.62,6.23,85.1,86.6,109.4,50.0,At Risk,Moderate,Humidity Deviation
Tomato,26.93,73.13,75.06,19.64,6.22,87.9,29.0,118.8,95.3,Healthy,Low,Optimal Conditions
Tomato,27.78,73.92,101.68,18.29,7.32,114.7,70.0,116.9,88.9,Healthy,Low,Humidity Deviation
Tomato,24.11,68.2,79.54,13.45,5.65,98.3,52.1,34.3,98.0,Healthy,Low,Optimal Conditions
Tomato,40.36,12.75,143.5,50.28,7.13,122.4,16.2,51.0,5.0,High Risk,High,Temperature Deviation
Tomato,15.05,73.91,70.28,23.66,6.35,126.7,28.8,22.7,83.8,Healthy,Low,Temperature Deviation
Tomato,32.76,74.64,39.62,27.12,7.29,106.9,47.2,24.1,73.7,At Risk,Moderate,Temperature Deviation
Tomato,21.74,59.28,70.46,5.1,7.48,63.7,77.8,71.2,98.0,Healthy,Low,Optimal Conditions
Tomato,25.98,64.2,66.37,12.72,5.67,98.7,82.9,24.8,98.0,Healthy,Low,Optimal Conditions
Tomato,27.02,55.69,72.7,13.02,6.69,69.9,34.0,20.1,98.0,Healthy,Low,Optimal Conditions
Tomato,22.59,64.1,74.41,26.87,7.38,71.3,71.9,64.4,98.0,Healthy,Low,Optimal Conditions
Tomato,25.39,65.96,50.14,9.58,6.49,42.4,84.3,77.1,98.0,Healthy,Low,Optimal Conditions
Tomato,19.84,69.09,76.91,16.02,5.64,127.4,45.5,84.3,98.0,Healthy,Low,Optimal Conditions
Tomato,36.85,96.26,170.86,44.28,5.72,54.7,26.6,56.6,5.0,High Risk,High,Rainfall Deviation
Tomato,18.32,63.14,70.51,15.63,6.82,33.7,33.3,28.6,98.0,Healthy,Low,Optimal Conditions
Tomato,36.22,89.24,158.81,49.72,5.76,96.7,48.2,118.7,5.0,High Risk,High,Temperature Deviation
Tomato,17.18,85.47,66.75,19.58,6.36,121.1,74.4,91.8,73.9,At Risk,Moderate,Humidity Deviation
Tomato,27.96,28.91,71.74,20.71,5.89,123.3,30.3,81.5,74.7,At Risk,Moderate,Humidity Deviation
Tomato,22.05,67.99,48.3,14.95,5.91,69.9,53.2,75.6,98.0,Healthy,Low,Optimal Conditions
Tomato,23.41,54.82,60.61,15.54,6.29,138.0,29.6,54.5,98.0,Healthy,Low,Optimal Conditions
Tomato,19.1,59.8,58.93,15.42,7.14,85.3,12.6,80.0,98.0,Healthy,Low,Optimal Conditions
Tomato,24.16,63.7,49.89,17.29,7.32,117.6,34.4,76.6,98.0,Healthy,Low,Optimal Conditions
Tomato,10.99,89.79,7.61,30.61,6.08,93.8,54.0,97.4,17.4,High Risk,High,Humidity Deviation
Tomato,24.54,55.82,69.34,14.08,5.74,85.8,11.0,67.6,98.0,Healthy,Low,Optimal Conditions
Tomato,23.33,76.22,82.16,22.09,5.66,133.2,18.0,104.8,90.7,Healthy,Low,Humidity Deviation
Tomato,26.82,50.39,77.89,10.43,6.98,68.2,15.7,95.6,98.0,Healthy,Low,Optimal Conditions
Tomato,27.22,51.02,63.97,15.85,6.29,46.1,70.7,97.4,98.0,Healthy,Low,Optimal Conditions
Tomato,11.68,88.43,173.53,31.29,6.58,104.6,64.3,79.3,13.1,High Risk,High,Rainfall Deviation
Tomato,26.37,58.51,51.07,6.29,6.33,94.2,63.2,116.1,98.0,Healthy,Low,Optimal Conditions
Tomato,27.86,63.09,62.71,18.32,6.89,61.8,80.7,85.0,98.0,Healthy,Low,Optimal Conditions
Tomato,28.23,80.25,62.77,14.98,7.3,137.6,61.8,111.3,83.7,Healthy,Low,Humidity Deviation
Tomato,30.84,75.3,57.78,17.15,7.08,60.9,30.5,107.3,80.7,Healthy,Low,Temperature Deviation
Tomato,22.11,75.6,72.67,12.69,6.49,53.2,55.5,62.4,91.6,Healthy,Low,Humidity Deviation
Tomato,19.12,52.82,81.05,18.29,5.97,33.6,14.3,78.9,98.0,Healthy,Low,Optimal Conditions
Tomato,18.48,75.33,42.93,24.3,7.22,35.8,75.1,100.3,92.0,Healthy,Low,Humidity Deviation
Tomato,14.44,37.02,66.08,22.44,7.3,79.5,85.3,108.6,72.0,At Risk,Moderate,Humidity Deviation
Tomato,18.73,51.1,66.46,21.67,6.61,79.3,42.8,41.5,98.0,Healthy,Low,Optimal Conditions
Tomato,19.39,52.31,55.0,19.93,6.15,132.4,41.4,61.1,98.0,Healthy,Low,Optimal Conditions
Tomato,12.95,68.47,73.76,10.77,6.8,84.2,46.7,110.3,82.3,Healthy,Low,Temperature Deviation
Tomato,18.1,51.47,51.17,5.5,6.51,57.7,24.4,93.8,98.0,Healthy,Low,Optimal Conditions
Tomato,24.88,56.99,65.59,19.01,5.57,80.0,78.4,76.7,98.0,Healthy,Low,Optimal Conditions
Tomato,21.98,63.61,84.54,5.62,5.64,59.0,28.6,42.8,98.0,Healthy,Low,Optimal Conditions
Tomato,19.96,52.61,86.7,7.16,5.91,49.6,84.6,94.3,98.0,Healthy,Low,Optimal Conditions
Tomato,15.36,75.46,49.07,10.83,6.08,69.6,54.0,46.1,82.6,Healthy,Low,Temperature Deviation
Tomato,27.83,50.84,89.45,5.72,6.08,79.2,21.5,29.2,98.0,Healthy,Low,Optimal Conditions
Tomato,27.74,57.6,68.3,15.56,6.98,102.6,37.0,26.7,98.0,Healthy,Low,Optimal Conditions
Tomato,20.1,52.73,41.22,19.04,7.34,26.1,23.8,29.6,98.0,Healthy,Low,Optimal Conditions
Tomato,20.04,68.92,44.21,8.18,5.66,137.6,83.5,90.2,98.0,Healthy,Low,Optimal Conditions
Tomato,19.9,54.43,62.15,16.52,6.03,57.3,58.0,40.0,98.0,Healthy,Low,Optimal Conditions
Tomato,30.78,32.07,23.52,13.5,6.81,124.4,81.4,82.6,52.9,At Risk,Moderate,Humidity Deviation
Tomato,15.68,39.48,52.43,28.1,7.39,32.8,60.5,74.7,79.3,Healthy,Low,Humidity Deviation
Tomato,2.71,93.19,5.31,41.54,5.62,82.6,40.4,19.7,5.0,High Risk,High,Temperature Deviation
Tomato,21.91,69.8,50.39,13.17,7.47,115.0,89.5,116.7,98.0,Healthy,Low,Optimal Conditions
Tomato,28.73,82.24,70.61,15.63,5.99,135.2,15.4,60.0,78.7,Healthy,Low,Humidity Deviation
Tomato,34.65,94.43,0.31,26.24,7.23,63.2,61.1,111.8,5.0,High Risk,High,Humidity Deviation
Tomato,23.67,65.29,77.88,12.88,6.75,110.9,77.3,95.0,98.0,Healthy,Low,Optimal Conditions
Tomato,27.97,58.69,41.22,10.44,5.76,34.6,32.5,20.6,98.0,Healthy,Low,Optimal Conditions
Tomato,12.89,66.3,57.68,29.41,6.2,86.3,61.4,58.5,82.1,Healthy,Low,Temperature Deviation
Tomato,33.38,98.9,147.92,55.49,6.79,133.5,32.5,77.5,5.0,High Risk,High,Humidity Deviation
Tomato,20.38,40.41,90.16,22.51,5.73,88.4,23.5,84.7,88.4,Healthy,Low,Humidity Deviation
Tomato,26.49,65.57,76.22,15.51,6.62,27.3,62.4,64.0,98.0,Healthy,Low,Optimal Conditions
Tomato,29.09,54.51,28.94,18.29,6.51,83.4,81.1,55.0,85.9,Healthy,Low,Rainfall Deviation
Tomato,34.63,98.71,177.92,35.72,5.8,70.7,87.1,58.2,5.0,High Risk,High,Rainfall Deviation
Tomato,22.45,50.24,46.66,17.75,7.46,39.0,52.8,116.5,98.0,Healthy,Low,Optimal Conditions
Tomato,19.86,68.54,75.28,7.28,6.29,26.8,44.6,96.7,98.0,Healthy,Low,Optimal Conditions
Tomato,30.09,56.23,69.77,19.67,6.8,26.0,62.3,104.4,91.6,Healthy,Low,Temperature Deviation
Tomato,12.02,22.9,212.05,26.23,7.08,126.1,64.9,43.1,9.1,High Risk,High,Rainfall Deviation
Tomato,21.82,66.67,57.39,5.51,6.05,138.8,64.1,109.6,98.0,Healthy,Low,Optimal Conditions
Tomato,21.04,48.66,104.39,31.89,5.65,132.4,33.2,87.4,92.0,Healthy,Low,Rainfall Deviation
Tomato,27.68,52.03,64.89,11.42,6.15,97.5,20.5,90.2,98.0,Healthy,Low,Optimal Conditions
Tomato,10.28,89.97,220.08,33.48,6.44,132.6,73.1,116.3,5.0,High Risk,High,Rainfall Deviation
Tomato,29.55,76.6,95.96,21.02,6.71,56.3,26.0,72.0,81.3,Healthy,Low,Humidity Deviation
Tomato,21.9,63.45,74.53,5.69,6.18,69.4,17.8,39.8,98.0,Healthy,Low,Optimal Conditions
Tomato,27.96,64.73,44.37,5.3,6.94,72.7,72.9,112.0,98.0,Healthy,Low,Optimal Conditions
Tomato,16.66,82.34,82.52,22.47,7.36,52.6,69.4,23.7,76.8,Healthy,Low,Humidity Deviation
Tomato,20.47,87.92,29.62,24.23,7.49,94.7,12.9,16.8,64.0,At Risk,Moderate,Humidity Deviation
Tomato,19.96,66.26,82.24,8.88,6.15,48.3,82.7,67.8,98.0,Healthy,Low,Optimal Conditions
Tomato,15.37,47.59,30.08,25.01,6.38,115.6,78.9,103.8,79.2,Healthy,Low,Temperature Deviation
Tomato,23.06,63.0,56.1,5.62,6.49,21.5,86.1,98.7,98.0,Healthy,Low,Optimal Conditions
Tomato,20.88,69.66,58.68,16.76,6.39,123.7,66.3,17.4,98.0,Healthy,Low,Optimal Conditions
Tomato,23.58,68.52,45.1,14.02,6.1,126.7,71.2,53.8,98.0,Healthy,Low,Optimal Conditions
Tomato,18.11,62.42,60.31,9.72,7.47,75.9,70.0,33.6,98.0,Healthy,Low,Optimal Conditions
Tomato,22.18,63.31,65.33,18.36,6.37,57.3,83.3,57.7,98.0,Healthy,Low,Optimal Conditions
Tomato,18.98,65.87,81.25,5.5,6.22,110.0,85.7,54.7,98.0,Healthy,Low,Optimal Conditions
Tomato,30.59,96.32,9.45,32.07,5.81,77.8,52.3,114.6,27.9,High Risk,High,Humidity Deviation
Tomato,24.0,60.53,65.81,18.1,5.91,24.9,63.8,51.2,98.0,Healthy,Low,Optimal Conditions
Tomato,20.51,56.19,70.84,7.59,6.33,77.9,46.7,117.3,98.0,Healthy,Low,Optimal Conditions
Tomato,27.51,61.64,79.79,11.46,6.41,125.5,81.7,40.1,98.0,Healthy,Low,Optimal Conditions
Tomato,22.96,68.01,56.12,14.78,6.92,113.4,55.1,57.3,98.0,Healthy,Low,Optimal Conditions
Tomato,7.7,21.22,2.45,56.23,5.99,27.7,53.0,103.8,5.0,High Risk,High,Temperature Deviation
Tomato,25.83,66.73,62.72,13.86,6.57,132.7,68.0,112.2,98.0,Healthy,Low,Optimal Conditions
Tomato,21.1,51.42,65.0,18.11,6.15,35.4,15.5,62.0,98.0,Healthy,Low,Optimal Conditions
Tomato,21.46,66.4,59.2,14.15,6.5,106.2,22.5,111.6,98.0,Healthy,Low,Optimal Conditions
Tomato,28.97,83.5,74.38,11.51,6.46,40.3,68.4,39.9,75.9,Healthy,Low,Humidity Deviation
Tomato,23.67,55.7,58.9,17.23,5.86,29.9,36.3,59.6,98.0,Healthy,Low,Optimal Conditions
Tomato,30.02,74.12,71.31,21.11,5.92,29.0,59.4,115.0,85.8,Healthy,Low,Temperature Deviation
Tomato,23.81,69.07,72.52,15.1,5.86,79.1,39.4,64.5,98.0,Healthy,Low,Optimal Conditions
Tomato,8.4,94.51,141.27,55.79,6.38,95.0,49.2,106.6,5.0,High Risk,High,Humidity Deviation
Tomato,14.5,41.88,36.6,18.95,7.42,82.7,54.3,113.9,75.0,Healthy,Low,Temperature Deviation
Tomato,38.56,14.74,5.78,38.39,6.73,117.6,12.1,62.3,5.0,High Risk,High,Temperature Deviation
Tomato,29.61,75.97,49.0,12.51,5.76,103.3,83.4,91.2,84.6,Healthy,Low,Humidity Deviation
Tomato,22.03,50.05,65.56,7.9,7.24,32.5,10.1,62.4,98.0,Healthy,Low,Optimal Conditions
Tomato,25.38,68.4,42.1,10.93,7.49,107.9,86.3,32.2,98.0,Healthy,Low,Optimal Conditions
Tomato,19.55,56.05,76.22,7.47,6.55,52.3,76.3,15.7,98.0,Healthy,Low,Optimal Conditions
Tomato,24.05,51.93,63.32,11.54,7.21,95.0,61.2,114.9,98.0,Healthy,Low,Optimal Conditions
Tomato,12.46,10.79,7.05,39.1,6.95,102.1,87.1,37.6,15.6,High Risk,High,Humidity Deviation
Tomato,15.82,74.77,50.28,15.66,6.21,45.7,55.7,88.2,85.2,Healthy,Low,Temperature Deviation
Tomato,20.24,44.74,85.77,26.13,6.63,52.6,21.6,78.6,93.7,Healthy,Low,Humidity Deviation
Tomato,14.39,73.93,50.01,29.87,5.83,77.2,59.6,77.6,81.5,Healthy,Low,Temperature Deviation
Tomato,30.92,14.89,5.7,55.5,6.52,87.8,10.5,37.6,5.0,High Risk,High,Rainfall Deviation
Tomato,25.55,52.91,83.45,14.65,5.96,38.9,60.2,109.6,98.0,Healthy,Low,Optimal Conditions
Tomato,30.62,89.96,39.85,31.05,7.01,40.5,76.4,72.9,59.5,At Risk,Moderate,Humidity Deviation
Tomato,5.49,91.27,7.29,50.11,6.13,113.8,24.0,97.2,5.0,High Risk,High,Temperature Deviation
Tomato,23.44,78.23,85.32,14.58,6.72,106.8,39.9,76.5,87.7,Healthy,Low,Humidity Deviation
Tomato,27.99,76.21,26.29,15.11,6.1,73.0,35.1,54.3,78.7,Healthy,Low,Rainfall Deviation
Tomato,12.23,61.44,78.96,25.33,7.3,58.4,46.9,39.1,79.8,Healthy,Low,Temperature Deviation
Tomato,25.78,54.01,79.67,11.44,7.49,43.7,17.4,22.9,98.0,Healthy,Low,Optimal Conditions
Tomato,34.01,90.01,2.48,41.57,6.86,96.1,44.2,109.4,5.0,High Risk,High,Rainfall Deviation
Tomato,20.1,73.22,32.09,27.33,6.86,89.3,39.5,36.5,88.2,Healthy,Low,Rainfall Deviation
Tomato,16.87,40.13,74.39,18.55,6.37,28.8,49.9,66.9,84.2,Healthy,Low,Humidity Deviation
Tomato,19.67,37.34,75.65,12.09,6.7,53.7,33.0,23.1,84.8,Healthy,Low,Humidity Deviation
Tomato,23.07,61.69,43.33,14.77,6.48,84.4,76.6,50.9,98.0,Healthy,Low,Optimal Conditions
Tomato,23.52,68.9,65.89,17.48,7.01,82.2,61.8,57.7,98.0,Healthy,Low,Optimal Conditions
Tomato,31.78,77.27,79.48,11.74,6.67,23.8,18.5,72.7,74.0,At Risk,Moderate,Temperature Deviation
Tomato,33.23,73.46,36.62,16.82,6.98,23.0,82.2,22.4,70.9,At Risk,Moderate,Temperature Deviation
Tomato,18.81,65.38,47.07,18.27,6.56,133.8,33.2,62.7,98.0,Healthy,Low,Optimal Conditions
Tomato,21.41,52.4,45.75,16.87,6.04,71.8,40.3,81.5,98.0,Healthy,Low,Optimal Conditions
Tomato,14.26,90.95,0.16,57.77,7.12,38.7,41.1,85.2,5.0,High Risk,High,Rainfall Deviation
Tomato,10.75,18.86,193.89,33.89,5.96,93.4,51.8,15.8,5.0,High Risk,High,Rainfall Deviation
Tomato,37.18,19.1,160.7,45.51,6.07,137.4,31.1,64.3,5.0,High Risk,High,Temperature Deviation
Tomato,3.1,24.29,181.37,42.09,6.4,59.8,86.6,101.4,5.0,High Risk,High,Temperature Deviation
Tomato,30.13,52.12,24.13,13.71,6.18,39.7,32.7,93.0,77.6,Healthy,Low,Rainfall Deviation
Tomato,25.74,45.78,18.12,18.03,6.46,42.4,19.6,106.4,75.8,Healthy,Low,Rainfall Deviation
Tomato,8.53,97.65,9.72,54.91,6.46,94.5,16.3,67.2,5.0,High Risk,High,Humidity Deviation
Tomato,17.92,49.37,92.99,20.42,6.09,116.2,65.7,113.4,97.6,Healthy,Low,Optimal Conditions
Tomato,24.49,54.88,85.18,6.49,6.81,114.9,38.4,115.2,98.0,Healthy,Low,Optimal Conditions
Tomato,35.99,12.6,9.67,28.64,5.56,30.6,77.7,83.4,11.5,High Risk,High,Temperature Deviation
Tomato,33.29,95.46,135.53,55.3,6.38,65.7,84.6,90.1,5.0,High Risk,High,Humidity Deviation
Tomato,18.1,17.68,143.39,55.46,6.27,98.8,70.6,35.0,21.3,High Risk,High,Humidity Deviation
Tomato,19.09,62.04,80.05,14.16,5.86,85.6,76.8,46.8,98.0,Healthy,Low,Optimal Conditions
Tomato,13.94,11.58,8.81,43.31,5.93,106.2,16.8,75.2,16.0,High Risk,High,Humidity Deviation
Tomato,25.1,70.42,85.42,19.56,6.63,22.7,89.2,73.5,98.0,Healthy,Low,Optimal Conditions
Tomato,23.9,58.74,41.2,18.87,5.52,89.3,86.9,39.9,98.0,Healthy,Low,Optimal Conditions
Tomato,18.0,51.33,42.24,17.34,7.17,107.2,38.2,101.2,98.0,Healthy,Low,Optimal Conditions
Tomato,15.0,38.21,100.11,27.48,6.01,83.5,86.8,24.4,70.8,At Risk,Moderate,Humidity Deviation
Tomato,27.77,40.94,51.56,13.04,5.58,36.4,32.9,41.6,89.1,Healthy,Low,Humidity Deviation
Tomato,33.76,68.42,83.44,29.85,6.8,67.8,16.7,45.5,77.0,Healthy,Low,Temperature Deviation
Tomato,21.91,53.46,99.87,17.09,6.16,87.6,78.2,55.5,95.6,Healthy,Low,Optimal Conditions
Tomato,21.74,54.15,86.96,15.46,5.6,55.2,14.0,102.2,98.0,Healthy,Low,Optimal Conditions
Tomato,37.54,22.74,137.71,30.16,6.51,74.7,89.8,79.2,10.6,High Risk,High,Temperature Deviation
Tomato,23.16,76.34,60.81,31.23,6.75,38.3,23.8,74.8,90.5,Healthy,Low,Humidity Deviation
Tomato,25.74,60.92,61.67,19.44,6.28,68.1,63.3,100.0,98.0,Healthy,Low,Optimal Conditions
Tomato,19.52,76.56,34.23,14.68,6.32,139.0,10.1,35.7,85.1,Healthy,Low,Humidity Deviation
Tomato,25.17,57.05,62.86,7.23,6.31,32.4,52.6,25.3,98.0,Healthy,Low,Optimal Conditions
Tomato,23.67,36.24,52.87,29.32,6.4,34.7,40.2,29.3,83.5,Healthy,Low,Humidity Deviation
Tomato,25.52,54.77,40.1,18.09,6.39,48.7,31.0,40.3,98.0,Healthy,Low,Optimal Conditions
Tomato,26.41,53.41,68.09,6.16,7.4,92.4,82.3,56.8,98.0,Healthy,Low,Optimal Conditions
Potato,7.99,21.56,222.51,58.37,4.7,84.3,35.0,38.7,5.0,High Risk,High,Rainfall Deviation
Potato,25.86,98.0,30.82,17.37,5.77,107.9,25.8,37.9,52.1,At Risk,Moderate,Humidity Deviation
Potato,15.33,90.54,91.84,16.43,5.88,58.3,43.9,66.7,81.8,Healthy,Low,Humidity Deviation
Potato,5.87,91.98,162.1,51.23,5.59,33.2,31.3,42.3,5.0,High Risk,High,Temperature Deviation
Potato,23.98,90.77,93.37,29.43,5.9,93.1,80.0,100.8,83.8,Healthy,Low,Humidity Deviation
Potato,14.98,72.73,73.49,26.89,5.38,126.8,41.6,90.4,96.4,Healthy,Low,Optimal Conditions
Potato,32.62,93.48,1.47,38.48,4.51,93.6,12.4,67.9,6.1,High Risk,High,Temperature Deviation
Potato,33.51,93.4,167.0,32.61,5.16,109.9,24.2,40.8,15.1,High Risk,High,Temperature Deviation
Potato,21.76,72.36,84.72,8.21,6.22,91.6,39.3,61.0,98.0,Healthy,Low,Optimal Conditions
Potato,25.82,87.12,49.3,16.16,5.07,116.6,61.1,74.4,81.5,Healthy,Low,Humidity Deviation
Potato,23.34,63.82,89.75,19.5,6.32,139.1,62.1,37.8,98.0,Healthy,Low,Optimal Conditions
Potato,18.6,60.14,84.08,9.03,6.54,63.1,48.4,116.4,98.0,Healthy,Low,Optimal Conditions
Potato,21.77,75.1,61.05,12.51,5.38,112.6,59.8,65.0,98.0,Healthy,Low,Optimal Conditions
Potato,16.0,98.0,32.34,19.62,4.78,46.4,57.6,117.5,60.6,At Risk,Moderate,Humidity Deviation
Potato,21.5,70.79,74.92,5.97,4.86,126.0,42.8,79.5,98.0,Healthy,Low,Optimal Conditions
Potato,14.03,55.63,53.82,23.82,6.8,41.4,33.6,117.5,87.8,Healthy,Low,Temperature Deviation
Potato,16.18,62.95,51.32,19.85,5.2,130.8,89.7,78.0,98.0,Healthy,Low,Optimal Conditions
Potato,16.65,69.63,70.31,14.09,5.6,132.1,52.8,87.8,98.0,Healthy,Low,Optimal Conditions
Potato,6.18,21.71,3.21,25.23,5.82,70.1,73.7,72.0,5.0,High Risk,High,Temperature Deviation
Potato,4.78,15.82,163.93,41.27,6.02,70.6,11.5,118.5,5.0,High Risk,High,Temperature Deviation
Potato,22.23,66.51,73.75,10.83,5.36,22.6,38.8,108.4,98.0,Healthy,Low,Optimal Conditions
Potato,14.2,42.47,32.86,19.43,6.52,30.6,40.9,24.0,60.6,At Risk,Moderate,Humidity Deviation
Potato,16.04,60.19,69.01,17.14,5.97,96.2,51.5,101.1,98.0,Healthy,Low,Optimal Conditions
Potato,32.06,95.5,198.08,54.84,4.85,68.1,16.0,72.2,5.0,High Risk,High,Rainfall Deviation
Potato,24.57,45.58,81.39,17.36,6.24,115.0,25.2,91.8,80.4,Healthy,Low,Humidity Deviation
Potato,8.58,15.91,190.68,29.84,6.63,133.8,38.9,69.5,7.8,High Risk,High,Rainfall Deviation
Potato,22.62,96.56,47.63,18.11,6.19,83.5,40.6,62.3,73.5,At Risk,Moderate,Humidity Deviation
Potato,22.16,60.82,91.47,13.11,5.82,104.5,78.8,114.0,98.0,Healthy,Low,Optimal Conditions
Potato,27.3,51.5,133.04,22.79,4.77,75.1,73.0,17.9,63.4,At Risk,Moderate,Rainfall Deviation
Potato,16.54,74.62,75.06,10.53,4.76,107.9,35.7,42.9,98.0,Healthy,Low,Optimal Conditions
Potato,31.24,89.96,54.79,28.49,4.57,63.6,75.3,100.5,56.1,At Risk,Moderate,Temperature Deviation
Potato,3.39,88.21,7.38,39.76,5.61,25.4,38.9,94.4,10.7,High Risk,High,Temperature Deviation
Potato,21.72,67.39,71.16,13.46,6.88,33.1,12.6,78.8,98.0,Healthy,Low,Optimal Conditions
Potato,7.71,20.51,6.34,41.14,6.02,59.7,50.8,28.7,5.0,High Risk,High,Rainfall Deviation
Potato,23.78,84.58,33.34,31.08,6.64,29.4,67.6,51.5,81.5,Healthy,Low,Rainfall Deviation
Potato,10.81,90.61,156.14,39.02,4.61,43.9,82.6,25.1,37.4,High Risk,High,Rainfall Deviation
Potato,30.57,17.59,218.07,49.89,6.28,33.9,55.6,74.7,5.0,High Risk,High,Rainfall Deviation
Potato,15.81,57.86,72.23,31.01,6.88,103.9,50.8,34.2,96.8,Healthy,Low,Optimal Conditions
Potato,16.48,60.35,93.91,17.14,5.92,139.8,86.2,83.8,98.0,Healthy,Low,Optimal Conditions
Potato,23.82,94.83,52.34,10.34,6.7,32.1,21.2,92.1,77.8,Healthy,Low,Humidity Deviation
Potato,31.77,14.42,210.89,29.79,6.48,72.3,20.6,50.7,5.0,High Risk,High,Rainfall Deviation
Potato,24.05,55.87,55.37,24.48,5.58,101.5,46.1,50.0,94.8,Healthy,Low,Optimal Conditions
Potato,19.29,60.46,83.43,17.68,5.39,25.5,88.9,42.7,98.0,Healthy,Low,Optimal Conditions
Potato,18.96,74.77,64.7,13.62,5.54,34.1,36.4,91.1,98.0,Healthy,Low,Optimal Conditions
Potato,19.05,44.79,115.33,20.83,6.88,42.9,83.2,42.1,75.6,Healthy,Low,Humidity Deviation
Potato,19.51,72.3,61.55,13.34,6.52,50.9,56.4,50.6,98.0,Healthy,Low,Optimal Conditions
Potato,13.6,94.95,98.81,15.33,5.19,127.8,47.4,56.2,69.2,At Risk,Moderate,Humidity Deviation
Potato,21.21,47.21,84.85,23.89,4.81,79.0,62.4,75.8,84.7,Healthy,Low,Humidity Deviation
Potato,17.29,73.43,90.45,18.62,6.53,136.9,42.7,49.8,98.0,Healthy,Low,Optimal Conditions
Potato,19.6,73.03,90.77,9.01,5.78,99.4,54.1,43.8,98.0,Healthy,Low,Optimal Conditions
Potato,13.32,83.01,31.82,20.38,5.57,48.1,14.3,60.1,73.4,At Risk,Moderate,Rainfall Deviation
Potato,13.4,91.32,37.37,23.42,6.07,125.4,60.3,38.9,65.1,At Risk,Moderate,Humidity Deviation
Potato,11.4,81.27,54.25,30.74,4.92,55.1,22.2,98.2,82.0,Healthy,Low,Temperature Deviation
Potato,16.65,65.97,75.71,11.09,4.61,134.9,86.2,44.3,98.0,Healthy,Low,Optimal Conditions
Potato,15.69,85.75,119.73,30.27,4.8,39.6,36.7,111.1,82.4,Healthy,Low,Humidity Deviation
Potato,11.99,56.77,101.95,12.31,6.68,82.0,40.8,21.0,81.3,Healthy,Low,Temperature Deviation
Potato,23.23,60.42,73.73,18.97,5.49,71.4,56.3,63.6,98.0,Healthy,Low,Optimal Conditions
Potato,16.15,72.2,96.04,6.6,5.03,64.4,74.7,43.3,98.0,Healthy,Low,Optimal Conditions
Potato,32.31,21.62,7.82,27.14,5.72,36.1,75.6,55.0,7.2,High Risk,High,Temperature Deviation
Potato,29.5,52.7,114.8,18.18,6.05,89.1,41.5,47.2,63.3,At Risk,Moderate,Temperature Deviation
Potato,20.59,68.56,63.18,16.41,5.83,28.1,39.5,107.9,98.0,Healthy,Low,Optimal Conditions
Potato,9.3,40.5,33.12,20.82,5.67,29.3,30.9,115.1,41.3,High Risk,High,Temperature Deviation
Potato,18.44,60.72,57.44,15.49,5.42,74.2,22.6,86.6,98.0,Healthy,Low,Optimal Conditions
Potato,26.69,82.57,103.74,19.98,6.63,105.0,12.6,46.1,83.9,Healthy,Low,Temperature Deviation
Potato,8.0,20.45,219.2,45.82,5.78,20.5,54.4,112.9,5.0,High Risk,High,Rainfall Deviation
Potato,23.74,67.14,56.99,10.98,5.74,95.5,50.4,71.4,98.0,Healthy,Low,Optimal Conditions
Potato,18.03,66.21,99.35,9.43,6.74,56.6,17.7,41.0,98.0,Healthy,Low,Optimal Conditions
Potato,23.83,73.49,96.58,17.52,5.95,101.0,60.0,85.0,98.0,Healthy,Low,Optimal Conditions
Potato,19.27,71.85,51.8,12.24,6.65,79.1,54.2,36.2,98.0,Healthy,Low,Optimal Conditions
Potato,21.73,85.44,69.31,30.56,4.87,117.2,75.9,89.4,91.8,Healthy,Low,Humidity Deviation
Potato,21.34,77.78,71.28,11.2,5.61,29.9,81.4,106.3,98.0,Healthy,Low,Optimal Conditions
Potato,35.91,91.92,9.01,39.59,6.29,128.1,20.3,42.9,5.0,High Risk,High,Temperature Deviation
Potato,30.82,14.92,9.35,40.77,5.47,48.8,39.8,26.7,5.6,High Risk,High,Humidity Deviation
Potato,34.48,24.83,0.36,35.99,5.73,44.1,66.9,71.3,5.0,High Risk,High,Temperature Deviation
Potato,30.25,92.6,235.23,26.63,5.8,49.7,17.6,59.5,16.1,High Risk,High,Rainfall Deviation
Potato,31.4,95.04,186.54,43.11,4.99,93.3,74.8,76.5,5.0,High Risk,High,Rainfall Deviation
Potato,14.99,48.61,94.04,29.71,5.35,57.1,68.1,47.0,82.8,Healthy,Low,Humidity Deviation
Potato,18.99,74.43,66.35,14.44,6.15,108.0,81.8,60.4,98.0,Healthy,Low,Optimal Conditions
Potato,18.55,68.64,85.69,5.2,5.29,113.6,63.7,91.8,98.0,Healthy,Low,Optimal Conditions
Potato,7.39,24.46,179.28,27.33,5.58,102.8,55.4,60.1,8.2,High Risk,High,Rainfall Deviation
Potato,9.64,97.65,0.59,35.01,4.78,27.9,70.4,32.2,16.7,High Risk,High,Rainfall Deviation
Potato,5.06,20.96,5.61,29.85,6.93,35.5,18.9,63.2,5.0,High Risk,High,Temperature Deviation
Potato,15.34,48.44,33.41,14.05,4.63,88.8,65.1,49.2,72.2,At Risk,Moderate,Humidity Deviation
Potato,21.88,57.91,53.12,14.61,6.2,63.7,21.8,51.7,97.5,Healthy,Low,Optimal Conditions
Potato,22.37,79.67,51.27,15.35,5.16,28.0,11.1,107.5,98.0,Healthy,Low,Optimal Conditions
Potato,23.96,68.85,59.38,16.66,6.82,117.9,69.6,50.1,98.0,Healthy,Low,Optimal Conditions
Potato,17.61,68.94,97.81,15.84,6.57,53.3,64.7,105.6,98.0,Healthy,Low,Optimal Conditions
Potato,25.28,43.6,43.64,27.33,6.15,81.7,17.2,82.5,70.8,At Risk,Moderate,Humidity Deviation
Potato,19.32,72.58,89.11,15.28,6.18,37.9,37.7,19.5,98.0,Healthy,Low,Optimal Conditions
Potato,23.77,94.27,67.96,22.7,5.06,24.8,54.3,28.9,78.6,Healthy,Low,Humidity Deviation
Potato,20.08,78.07,54.09,15.03,4.54,95.6,54.1,100.2,98.0,Healthy,Low,Optimal Conditions
Potato,12.01,59.75,39.78,17.99,6.65,76.2,27.1,113.1,78.6,Healthy,Low,Temperature Deviation
Potato,28.32,52.34,41.0,14.4,6.34,126.5,28.5,24.0,67.2,At Risk,Moderate,Temperature Deviation
Potato,21.26,67.37,77.46,16.16,5.52,140.0,33.8,117.7,98.0,Healthy,Low,Optimal Conditions
Potato,16.89,75.02,85.12,17.17,5.36,131.7,19.6,18.2,98.0,Healthy,Low,Optimal Conditions
Potato,22.38,73.46,71.81,8.84,4.65,60.5,46.8,87.1,98.0,Healthy,Low,Optimal Conditions
Potato,11.73,56.19,33.08,17.1,4.92,133.0,35.6,50.1,68.6,At Risk,Moderate,Temperature Deviation
Potato,34.14,12.03,233.1,50.66,5.8,21.4,51.4,25.4,5.0,High Risk,High,Temperature Deviation
Potato,26.99,87.16,28.61,31.05,5.06,74.9,19.2,78.3,62.3,At Risk,Moderate,Rainfall Deviation
Potato,18.83,76.54,50.48,16.97,5.93,138.3,57.2,20.8,98.0,Healthy,Low,Optimal Conditions
Potato,23.07,76.82,67.29,14.27,5.72,136.1,86.0,118.3,98.0,Healthy,Low,Optimal Conditions
Potato,7.14,12.56,158.52,55.97,5.12,128.5,82.8,60.6,5.0,High Risk,High,Temperature Deviation
Potato,21.81,66.74,89.75,7.46,5.85,81.0,18.0,53.1,98.0,Healthy,Low,Optimal Conditions
Potato,19.72,76.86,63.51,16.47,4.96,100.8,83.2,49.0,98.0,Healthy,Low,Optimal Conditions
Potato,5.44,89.73,229.68,55.49,4.96,47.0,62.9,64.2,5.0,High Risk,High,Rainfall Deviation
Potato,26.34,55.45,65.08,16.27,4.84,111.1,84.4,78.1,85.2,Healthy,Low,Temperature Deviation
Potato,28.14,88.03,96.36,31.8,6.7,110.0,53.0,63.5,71.4,At Risk,Moderate,Temperature Deviation
Potato,18.45,75.48,72.69,18.23,4.87,81.0,61.8,69.3,98.0,Healthy,Low,Optimal Conditions
Potato,33.13,24.51,3.73,55.09,5.04,68.6,88.5,31.6,5.0,High Risk,High,Temperature Deviation
Potato,25.42,93.44,108.37,18.7,5.08,61.1,15.7,49.8,70.8,At Risk,Moderate,Humidity Deviation
Potato,29.73,50.39,67.16,31.56,4.86,68.5,84.7,35.5,65.5,At Risk,Moderate,Temperature Deviation
Potato,3.08,96.58,2.34,36.72,6.2,75.6,45.0,104.8,5.0,High Risk,High,Temperature Deviation
Potato,23.06,77.04,75.32,12.35,5.4,139.3,18.9,77.0,98.0,Healthy,Low,Optimal Conditions
Potato,29.33,55.72,60.52,17.93,5.5,126.7,52.0,106.0,73.5,At Risk,Moderate,Temperature Deviation
Potato,23.91,54.22,48.04,17.04,6.25,33.6,76.3,94.9,91.7,Healthy,Low,Humidity Deviation
Potato,21.75,73.37,87.41,7.83,4.89,48.4,39.3,98.3,98.0,Healthy,Low,Optimal Conditions
Potato,21.17,86.07,57.58,25.48,5.47,79.8,46.4,15.9,90.9,Healthy,Low,Humidity Deviation
Potato,20.7,71.4,87.49,15.06,5.19,50.7,47.1,92.0,98.0,Healthy,Low,Optimal Conditions
Potato,23.59,70.86,65.32,15.4,4.61,78.1,48.9,32.0,98.0,Healthy,Low,Optimal Conditions
Potato,34.29,20.9,193.93,35.31,5.88,95.3,48.5,101.9,5.0,High Risk,High,Temperature Deviation
Potato,25.73,96.25,4.9,32.83,6.54,121.5,26.5,89.6,37.1,High Risk,High,Rainfall Deviation
Potato,14.05,78.48,25.36,30.75,5.5,83.4,19.8,71.7,75.9,Healthy,Low,Rainfall Deviation
Potato,18.4,95.05,92.17,26.78,4.8,111.5,45.2,104.8,77.4,Healthy,Low,Humidity Deviation
Potato,14.34,50.84,27.6,20.29,5.39,86.1,66.5,86.9,67.5,At Risk,Moderate,Rainfall Deviation
Potato,25.56,80.15,102.23,24.93,6.63,84.3,36.9,95.8,92.7,Healthy,Low,Temperature Deviation
Potato,23.13,61.43,91.77,6.37,4.64,63.6,86.5,118.3,98.0,Healthy,Low,Optimal Conditions
Potato,17.19,67.06,66.85,16.39,5.61,113.6,69.9,75.7,98.0,Healthy,Low,Optimal Conditions
Potato,25.97,13.28,212.29,57.49,5.75,126.7,46.3,44.1,5.0,High Risk,High,Rainfall Deviation
Potato,9.76,96.18,0.26,40.72,6.2,75.9,19.7,21.2,10.5,High Risk,High,Rainfall Deviation
Potato,32.11,13.26,240.69,25.62,5.1,71.7,36.6,107.8,5.0,High Risk,High,Rainfall Deviation
Potato,9.81,49.24,128.43,30.17,4.7,119.6,46.1,105.9,54.0,At Risk,Moderate,Temperature Deviation
Potato,22.58,63.19,66.69,5.43,4.81,73.5,75.5,96.2,98.0,Healthy,Low,Optimal Conditions
Potato,17.21,67.79,94.16,6.37,5.86,30.7,47.6,28.3,98.0,Healthy,Low,Optimal Conditions
Potato,17.53,65.11,63.81,14.68,4.64,29.7,25.1,106.6,98.0,Healthy,Low,Optimal Conditions
Potato,12.17,59.2,33.51,20.83,4.71,51.4,20.1,38.5,74.1,At Risk,Moderate,Temperature Deviation
Potato,23.63,65.57,72.19,18.48,6.19,94.2,66.4,102.0,98.0,Healthy,Low,Optimal Conditions
Potato,5.87,20.62,5.41,50.45,4.54,38.2,29.6,96.2,5.0,High Risk,High,Temperature Deviation
Potato,17.5,67.17,50.46,16.43,5.9,128.1,12.5,43.5,98.0,Healthy,Low,Optimal Conditions
Potato,15.92,38.76,31.23,19.44,5.19,89.5,14.7,30.7,61.1,At Risk,Moderate,Humidity Deviation
Potato,26.67,57.35,82.56,27.0,5.72,57.2,22.9,79.2,86.1,Healthy,Low,Temperature Deviation
Potato,19.46,43.48,54.1,17.7,6.34,132.9,17.4,47.1,80.2,Healthy,Low,Humidity Deviation
Potato,15.14,92.91,60.84,24.78,5.73,113.9,49.5,26.7,77.6,Healthy,Low,Humidity Deviation
Potato,23.59,64.27,90.8,8.7,5.58,98.6,22.7,92.4,98.0,Healthy,Low,Optimal Conditions
Potato,13.38,45.19,29.26,25.02,4.62,50.1,38.3,92.6,58.5,At Risk,Moderate,Humidity Deviation
Potato,13.36,46.16,109.49,29.79,6.41,121.6,82.7,110.8,70.4,At Risk,Moderate,Humidity Deviation
Potato,19.65,60.01,75.32,18.86,5.0,96.8,61.6,31.8,98.0,Healthy,Low,Optimal Conditions
Potato,19.7,63.76,79.25,12.27,5.8,36.1,51.4,20.2,98.0,Healthy,Low,Optimal Conditions
Potato,3.67,90.1,190.67,32.42,5.84,77.8,50.1,41.0,8.6,High Risk,High,Temperature Deviation
Potato,13.6,93.92,92.44,21.5,5.38,58.5,29.8,57.9,70.7,At Risk,Moderate,Humidity Deviation
Potato,15.74,78.9,43.39,28.7,4.65,47.3,30.8,55.6,94.5,Healthy,Low,Optimal Conditions
Potato,35.08,97.45,4.45,36.44,4.68,126.3,24.0,81.2,5.0,High Risk,High,Temperature Deviation
Potato,21.37,88.71,72.64,29.72,5.96,132.1,37.7,86.1,86.9,Healthy,Low,Humidity Deviation
Potato,20.95,62.59,50.1,18.97,5.89,131.2,36.7,49.4,98.0,Healthy,Low,Optimal Conditions
Potato,21.65,71.32,96.27,5.38,6.27,59.6,24.4,68.6,98.0,Healthy,Low,Optimal Conditions
Potato,15.66,50.22,33.78,25.51,6.95,24.7,55.4,92.2,75.7,Healthy,Low,Humidity Deviation
Potato,17.8,61.21,54.7,14.85,5.76,23.6,87.6,83.9,98.0,Healthy,Low,Optimal Conditions
Potato,22.0,53.11,47.11,24.18,6.84,32.9,17.9,104.5,89.7,Healthy,Low,Humidity Deviation
Potato,27.66,96.57,63.21,15.18,4.92,28.2,81.8,36.0,60.5,At Risk,Moderate,Humidity Deviation
Potato,18.29,66.09,83.4,19.31,5.32,68.9,71.7,60.4,98.0,Healthy,Low,Optimal Conditions
Potato,30.51,88.32,1.78,38.43,5.85,65.6,38.8,63.7,22.6,High Risk,High,Rainfall Deviation
Potato,17.44,71.13,92.14,7.29,4.58,49.6,88.4,102.0,98.0,Healthy,Low,Optimal Conditions
Potato,15.35,79.25,103.87,30.71,5.79,82.7,58.0,43.2,96.2,Healthy,Low,Optimal Conditions
Potato,20.43,78.84,82.13,10.0,4.53,137.8,49.4,113.5,98.0,Healthy,Low,Optimal Conditions
Potato,27.8,91.02,29.14,16.52,4.99,35.5,28.7,82.4,53.7,At Risk,Moderate,Humidity Deviation
Potato,14.33,82.19,69.71,11.07,6.48,103.9,30.9,91.6,90.9,Healthy,Low,Temperature Deviation
Potato,10.82,84.36,74.73,31.97,6.8,113.3,75.0,75.2,75.3,Healthy,Low,Temperature Deviation
Potato,21.42,74.26,99.27,13.12,5.18,102.0,88.4,33.6,98.0,Healthy,Low,Optimal Conditions
Potato,20.34,63.4,51.11,10.05,6.66,25.2,44.3,95.0,98.0,Healthy,Low,Optimal Conditions
Potato,11.03,89.34,6.43,43.68,5.34,59.8,81.8,62.6,25.1,High Risk,High,Rainfall Deviation
Potato,16.32,67.29,92.48,16.41,5.05,69.6,25.7,115.2,98.0,Healthy,Low,Optimal Conditions
Potato,22.3,84.89,51.64,13.06,6.79,131.4,64.7,16.9,92.7,Healthy,Low,Humidity Deviation
Potato,16.37,84.14,59.79,25.82,4.86,36.8,67.3,60.3,93.8,Healthy,Low,Humidity Deviation
Potato,7.94,11.88,6.83,57.03,6.71,23.9,70.1,83.8,5.0,High Risk,High,Rainfall Deviation
Potato,10.43,54.42,95.61,19.16,5.32,54.4,80.6,32.0,73.8,At Risk,Moderate,Temperature Deviation
Potato,20.57,66.87,71.08,17.1,6.76,114.9,28.8,117.9,98.0,Healthy,Low,Optimal Conditions
Potato,17.35,69.99,86.26,6.25,6.09,123.0,30.9,87.8,98.0,Healthy,Low,Optimal Conditions
Potato,19.31,65.62,81.22,10.41,6.58,135.5,84.8,32.1,98.0,Healthy,Low,Optimal Conditions
Potato,19.51,74.58,98.87,16.75,5.95,23.2,76.0,33.6,98.0,Healthy,Low,Optimal Conditions
Potato,22.8,71.33,56.43,10.8,4.71,96.6,32.6,105.9,98.0,Healthy,Low,Optimal Conditions
Potato,19.96,61.27,63.78,15.15,6.34,49.1,50.3,100.8,98.0,Healthy,Low,Optimal Conditions
Potato,17.07,68.64,80.03,5.11,5.37,92.9,86.2,57.9,98.0,Healthy,Low,Optimal Conditions
Potato,20.27,65.72,60.74,13.86,6.79,120.2,24.6,95.4,98.0,Healthy,Low,Optimal Conditions
Potato,18.33,78.4,95.55,7.53,4.66,55.2,56.5,107.1,98.0,Healthy,Low,Optimal Conditions
Potato,19.32,65.43,50.75,16.83,6.53,46.5,22.1,30.2,98.0,Healthy,Low,Optimal Conditions
Potato,13.74,88.19,49.77,10.28,6.75,85.5,79.5,107.7,79.7,Healthy,Low,Humidity Deviation
Potato,20.06,68.32,72.47,18.43,6.47,35.2,58.8,119.6,98.0,Healthy,Low,Optimal Conditions
Potato,17.76,90.06,90.13,20.14,5.7,41.3,80.1,70.2,84.9,Healthy,Low,Humidity Deviation
Potato,29.41,17.65,239.69,56.64,4.96,101.8,84.0,71.6,5.0,High Risk,High,Rainfall Deviation
Potato,8.44,21.77,216.98,59.83,6.87,91.8,21.0,42.2,5.0,High Risk,High,Rainfall Deviation
Potato,22.99,63.41,60.99,10.24,6.82,80.5,61.7,55.7,98.0,Healthy,Low,Optimal Conditions
Potato,17.78,76.05,94.67,12.4,5.39,116.9,63.8,19.3,98.0,Healthy,Low,Optimal Conditions
Potato,21.46,71.47,98.9,17.99,4.65,107.1,36.9,86.6,98.0,Healthy,Low,Optimal Conditions
Potato,25.52,42.29,31.8,31.46,4.85,60.9,35.5,22.8,59.9,At Risk,Moderate,Humidity Deviation
Potato,16.36,65.85,93.33,10.09,4.81,97.5,89.7,39.4,98.0,Healthy,Low,Optimal Conditions
Potato,23.77,63.58,75.56,8.59,6.83,137.8,75.2,48.1,98.0,Healthy,Low,Optimal Conditions
Potato,17.94,77.82,95.73,11.28,6.14,39.9,44.8,81.3,98.0,Healthy,Low,Optimal Conditions
Potato,18.86,60.02,90.21,18.34,6.92,106.3,53.9,43.3,98.0,Healthy,Low,Optimal Conditions
Potato,5.53,19.46,2.2,25.89,5.05,103.0,26.1,20.7,5.0,High Risk,High,Temperature Deviation
Potato,18.94,85.54,115.61,11.1,5.78,77.8,70.1,44.6,85.4,Healthy,Low,Humidity Deviation
Potato,23.41,71.43,55.23,7.9,7.0,43.5,58.8,59.1,98.0,Healthy,Low,Optimal Conditions
Potato,31.07,97.41,9.32,48.1,6.95,134.2,41.7,79.7,5.0,High Risk,High,Rainfall Deviation
Potato,28.93,23.38,7.23,41.87,6.94,121.5,46.4,96.4,10.1,High Risk,High,Humidity Deviation
Potato,20.5,61.49,67.4,8.39,6.3,78.8,70.1,69.1,98.0,Healthy,Low,Optimal Conditions
Potato,21.88,76.66,95.18,13.58,6.38,110.2,22.5,32.2,98.0,Healthy,Low,Optimal Conditions
Potato,18.56,69.47,99.89,11.46,6.32,103.2,26.4,21.1,98.0,Healthy,Low,Optimal Conditions
Potato,23.54,44.19,73.41,15.92,5.92,133.6,33.9,47.1,81.0,Healthy,Low,Humidity Deviation
Potato,26.82,56.69,111.16,14.09,5.22,42.1,63.9,87.1,80.3,Healthy,Low,Temperature Deviation
Potato,17.8,50.52,41.56,31.57,6.68,58.0,34.4,25.9,82.7,Healthy,Low,Humidity Deviation
Potato,9.79,97.17,220.09,41.88,6.23,49.1,52.8,86.9,5.0,High Risk,High,Rainfall Deviation
Potato,22.9,77.39,73.53,19.59,4.69,20.4,40.5,78.1,98.0,Healthy,Low,Optimal Conditions
Potato,24.75,98.0,84.89,16.38,5.33,20.4,13.7,47.7,70.0,At Risk,Moderate,Humidity Deviation
Potato,16.94,63.08,91.78,15.25,5.71,129.1,12.4,51.2,98.0,Healthy,Low,Optimal Conditions
Potato,28.17,10.99,9.46,47.63,6.22,50.6,58.0,86.9,6.0,High Risk,High,Humidity Deviation
Potato,26.65,84.24,48.42,23.43,5.78,66.6,46.6,118.9,81.9,Healthy,Low,Temperature Deviation
Potato,25.72,49.43,95.24,19.61,5.17,104.0,20.1,20.6,80.4,Healthy,Low,Humidity Deviation
Potato,28.84,51.28,50.21,20.71,5.99,50.1,23.1,56.8,70.2,At Risk,Moderate,Temperature Deviation
Potato,20.21,76.79,55.95,6.69,4.7,121.7,16.5,118.3,98.0,Healthy,Low,Optimal Conditions
Potato,18.63,61.83,79.28,13.79,5.73,57.3,39.5,48.7,98.0,Healthy,Low,Optimal Conditions
Potato,18.73,73.51,64.79,10.26,5.59,20.5,49.4,41.9,98.0,Healthy,Low,Optimal Conditions
Potato,23.29,66.45,71.3,17.41,4.92,122.0,29.3,76.8,98.0,Healthy,Low,Optimal Conditions
Potato,10.63,82.63,52.87,19.38,4.68,127.2,58.9,27.1,77.3,Healthy,Low,Temperature Deviation
Potato,15.15,52.86,31.95,14.82,4.67,109.6,50.6,40.0,75.8,Healthy,Low,Rainfall Deviation
Potato,22.28,69.25,129.77,16.44,5.85,58.0,72.0,112.7,88.1,Healthy,Low,Rainfall Deviation
Potato,22.44,69.97,69.83,19.08,5.78,76.1,63.8,42.4,98.0,Healthy,Low,Optimal Conditions
Potato,23.46,73.57,91.33,9.07,5.86,136.6,35.5,31.9,98.0,Healthy,Low,Optimal Conditions
Potato,16.01,46.51,30.56,14.78,5.97,72.3,85.9,52.5,70.2,At Risk,Moderate,Humidity Deviation
Potato,20.72,49.82,76.97,31.0,6.29,108.0,84.7,37.0,87.8,Healthy,Low,Humidity Deviation
Potato,7.25,11.72,6.2,54.67,6.05,41.5,26.9,15.7,5.0,High Risk,High,Rainfall Deviation
Potato,21.97,51.68,61.73,21.65,6.96,109.7,56.1,104.3,90.0,Healthy,Low,Humidity Deviation
Potato,16.12,73.8,54.92,6.73,6.36,52.5,60.3,111.3,98.0,Healthy,Low,Optimal Conditions
Potato,17.74,62.13,56.52,5.93,4.72,71.8,35.7,89.2,98.0,Healthy,Low,Optimal Conditions
Potato,35.1,11.38,234.25,42.79,5.6,40.9,24.0,80.7,5.0,High Risk,High,Temperature Deviation
Potato,16.45,78.4,70.25,13.87,6.71,68.3,75.7,111.0,98.0,Healthy,Low,Optimal Conditions
Potato,23.14,62.4,63.76,17.12,6.75,102.1,18.4,69.9,98.0,Healthy,Low,Optimal Conditions
Potato,17.95,75.36,37.56,20.61,5.66,82.6,86.2,78.4,91.3,Healthy,Low,Rainfall Deviation
Potato,13.77,45.13,65.94,11.77,4.61,53.7,87.7,73.0,74.3,At Risk,Moderate,Humidity Deviation
Potato,17.06,78.4,68.12,9.6,6.64,92.5,23.5,59.3,98.0,Healthy,Low,Optimal Conditions
Potato,27.42,97.79,179.55,36.88,6.74,71.1,73.2,39.8,25.0,High Risk,High,Rainfall Deviation
Potato,2.88,22.7,8.77,43.32,4.62,139.7,69.6,103.0,5.0,High Risk,High,Temperature Deviation
Potato,16.84,70.3,88.61,14.57,6.08,110.9,28.2,84.5,98.0,Healthy,Low,Optimal Conditions
Potato,16.56,64.04,89.7,18.44,5.21,42.8,12.1,114.5,98.0,Healthy,Low,Optimal Conditions
Potato,26.02,58.29,45.5,12.36,6.46,33.5,67.9,55.5,86.7,Healthy,Low,Temperature Deviation
Potato,22.5,71.59,61.79,18.42,4.61,44.2,70.2,89.5,98.0,Healthy,Low,Optimal Conditions
Potato,16.5,77.16,65.68,7.94,5.79,129.2,13.5,95.4,98.0,Healthy,Low,Optimal Conditions
Potato,14.24,76.31,90.28,25.62,4.69,58.2,19.3,114.7,93.8,Healthy,Low,Temperature Deviation
Potato,21.71,71.43,55.38,13.42,6.15,125.8,15.6,46.0,98.0,Healthy,Low,Optimal Conditions
Potato,23.14,45.68,87.21,27.52,4.71,83.0,26.7,22.0,82.8,Healthy,Low,Humidity Deviation
Potato,17.73,89.11,98.25,12.59,6.87,123.7,11.8,97.1,86.3,Healthy,Low,Humidity Deviation
Potato,25.45,98.0,100.96,30.53,6.58,79.9,66.1,74.5,66.8,At Risk,Moderate,Humidity Deviation
Potato,18.9,89.28,23.52,29.61,5.48,87.1,52.3,79.7,67.5,At Risk,Moderate,Rainfall Deviation
Potato,5.23,22.48,202.09,31.23,6.44,58.6,74.4,33.3,5.0,High Risk,High,Rainfall Deviation
Potato,23.89,88.44,49.12,15.36,5.47,136.8,79.0,16.6,86.7,Healthy,Low,Humidity Deviation
Potato,31.28,94.75,2.82,37.84,5.18,74.5,74.6,62.9,11.5,High Risk,High,Rainfall Deviation
Potato,5.13,24.67,237.07,32.86,6.76,85.3,44.9,58.6,5.0,High Risk,High,Rainfall Deviation
Potato,5.39,12.91,8.25,46.29,6.11,99.8,39.8,99.6,5.0,High Risk,High,Temperature Deviation
Potato,28.09,78.73,114.83,21.81,6.37,48.2,80.3,70.8,77.7,Healthy,Low,Temperature Deviation
Potato,14.69,59.36,41.88,27.27,6.94,48.8,79.0,80.3,89.0,Healthy,Low,Rainfall Deviation
Potato,33.02,12.78,9.9,54.31,6.65,64.6,34.6,96.2,5.0,High Risk,High,Temperature Deviation
Potato,33.22,96.72,6.7,33.49,5.81,48.0,74.6,55.6,7.7,High Risk,High,Temperature Deviation
Potato,32.14,22.8,0.7,38.34,6.01,104.1,57.5,111.6,5.0,High Risk,High,Rainfall Deviation
Potato,24.34,43.74,68.04,23.06,6.99,114.4,31.9,42.8,79.1,Healthy,Low,Humidity Deviation
Potato,22.75,60.55,61.51,18.57,6.1,47.2,27.5,105.6,98.0,Healthy,Low,Optimal Conditions
Potato,13.2,22.56,5.18,48.37,6.78,72.4,34.3,43.4,8.8,High Risk,High,Rainfall Deviation
Potato,20.16,79.76,90.76,18.46,6.05,77.8,89.2,62.0,98.0,Healthy,Low,Optimal Conditions
Potato,29.28,14.18,3.57,49.47,4.82,138.2,58.6,67.6,5.0,High Risk,High,Rainfall Deviation
Potato,23.19,64.88,64.29,6.84,6.4,91.5,58.7,37.9,98.0,Healthy,Low,Optimal Conditions
Potato,13.43,90.39,55.43,14.5,6.79,130.8,21.7,91.0,75.4,Healthy,Low,Humidity Deviation
Potato,20.79,63.57,57.29,5.06,6.85,119.5,16.2,77.9,98.0,Healthy,Low,Optimal Conditions
Potato,18.11,77.48,55.72,14.02,5.5,42.9,46.2,113.8,98.0,Healthy,Low,Optimal Conditions
Potato,25.75,80.82,78.08,19.16,6.48,72.6,44.6,73.5,91.8,Healthy,Low,Temperature Deviation
Potato,23.07,84.5,69.08,15.84,4.95,98.0,77.8,47.8,93.3,Healthy,Low,Humidity Deviation
Potato,15.06,91.1,88.19,28.45,6.06,108.4,37.9,114.2,80.1,Healthy,Low,Humidity Deviation
Potato,24.45,92.77,61.24,15.39,6.3,63.2,73.2,29.4,79.0,Healthy,Low,Humidity Deviation
Potato,19.71,68.48,71.65,11.67,6.97,43.2,71.5,72.9,98.0,Healthy,Low,Optimal Conditions
Potato,21.07,77.07,73.33,17.97,4.73,98.4,36.7,55.6,98.0,Healthy,Low,Optimal Conditions
Potato,27.15,89.39,43.76,24.75,5.04,101.2,17.3,30.5,68.9,At Risk,Moderate,Humidity Deviation
Potato,26.03,53.76,56.79,20.07,5.3,125.8,62.6,46.0,84.4,Healthy,Low,Temperature Deviation
Potato,20.52,81.77,81.44,18.45,4.79,44.0,14.2,61.0,97.3,Healthy,Low,Optimal Conditions
Potato,33.19,21.86,235.79,38.35,5.08,32.1,18.8,96.9,5.0,High Risk,High,Rainfall Deviation
Potato,32.49,11.03,163.13,25.89,6.01,54.8,44.6,66.3,10.8,High Risk,High,Temperature Deviation
Potato,19.89,68.53,85.63,14.68,4.96,44.7,30.1,33.8,98.0,Healthy,Low,Optimal Conditions
Potato,27.53,82.4,127.6,23.46,4.93,139.5,52.3,103.2,71.3,At Risk,Moderate,Temperature Deviation
Potato,21.33,78.25,76.6,9.33,4.82,55.5,38.4,89.5,98.0,Healthy,Low,Optimal Conditions
Potato,16.85,67.74,72.93,14.43,6.27,126.7,33.1,70.5,98.0,Healthy,Low,Optimal Conditions
Potato,16.01,71.59,90.79,5.55,4.51,107.3,64.7,57.6,98.0,Healthy,Low,Optimal Conditions
Potato,25.08,61.69,39.62,13.07,4.61,85.0,73.5,79.1,88.4,Healthy,Low,Rainfall Deviation
Potato,16.25,88.96,49.37,21.46,6.21,25.3,46.8,61.6,86.1,Healthy,Low,Humidity Deviation
Potato,24.92,86.26,34.56,18.24,6.65,81.8,52.8,105.4,76.1,Healthy,Low,Rainfall Deviation
Potato,26.75,53.83,113.02,13.56,6.08,130.8,64.0,35.5,76.4,Healthy,Low,Temperature Deviation
Potato,18.02,67.83,57.96,16.97,5.39,132.3,77.4,110.4,98.0,Healthy,Low,Optimal Conditions
Potato,20.59,66.43,62.85,14.11,6.54,31.2,32.1,36.5,98.0,Healthy,Low,Optimal Conditions
Potato,20.3,43.18,52.92,28.58,6.0,36.1,41.3,117.0,79.8,Healthy,Low,Humidity Deviation
Potato,22.94,61.86,66.71,10.26,4.63,34.3,25.5,103.0,98.0,Healthy,Low,Optimal Conditions
Potato,18.39,60.2,84.78,14.3,6.11,64.9,26.7,90.6,98.0,Healthy,Low,Optimal Conditions
Potato,32.14,21.3,171.62,31.47,5.82,137.0,57.2,69.9,8.8,High Risk,High,Temperature Deviation
Potato,22.6,60.05,86.38,12.75,5.51,24.8,31.8,57.1,98.0,Healthy,Low,Optimal Conditions
Potato,29.07,48.69,47.43,26.13,6.35,138.4,60.2,109.5,64.4,At Risk,Moderate,Temperature Deviation
Potato,20.53,78.4,64.36,7.32,5.38,115.1,16.8,78.0,98.0,Healthy,Low,Optimal Conditions
Potato,19.48,79.32,59.76,5.51,5.57,89.3,33.8,71.9,98.0,Healthy,Low,Optimal Conditions
Potato,31.08,96.85,249.74,58.52,5.02,24.6,79.8,94.0,5.0,High Risk,High,Rainfall Deviation
Pepper,29.85,60.05,78.04,12.58,6.35,73.9,36.8,71.0,98.0,Healthy,Low,Optimal Conditions
Pepper,18.75,84.99,97.59,29.83,6.5,102.2,10.9,103.9,64.4,At Risk,Moderate,Humidity Deviation
Pepper,10.0,93.56,3.31,54.49,6.56,65.2,17.0,64.3,5.0,High Risk,High,Humidity Deviation
Pepper,26.3,40.44,75.45,11.11,6.23,138.1,24.6,70.4,88.5,Healthy,Low,Humidity Deviation
Pepper,21.22,61.74,51.9,18.59,6.23,45.0,53.6,98.5,98.0,Healthy,Low,Optimal Conditions
Pepper,25.06,65.47,44.14,18.54,5.98,40.5,57.1,33.4,98.0,Healthy,Low,Optimal Conditions
Pepper,31.35,81.02,13.88,16.21,6.47,41.4,82.6,83.0,55.2,At Risk,Moderate,Rainfall Deviation
Pepper,25.55,67.36,95.7,11.86,6.83,101.0,32.5,16.6,92.1,Healthy,Low,Rainfall Deviation
Pepper,22.5,66.33,58.61,18.78,6.92,54.5,77.6,27.3,98.0,Healthy,Low,Optimal Conditions
Pepper,26.09,56.83,53.18,15.31,7.03,58.7,36.0,71.1,98.0,Healthy,Low,Optimal Conditions
Pepper,30.36,87.46,23.85,21.72,5.9,51.2,58.9,19.3,58.3,At Risk,Moderate,Humidity Deviation
Pepper,8.33,92.74,142.25,58.29,6.66,101.3,18.2,64.8,5.0,High Risk,High,Temperature Deviation
Pepper,10.01,19.9,4.28,36.37,7.18,56.5,85.2,41.3,5.0,High Risk,High,Temperature Deviation
Pepper,26.28,65.23,60.06,18.23,5.57,130.7,25.7,107.8,98.0,Healthy,Low,Optimal Conditions
Pepper,28.33,63.43,47.04,18.77,5.94,49.3,75.1,26.1,98.0,Healthy,Low,Optimal Conditions
Pepper,25.04,66.61,45.9,13.22,6.78,123.3,84.8,97.4,98.0,Healthy,Low,Optimal Conditions
Pepper,15.48,39.84,82.55,21.76,6.1,72.5,86.6,55.4,70.7,At Risk,Moderate,Temperature Deviation
Pepper,24.64,62.96,40.48,9.99,6.21,75.6,34.1,85.0,98.0,Healthy,Low,Optimal Conditions
Pepper,13.25,88.21,8.3,27.64,6.65,117.8,70.2,100.8,21.3,High Risk,High,Rainfall Deviation
Pepper,20.98,67.04,47.17,11.57,5.66,99.2,30.7,84.0,98.0,Healthy,Low,Optimal Conditions
Pepper,23.97,52.05,51.28,6.32,7.25,67.4,82.1,117.0,98.0,Healthy,Low,Optimal Conditions
Pepper,13.89,17.57,197.79,35.29,6.17,32.3,82.0,45.0,8.2,High Risk,High,Rainfall Deviation
Pepper,29.2,66.11,45.64,16.54,7.14,29.4,76.0,72.5,98.0,Healthy,Low,Optimal Conditions
Pepper,20.46,72.11,69.39,17.6,6.57,122.8,40.0,89.5,96.8,Healthy,Low,Optimal Conditions
Pepper,31.43,98.42,168.42,47.44,6.22,119.1,15.8,35.6,5.0,High Risk,High,Rainfall Deviation
Pepper,26.27,63.7,44.97,19.16,6.11,105.6,51.9,38.4,98.0,Healthy,Low,Optimal Conditions
Pepper,33.32,22.53,3.09,52.9,6.9,61.1,62.9,26.9,5.0,High Risk,High,Rainfall Deviation
Pepper,16.38,98.85,147.17,38.53,6.86,134.8,11.9,71.5,13.5,High Risk,High,Humidity Deviation
Pepper,25.58,59.33,63.03,13.26,7.23,86.3,77.7,48.6,98.0,Healthy,Low,Optimal Conditions
Pepper,24.7,55.57,55.19,13.98,6.54,96.4,38.1,48.2,98.0,Healthy,Low,Optimal Conditions
Pepper,25.79,43.78,65.98,31.45,5.93,95.3,73.8,113.6,92.5,Healthy,Low,Humidity Deviation
Pepper,16.08,78.5,44.19,14.28,5.86,76.3,82.9,16.0,73.5,At Risk,Moderate,Temperature Deviation
Pepper,23.34,71.47,84.38,31.16,6.31,87.3,56.8,40.3,95.6,Healthy,Low,Optimal Conditions
Pepper,29.5,36.65,53.33,16.2,6.63,69.3,28.7,69.0,84.0,Healthy,Low,Humidity Deviation
Pepper,17.33,76.15,60.4,15.86,6.1,59.5,48.4,103.6,81.4,Healthy,Low,Temperature Deviation
Pepper,28.06,52.3,75.8,7.78,5.57,39.0,25.3,68.4,98.0,Healthy,Low,Optimal Conditions
Pepper,27.16,51.02,59.91,9.99,6.64,25.2,12.8,59.9,98.0,Healthy,Low,Optimal Conditions
Pepper,14.06,88.37,5.87,29.77,6.62,59.0,46.6,37.6,21.8,High Risk,High,Rainfall Deviation
Pepper,36.33,12.29,178.05,55.37,6.41,126.3,66.2,89.4,5.0,High Risk,High,Rainfall Deviation
Pepper,18.61,78.33,60.53,16.83,6.15,76.8,54.9,99.9,82.7,Healthy,Low,Humidity Deviation
Pepper,28.72,65.15,68.91,6.3,5.54,91.3,79.1,76.4,98.0,Healthy,Low,Optimal Conditions
Pepper,20.91,63.99,68.87,7.59,5.55,69.0,56.6,89.1,98.0,Healthy,Low,Optimal Conditions
Pepper,35.12,98.56,144.17,33.85,6.96,23.4,65.2,77.4,12.4,High Risk,High,Humidity Deviation
Pepper,21.66,63.18,52.49,8.99,5.61,112.0,80.6,101.1,98.0,Healthy,Low,Optimal Conditions
Pepper,20.0,43.62,41.91,20.98,7.21,132.9,24.5,34.4,92.3,Healthy,Low,Humidity Deviation
Pepper,27.89,50.12,45.09,13.07,5.95,31.1,38.8,43.8,98.0,Healthy,Low,Optimal Conditions
Pepper,33.06,43.56,25.6,26.54,6.55,34.2,66.0,88.8,67.4,At Risk,Moderate,Rainfall Deviation
Pepper,20.57,50.97,63.65,16.08,6.78,92.8,77.7,46.0,98.0,Healthy,Low,Optimal Conditions
Pepper,17.3,10.19,146.39,45.51,6.44,58.3,69.9,90.1,11.6,High Risk,High,Rainfall Deviation
Pepper,23.23,55.75,45.15,16.29,5.58,38.1,18.4,101.7,98.0,Healthy,Low,Optimal Conditions
Pepper,26.65,50.89,71.46,18.69,6.38,116.5,66.5,98.5,98.0,Healthy,Low,Optimal Conditions
Pepper,30.25,84.56,95.36,21.68,7.24,128.4,51.0,110.1,69.5,At Risk,Moderate,Humidity Deviation
Pepper,22.3,54.65,66.49,12.52,6.69,102.3,11.8,20.7,98.0,Healthy,Low,Optimal Conditions
Pepper,30.28,74.84,65.48,10.86,6.52,126.4,35.9,41.0,91.6,Healthy,Low,Humidity Deviation
Pepper,25.77,68.28,36.31,17.28,6.12,54.8,46.4,50.4,96.8,Healthy,Low,Optimal Conditions
Pepper,24.72,48.87,25.54,30.14,6.33,97.6,31.2,31.4,86.0,Healthy,Low,Rainfall Deviation
Pepper,35.1,18.48,2.82,43.21,5.89,109.2,13.4,102.3,5.0,High Risk,High,Rainfall Deviation
Pepper,4.83,19.56,162.49,33.63,7.21,102.6,86.1,74.0,5.0,High Risk,High,Temperature Deviation
Pepper,7.93,23.51,180.75,37.64,5.53,139.7,19.8,72.0,5.0,High Risk,High,Temperature Deviation
Pepper,25.84,77.97,59.41,12.53,7.07,91.9,78.0,106.1,88.0,Healthy,Low,Humidity Deviation
Pepper,21.11,84.52,62.37,25.43,6.43,79.6,34.0,110.0,78.2,Healthy,Low,Humidity Deviation
Pepper,28.7,57.53,75.22,15.93,5.69,119.8,64.6,18.4,98.0,Healthy,Low,Optimal Conditions
Pepper,26.36,63.25,69.87,15.8,6.69,111.9,56.0,42.4,98.0,Healthy,Low,Optimal Conditions
Pepper,37.08,91.79,171.89,37.59,6.16,137.8,78.9,19.7,5.0,High Risk,High,Rainfall Deviation
Pepper,27.23,44.91,91.71,11.16,6.83,33.2,63.6,96.8,88.0,Healthy,Low,Humidity Deviation
Pepper,28.97,82.42,32.04,14.37,7.01,103.6,19.0,66.9,74.4,At Risk,Moderate,Humidity Deviation
Pepper,33.12,75.27,40.16,23.21,6.37,43.8,21.2,27.9,79.6,Healthy,Low,Temperature Deviation
Pepper,5.67,88.38,0.8,47.51,6.61,115.8,80.1,68.6,5.0,High Risk,High,Temperature Deviation
Pepper,32.22,79.27,43.97,20.75,7.05,34.4,82.8,103.9,77.2,Healthy,Low,Humidity Deviation
Pepper,33.33,38.7,54.53,31.91,5.93,128.1,17.6,89.5,73.1,At Risk,Moderate,Humidity Deviation
Pepper,23.0,68.93,50.53,15.1,5.82,31.2,37.1,80.5,98.0,Healthy,Low,Optimal Conditions
Pepper,23.0,64.17,44.11,11.7,7.2,67.6,44.7,92.5,98.0,Healthy,Low,Optimal Conditions
Pepper,32.75,93.74,54.83,23.87,6.67,90.0,24.7,78.4,54.0,At Risk,Moderate,Humidity Deviation
Pepper,26.09,61.08,66.21,18.43,7.03,137.7,88.1,96.1,98.0,Healthy,Low,Optimal Conditions
Pepper,37.44,94.18,185.17,36.8,6.44,124.4,10.7,89.6,5.0,High Risk,High,Rainfall Deviation
Pepper,22.08,50.24,75.86,18.68,5.61,82.6,22.2,94.7,98.0,Healthy,Low,Optimal Conditions
Pepper,28.04,30.02,100.39,26.09,6.82,32.6,31.7,22.0,65.8,At Risk,Moderate,Humidity Deviation
Pepper,21.58,67.61,49.59,19.55,6.58,48.5,49.8,38.0,98.0,Healthy,Low,Optimal Conditions
Pepper,36.23,92.86,6.71,38.1,7.09,100.1,26.4,48.6,7.0,High Risk,High,Humidity Deviation
Pepper,19.62,37.34,103.13,24.89,5.88,63.2,48.2,78.5,71.9,At Risk,Moderate,Humidity Deviation
Pepper,30.25,48.1,93.88,16.13,6.62,77.6,33.1,68.6,89.8,Healthy,Low,Rainfall Deviation
Pepper,26.4,52.31,69.24,7.67,7.3,118.8,37.5,59.8,98.0,Healthy,Low,Optimal Conditions
Pepper,27.67,57.61,70.21,5.28,5.74,63.8,18.7,78.1,98.0,Healthy,Low,Optimal Conditions
Pepper,28.6,65.23,48.65,12.26,6.31,107.0,42.1,18.5,98.0,Healthy,Low,Optimal Conditions
Pepper,24.66,69.49,75.25,7.72,6.8,132.4,10.7,90.7,98.0,Healthy,Low,Optimal Conditions
Pepper,30.84,51.39,65.14,28.45,7.28,76.7,87.6,72.5,96.6,Healthy,Low,Optimal Conditions
Pepper,18.85,62.12,57.03,28.85,6.24,22.7,60.9,92.8,96.0,Healthy,Low,Optimal Conditions
Pepper,24.77,69.84,63.05,10.27,6.63,41.6,25.9,112.1,98.0,Healthy,Low,Optimal Conditions
Pepper,23.11,60.88,75.99,16.72,5.58,103.2,50.3,64.9,98.0,Healthy,Low,Optimal Conditions
Pepper,29.97,77.49,21.3,21.45,7.27,82.8,24.6,17.3,72.4,At Risk,Moderate,Rainfall Deviation
Pepper,29.18,69.93,77.81,15.94,6.5,90.9,53.1,89.2,98.0,Healthy,Low,Optimal Conditions
Pepper,26.69,52.43,50.63,17.54,7.13,84.7,12.5,112.3,98.0,Healthy,Low,Optimal Conditions
Pepper,18.12,50.76,95.33,29.55,5.51,117.6,38.0,90.4,85.7,Healthy,Low,Rainfall Deviation
Pepper,26.06,62.94,56.2,12.69,6.81,77.2,11.1,16.4,98.0,Healthy,Low,Optimal Conditions
Pepper,25.4,37.62,47.38,15.41,6.08,57.0,39.0,120.0,85.1,Healthy,Low,Humidity Deviation
Pepper,23.29,43.93,86.85,25.49,6.93,113.8,18.3,44.3,89.3,Healthy,Low,Humidity Deviation
Pepper,29.35,59.75,44.44,9.34,7.07,121.6,82.0,55.8,98.0,Healthy,Low,Optimal Conditions
Pepper,26.69,48.74,34.02,31.79,6.42,33.9,47.6,34.1,93.3,Healthy,Low,Rainfall Deviation
Pepper,21.44,34.6,84.32,31.83,6.83,113.2,12.1,67.2,79.4,Healthy,Low,Humidity Deviation
Pepper,21.37,37.34,15.14,31.64,7.04,99.2,68.8,22.6,63.1,At Risk,Moderate,Rainfall Deviation
Pepper,21.02,51.75,61.9,8.23,7.05,73.5,65.6,83.6,98.0,Healthy,Low,Optimal Conditions
Pepper,22.43,56.85,71.87,13.79,5.96,118.1,14.4,88.4,98.0,Healthy,Low,Optimal Conditions
Pepper,27.31,68.55,70.0,11.63,5.77,116.8,46.9,22.9,98.0,Healthy,Low,Optimal Conditions
Pepper,14.01,38.37,39.79,30.09,6.36,130.5,36.7,38.8,64.9,At Risk,Moderate,Temperature Deviation
Pepper,28.32,42.23,63.05,30.5,6.49,94.4,63.2,73.9,90.7,Healthy,Low,Humidity Deviation
Pepper,39.62,95.57,6.82,44.15,6.69,135.4,43.8,95.3,5.0,High Risk,High,Temperature Deviation
Pepper,28.9,62.66,65.16,7.14,5.57,104.2,19.4,28.3,98.0,Healthy,Low,Optimal Conditions
Pepper,20.98,62.51,56.88,8.99,6.29,121.3,84.2,66.2,98.0,Healthy,Low,Optimal Conditions
Pepper,24.75,38.66,43.28,18.41,6.25,61.8,28.8,63.1,86.4,Healthy,Low,Humidity Deviation
Pepper,29.87,28.66,48.87,30.74,6.31,80.0,86.9,63.1,74.4,At Risk,Moderate,Humidity Deviation
Pepper,19.21,83.63,82.28,31.12,5.99,109.3,43.5,66.0,75.6,Healthy,Low,Humidity Deviation
Pepper,10.87,18.19,124.42,54.66,6.35,86.8,89.6,114.9,5.0,High Risk,High,Temperature Deviation
Pepper,28.69,57.81,42.85,13.64,7.26,136.9,20.1,96.0,98.0,Healthy,Low,Optimal Conditions
Pepper,39.05,11.14,2.63,45.51,5.88,54.1,83.6,59.9,5.0,High Risk,High,Temperature Deviation
Pepper,28.99,84.66,49.58,11.77,6.66,130.6,34.0,75.8,78.0,Healthy,Low,Humidity Deviation
Pepper,8.17,16.22,6.22,46.59,6.45,59.1,29.5,80.5,5.0,High Risk,High,Temperature Deviation
Pepper,29.11,59.83,60.47,11.25,6.92,71.0,31.5,105.5,98.0,Healthy,Low,Optimal Conditions
Pepper,21.64,65.37,40.22,13.39,6.07,122.9,81.8,79.1,98.0,Healthy,Low,Optimal Conditions
Pepper,34.16,71.83,48.34,16.98,7.23,117.5,77.0,16.6,80.6,Healthy,Low,Temperature Deviation
Pepper,16.42,12.42,5.01,29.62,7.2,35.8,38.1,47.0,26.9,High Risk,High,Rainfall Deviation
Pepper,36.61,23.79,4.18,59.0,6.13,54.9,58.1,96.4,5.0,High Risk,High,Rainfall Deviation
Pepper,35.35,57.47,25.26,16.29,5.61,135.7,59.9,33.2,65.7,At Risk,Moderate,Temperature Deviation
Pepper,23.7,56.15,51.17,12.02,7.14,88.2,51.7,99.7,98.0,Healthy,Low,Optimal Conditions
Pepper,21.97,59.92,68.21,12.28,5.79,131.6,36.3,97.8,98.0,Healthy,Low,Optimal Conditions
Pepper,38.8,92.08,125.22,49.24,5.95,42.2,28.4,42.7,5.0,High Risk,High,Temperature Deviation
Pepper,26.59,52.32,55.49,14.38,6.02,27.8,16.5,28.2,98.0,Healthy,Low,Optimal Conditions
Pepper,33.62,98.49,158.49,52.28,6.08,71.6,48.4,112.3,5.0,High Risk,High,Rainfall Deviation
Pepper,21.97,64.11,63.1,8.77,6.02,64.1,46.0,100.9,98.0,Healthy,Low,Optimal Conditions
Pepper,28.98,58.26,49.22,12.63,6.69,25.4,67.3,94.9,98.0,Healthy,Low,Optimal Conditions
Pepper,21.68,54.08,71.87,9.08,6.93,84.9,71.4,73.1,98.0,Healthy,Low,Optimal Conditions
Pepper,29.11,64.31,59.36,14.56,6.61,63.0,43.9,48.4,98.0,Healthy,Low,Optimal Conditions
Pepper,10.73,92.23,162.74,45.56,5.79,21.8,66.1,72.8,5.0,High Risk,High,Rainfall Deviation
Pepper,34.02,85.0,78.0,27.42,6.07,50.4,51.2,119.7,61.4,At Risk,Moderate,Humidity Deviation
Pepper,16.97,17.24,159.02,54.92,6.2,33.8,77.4,67.3,5.0,High Risk,High,Rainfall Deviation
Pepper,21.15,53.18,70.04,15.66,5.87,121.6,32.5,98.3,98.0,Healthy,Low,Optimal Conditions
Pepper,29.71,28.09,85.19,26.76,5.92,136.0,59.8,15.6,71.1,At Risk,Moderate,Humidity Deviation
Pepper,24.37,66.18,52.21,9.97,5.63,54.0,67.4,81.6,98.0,Healthy,Low,Optimal Conditions
Pepper,21.15,57.54,69.75,17.49,5.53,59.5,43.9,110.7,98.0,Healthy,Low,Optimal Conditions
Pepper,21.24,30.77,73.81,20.12,6.68,51.3,11.8,29.8,76.9,Healthy,Low,Humidity Deviation
Pepper,22.82,65.29,44.27,18.76,7.11,129.1,69.2,26.2,98.0,Healthy,Low,Optimal Conditions
Pepper,21.31,69.75,53.32,13.78,6.9,130.5,70.4,85.8,98.0,Healthy,Low,Optimal Conditions
Pepper,19.43,32.65,65.99,13.21,6.16,101.7,69.4,100.4,77.2,Healthy,Low,Humidity Deviation
Pepper,20.36,69.49,40.57,19.41,6.99,129.4,41.0,35.7,98.0,Healthy,Low,Optimal Conditions
Pepper,23.11,46.7,36.55,29.59,5.52,137.2,60.0,30.9,93.0,Healthy,Low,Optimal Conditions
Pepper,25.38,54.7,52.05,8.68,6.67,86.4,16.2,70.3,98.0,Healthy,Low,Optimal Conditions
Pepper,23.5,77.22,25.96,12.37,6.28,45.7,44.4,119.1,76.9,Healthy,Low,Rainfall Deviation
Pepper,22.84,87.34,81.16,10.43,6.01,26.4,82.0,91.1,73.4,At Risk,Moderate,Humidity Deviation
Pepper,37.65,20.54,192.33,44.91,5.99,93.9,27.4,96.1,5.0,High Risk,High,Rainfall Deviation
Pepper,28.9,67.23,54.5,10.79,6.76,30.8,16.5,29.3,98.0,Healthy,Low,Optimal Conditions
Pepper,21.03,63.84,102.92,17.46,6.67,87.5,70.9,105.9,88.5,Healthy,Low,Rainfall Deviation
Pepper,17.59,80.01,45.83,12.87,6.79,101.7,89.4,81.0,76.5,Healthy,Low,Humidity Deviation
Pepper,43.62,91.19,2.54,49.87,7.06,137.1,86.2,49.2,5.0,High Risk,High,Temperature Deviation
Pepper,21.1,54.95,75.3,10.41,6.62,99.9,72.5,34.2,98.0,Healthy,Low,Optimal Conditions
Pepper,24.48,57.3,79.32,17.52,6.36,125.5,37.8,97.5,98.0,Healthy,Low,Optimal Conditions
Pepper,27.72,59.13,44.3,9.1,6.22,109.9,15.8,84.3,98.0,Healthy,Low,Optimal Conditions
Pepper,20.12,50.02,89.13,22.62,7.29,139.3,43.9,81.7,95.4,Healthy,Low,Optimal Conditions
Pepper,23.24,40.81,85.41,18.59,6.13,71.8,69.4,67.7,86.3,Healthy,Low,Humidity Deviation
Pepper,40.36,91.09,163.81,25.42,5.71,130.9,77.9,66.0,5.0,High Risk,High,Temperature Deviation
Pepper,27.54,77.92,36.41,17.38,6.76,76.8,51.4,77.2,85.0,Healthy,Low,Humidity Deviation
Pepper,29.03,36.51,57.98,25.04,6.9,86.2,24.5,60.2,83.8,Healthy,Low,Humidity Deviation
Pepper,20.66,67.76,79.07,27.15,6.55,137.1,76.2,119.8,98.0,Healthy,Low,Optimal Conditions
Pepper,29.83,71.63,56.47,20.11,6.04,95.5,65.4,56.8,97.6,Healthy,Low,Optimal Conditions
Pepper,20.94,66.91,42.26,13.88,5.83,47.5,31.9,19.0,98.0,Healthy,Low,Optimal Conditions
Pepper,26.5,59.97,71.89,5.92,7.1,139.6,11.3,116.6,98.0,Healthy,Low,Optimal Conditions
Pepper,26.93,55.85,60.87,12.66,6.15,106.1,58.0,68.4,98.0,Healthy,Low,Optimal Conditions
Pepper,15.3,17.75,2.31,35.92,5.71,74.8,88.7,69.0,19.2,High Risk,High,Rainfall Deviation
Pepper,34.06,88.93,15.89,26.22,6.83,79.6,13.7,75.9,34.3,High Risk,High,Humidity Deviation
Pepper,22.35,76.3,25.03,19.4,7.12,74.5,25.8,31.8,77.4,Healthy,Low,Rainfall Deviation
Pepper,19.97,88.11,66.51,19.04,6.07,36.9,40.3,85.6,72.7,At Risk,Moderate,Humidity Deviation
Pepper,25.8,61.86,63.48,12.94,5.71,46.2,74.0,67.7,98.0,Healthy,Low,Optimal Conditions
Pepper,12.98,57.9,69.06,22.93,6.54,85.2,37.1,89.2,75.4,Healthy,Low,Temperature Deviation
Pepper,37.07,10.59,1.56,28.12,6.54,98.0,51.3,34.2,8.1,High Risk,High,Rainfall Deviation
Pepper,14.63,73.02,94.19,15.39,6.22,59.5,71.7,111.2,69.6,At Risk,Moderate,Temperature Deviation
Pepper,15.09,19.65,0.07,27.64,7.03,69.6,66.0,86.6,17.9,High Risk,High,Rainfall Deviation
Pepper,28.5,42.25,81.05,28.84,7.13,79.9,45.8,94.9,90.2,Healthy,Low,Humidity Deviation
Pepper,17.13,67.86,80.13,17.13,6.84,44.4,26.2,88.1,89.9,Healthy,Low,Temperature Deviation
Pepper,43.98,88.1,127.34,53.17,6.43,102.2,83.2,71.8,5.0,High Risk,High,Temperature Deviation
Pepper,14.87,36.54,37.47,29.63,6.3,91.7,12.6,64.3,63.7,At Risk,Moderate,Temperature Deviation
Pepper,32.39,43.93,51.95,15.43,6.83,113.7,41.8,55.3,83.2,Healthy,Low,Temperature Deviation
Pepper,28.16,50.42,44.42,15.23,5.67,116.2,53.2,31.5,98.0,Healthy,Low,Optimal Conditions
Pepper,30.65,42.12,76.03,27.05,6.67,48.1,21.7,81.0,87.9,Healthy,Low,Humidity Deviation
Pepper,27.09,72.56,32.3,24.69,6.53,121.6,59.7,81.6,89.4,Healthy,Low,Rainfall Deviation
Pepper,24.16,56.89,40.46,9.7,6.37,92.0,84.8,40.1,98.0,Healthy,Low,Optimal Conditions
Pepper,28.69,68.84,59.52,6.73,6.37,33.1,80.7,89.4,98.0,Healthy,Low,Optimal Conditions
Pepper,28.87,62.76,78.13,19.71,5.51,34.4,53.8,115.4,98.0,Healthy,Low,Optimal Conditions
Pepper,45.17,96.9,157.26,27.59,6.23,60.5,72.8,58.1,5.0,High Risk,High,Temperature Deviation
Pepper,26.62,48.06,81.09,11.83,5.71,84.3,50.9,43.5,97.1,Healthy,Low,Optimal Conditions
Pepper,14.18,11.0,3.99,29.6,6.94,34.3,42.6,49.0,18.1,High Risk,High,Rainfall Deviation
Pepper,31.37,85.59,36.6,14.33,7.23,49.4,29.8,114.1,68.2,At Risk,Moderate,Humidity Deviation
Pepper,33.35,10.93,7.72,52.56,5.58,32.8,75.2,80.5,5.0,High Risk,High,Humidity Deviation
Pepper,24.05,60.77,73.74,5.91,6.57,106.0,88.2,99.8,98.0,Healthy,Low,Optimal Conditions
Pepper,27.1,65.27,69.19,17.3,7.13,31.8,18.4,98.6,98.0,Healthy,Low,Optimal Conditions
Pepper,20.59,58.02,72.8,6.9,6.71,20.4,18.8,51.8,98.0,Healthy,Low,Optimal Conditions
Pepper,28.46,67.28,70.22,8.64,6.44,42.1,32.5,69.2,98.0,Healthy,Low,Optimal Conditions
Pepper,34.02,85.21,35.98,22.26,6.58,136.2,78.4,36.6,57.6,At Risk,Moderate,Humidity Deviation
Pepper,21.07,72.85,88.62,25.7,6.69,20.8,21.4,38.4,91.4,Healthy,Low,Optimal Conditions
Pepper,21.46,58.21,43.01,16.25,6.92,88.9,17.2,108.5,98.0,Healthy,Low,Optimal Conditions
Pepper,15.16,11.8,4.79,53.82,7.11,25.8,24.9,46.1,5.0,High Risk,High,Rainfall Deviation
Pepper,24.85,65.98,78.05,18.34,6.32,96.4,28.5,57.3,98.0,Healthy,Low,Optimal Conditions
Pepper,11.97,88.68,190.89,38.69,6.22,111.8,50.0,91.2,5.0,High Risk,High,Rainfall Deviation
Pepper,27.3,46.55,37.78,23.92,5.89,97.7,83.8,15.5,93.9,Healthy,Low,Optimal Conditions
Pepper,21.55,41.95,49.24,20.0,6.33,100.4,30.4,93.9,90.3,Healthy,Low,Humidity Deviation
Pepper,23.96,63.12,73.13,16.87,6.8,63.1,19.8,37.8,98.0,Healthy,Low,Optimal Conditions
Pepper,13.32,96.75,171.51,35.04,5.95,20.6,41.7,65.9,5.0,High Risk,High,Rainfall Deviation
Pepper,30.89,66.47,33.58,31.36,6.49,41.9,77.3,56.5,90.8,Healthy,Low,Rainfall Deviation
Pepper,34.61,89.31,5.74,36.19,6.21,49.8,13.1,48.5,20.9,High Risk,High,Rainfall Deviation
Pepper,22.0,75.97,92.4,16.95,6.94,105.8,73.3,113.4,84.8,Healthy,Low,Humidity Deviation
Pepper,34.46,33.85,36.72,31.94,6.69,130.7,44.9,89.6,59.9,At Risk,Moderate,Humidity Deviation
Pepper,26.7,84.63,15.26,11.46,6.32,108.5,22.6,43.5,56.4,At Risk,Moderate,Humidity Deviation
Pepper,23.99,54.5,54.1,15.93,6.6,29.7,61.0,65.1,98.0,Healthy,Low,Optimal Conditions
Pepper,30.02,94.35,174.31,50.53,5.51,108.1,20.5,39.0,5.0,High Risk,High,Rainfall Deviation
Pepper,22.47,65.96,45.3,19.91,6.09,130.6,25.2,34.7,98.0,Healthy,Low,Optimal Conditions
Pepper,15.26,73.98,74.93,18.14,6.95,58.5,46.7,90.7,77.4,Healthy,Low,Temperature Deviation
Pepper,27.93,63.23,56.42,12.56,7.24,99.4,82.4,33.8,98.0,Healthy,Low,Optimal Conditions
Pepper,36.36,79.51,71.97,29.44,7.12,55.0,22.5,30.7,60.3,At Risk,Moderate,Temperature Deviation
Pepper,27.12,32.66,77.24,29.21,6.42,27.0,55.1,98.7,79.2,Healthy,Low,Humidity Deviation
Pepper,20.73,53.76,69.84,13.88,6.47,49.9,36.6,116.4,98.0,Healthy,Low,Optimal Conditions
Pepper,29.02,61.61,44.93,12.01,7.21,70.2,79.1,41.9,98.0,Healthy,Low,Optimal Conditions
Pepper,30.8,30.46,65.42,23.38,5.91,102.5,73.6,62.7,73.4,At Risk,Moderate,Humidity Deviation
Pepper,34.83,88.61,136.85,30.59,7.17,102.0,62.4,73.3,24.3,High Risk,High,Rainfall Deviation
Pepper,26.21,58.2,45.82,15.34,5.73,42.9,75.4,84.3,98.0,Healthy,Low,Optimal Conditions
Pepper,33.88,81.3,82.7,12.41,6.43,67.4,51.5,61.2,66.2,At Risk,Moderate,Humidity Deviation
Pepper,34.76,44.96,46.13,18.03,6.51,72.6,32.9,25.0,74.9,At Risk,Moderate,Temperature Deviation
Pepper,33.45,12.2,138.14,54.68,6.54,51.9,31.9,56.0,5.0,High Risk,High,Humidity Deviation
Pepper,33.05,74.91,63.87,26.87,6.55,30.3,77.9,72.4,80.5,Healthy,Low,Temperature Deviation
Pepper,34.64,22.64,4.88,58.9,7.18,69.4,73.2,83.7,5.0,High Risk,High,Rainfall Deviation
Pepper,25.36,64.95,75.84,17.94,5.78,78.6,48.3,109.4,98.0,Healthy,Low,Optimal Conditions
Pepper,27.39,62.37,76.86,11.85,6.68,136.7,69.5,22.1,98.0,Healthy,Low,Optimal Conditions
Pepper,28.21,56.7,68.24,15.5,7.29,76.4,69.0,20.1,98.0,Healthy,Low,Optimal Conditions
Pepper,35.95,42.82,60.8,20.93,6.87,27.7,43.3,85.8,67.6,At Risk,Moderate,Temperature Deviation
Pepper,23.26,51.29,66.05,19.56,6.99,137.0,77.6,104.8,98.0,Healthy,Low,Optimal Conditions
Pepper,19.46,63.86,73.61,14.97,6.13,98.3,81.4,55.4,98.0,Healthy,Low,Optimal Conditions
Pepper,29.52,44.93,56.0,18.36,7.09,50.3,46.3,82.1,93.9,Healthy,Low,Humidity Deviation
Pepper,17.73,24.61,4.45,35.64,6.94,136.5,77.2,110.5,30.0,High Risk,High,Rainfall Deviation
Pepper,22.58,79.76,84.01,31.66,5.89,105.7,52.7,100.8,83.4,Healthy,Low,Humidity Deviation
Pepper,31.02,72.98,81.47,26.0,6.38,28.0,81.2,108.5,90.7,Healthy,Low,Optimal Conditions
Pepper,29.14,65.16,56.03,9.97,7.26,105.5,40.3,82.4,98.0,Healthy,Low,Optimal Conditions
Pepper,17.5,87.97,82.86,10.05,7.24,47.8,83.4,26.4,62.8,At Risk,Moderate,Humidity Deviation
Pepper,22.35,69.92,40.18,14.59,7.07,100.7,39.0,115.6,98.0,Healthy,Low,Optimal Conditions
Pepper,14.61,92.41,144.16,26.61,6.69,113.0,27.0,43.7,15.4,High Risk,High,Humidity Deviation
Pepper,22.97,52.2,54.81,10.53,6.95,116.1,73.7,74.5,98.0,Healthy,Low,Optimal Conditions
Pepper,24.11,56.35,63.28,19.07,6.01,75.1,62.4,103.7,98.0,Healthy,Low,Optimal Conditions
Pepper,22.8,67.7,43.21,14.08,7.05,130.6,11.0,53.8,98.0,Healthy,Low,Optimal Conditions
Pepper,25.68,62.66,79.99,12.69,6.49,69.7,21.8,46.8,98.0,Healthy,Low,Optimal Conditions
Pepper,28.01,60.92,51.85,12.34,5.89,42.2,78.8,114.2,98.0,Healthy,Low,Optimal Conditions
Pepper,27.65,59.07,55.56,15.34,5.98,22.5,27.1,34.4,98.0,Healthy,Low,Optimal Conditions
Pepper,23.21,59.49,69.43,9.88,5.85,47.7,81.3,36.5,98.0,Healthy,Low,Optimal Conditions
Pepper,32.28,95.48,5.88,47.14,6.47,38.1,46.9,72.2,7.8,High Risk,High,Humidity Deviation
Pepper,18.6,98.41,1.42,45.63,6.91,35.1,61.1,115.1,10.4,High Risk,High,Humidity Deviation
Pepper,27.44,56.42,72.68,15.46,7.17,105.4,42.8,16.1,98.0,Healthy,Low,Optimal Conditions
Pepper,18.32,82.08,37.26,28.84,6.43,47.8,11.2,83.6,73.6,At Risk,Moderate,Humidity Deviation
Pepper,32.37,76.2,23.91,23.85,6.53,86.9,76.1,34.3,67.1,At Risk,Moderate,Rainfall Deviation
Pepper,16.12,73.83,30.02,21.99,7.25,103.4,49.3,96.6,71.9,At Risk,Moderate,Temperature Deviation
Pepper,27.18,83.34,43.15,31.18,6.29,52.1,14.8,92.0,80.0,Healthy,Low,Humidity Deviation
Pepper,20.06,83.44,67.71,12.15,6.66,41.7,30.6,108.3,79.8,Healthy,Low,Humidity Deviation
Pepper,25.67,57.95,42.96,10.44,6.23,127.5,36.0,54.8,98.0,Healthy,Low,Optimal Conditions
Pepper,26.16,36.22,33.68,20.52,6.68,118.8,40.0,111.3,77.9,Healthy,Low,Humidity Deviation
Pepper,25.31,69.23,77.53,15.44,6.08,46.3,16.4,89.4,98.0,Healthy,Low,Optimal Conditions
Pepper,26.31,86.85,21.51,15.26,6.74,123.1,41.0,106.9,58.5,At Risk,Moderate,Humidity Deviation
Pepper,21.97,56.59,64.37,10.51,6.71,48.4,66.1,51.5,98.0,Healthy,Low,Optimal Conditions
Pepper,22.48,41.9,91.15,25.78,6.92,108.0,46.1,31.7,84.7,Healthy,Low,Humidity Deviation
Pepper,22.07,57.23,59.57,19.39,7.23,112.4,88.4,119.8,98.0,Healthy,Low,Optimal Conditions
Pepper,37.09,14.99,150.67,32.75,6.2,81.9,50.5,94.2,6.3,High Risk,High,Rainfall Deviation
Pepper,29.46,56.86,52.01,15.28,6.95,65.4,69.7,107.8,98.0,Healthy,Low,Optimal Conditions
Pepper,19.02,45.16,34.59,29.02,6.55,107.5,28.9,42.7,86.0,Healthy,Low,Humidity Deviation
Pepper,26.88,56.98,56.2,15.64,7.25,39.4,15.0,35.5,98.0,Healthy,Low,Optimal Conditions
Pepper,21.26,36.96,60.45,13.49,7.21,118.9,87.8,33.9,84.3,Healthy,Low,Humidity Deviation
Pepper,20.17,64.49,65.76,7.67,6.92,55.9,20.8,59.4,98.0,Healthy,Low,Optimal Conditions
Pepper,22.63,57.43,74.07,16.89,6.3,106.9,55.5,50.8,98.0,Healthy,Low,Optimal Conditions
Pepper,30.5,37.45,32.63,25.14,6.05,65.0,68.0,65.5,76.5,Healthy,Low,Humidity Deviation
Pepper,29.43,79.23,85.64,31.74,6.74,131.8,19.4,21.4,83.3,Healthy,Low,Humidity Deviation
Pepper,21.37,60.52,60.76,13.63,6.84,136.6,80.3,27.4,98.0,Healthy,Low,Optimal Conditions
Pepper,22.56,53.54,61.79,13.3,5.91,105.4,68.6,17.2,98.0,Healthy,Low,Optimal Conditions
Pepper,28.9,60.41,53.91,8.81,5.94,32.0,75.4,24.1,98.0,Healthy,Low,Optimal Conditions
Pepper,20.46,65.63,41.57,9.62,6.53,69.1,32.6,43.9,98.0,Healthy,Low,Optimal Conditions
Pepper,24.04,75.73,65.8,10.17,6.12,110.2,86.8,60.3,91.4,Healthy,Low,Humidity Deviation
Pepper,24.46,58.56,65.04,16.01,6.91,98.0,45.0,114.8,98.0,Healthy,Low,Optimal Conditions
Pepper,32.26,43.72,95.02,21.74,6.02,98.9,32.0,101.1,75.9,Healthy,Low,Temperature Deviation
Pepper,29.88,62.1,73.78,6.09,6.13,108.5,62.4,35.4,98.0,Healthy,Low,Optimal Conditions
Pepper,22.63,62.27,53.78,9.64,5.87,69.1,25.6,116.1,98.0,Healthy,Low,Optimal Conditions
Pepper,29.13,58.57,55.11,8.47,6.64,102.3,47.4,20.8,98.0,Healthy,Low,Optimal Conditions
Pepper,43.94,15.0,156.49,52.47,5.52,102.5,35.5,38.5,5.0,High Risk,High,Temperature Deviation
Pepper,32.71,92.32,7.2,43.7,7.22,33.6,26.6,116.1,14.0,High Risk,High,Humidity Deviation
Pepper,16.22,90.84,124.64,33.16,5.87,123.0,25.2,119.7,33.2,High Risk,High,Humidity Deviation
Pepper,20.84,63.82,64.39,20.0,6.94,71.5,64.1,100.9,98.0,Healthy,Low,Optimal Conditions
Pepper,33.25,34.89,56.57,26.5,6.67,107.9,17.0,91.3,68.9,At Risk,Moderate,Humidity Deviation
Pepper,23.4,68.85,60.12,19.51,5.66,77.3,15.0,81.2,98.0,Healthy,Low,Optimal Conditions
Pepper,21.75,55.18,69.95,7.46,7.02,35.8,12.8,56.5,98.0,Healthy,Low,Optimal Conditions
Pepper,34.36,16.43,156.81,47.85,5.73,65.4,83.9,79.8,5.0,High Risk,High,Rainfall Deviation
Pepper,21.94,72.61,51.91,27.78,6.49,20.2,60.9,93.6,96.1,Healthy,Low,Optimal Conditions
Pepper,24.65,69.31,51.92,8.35,5.88,87.1,86.0,78.9,98.0,Healthy,Low,Optimal Conditions
Pepper,26.39,62.5,63.88,7.39,6.64,71.6,11.5,71.7,98.0,Healthy,Low,Optimal Conditions
Pepper,36.24,11.0,2.74,50.55,6.79,30.9,84.3,64.3,5.0,High Risk,High,Rainfall Deviation
Pepper,13.87,88.47,162.03,33.5,5.8,91.1,70.9,49.9,10.8,High Risk,High,Rainfall Deviation
Pepper,30.54,44.61,52.0,10.86,5.61,30.9,72.1,34.9,91.4,Healthy,Low,Humidity Deviation
Pepper,29.46,79.42,95.82,28.98,6.43,61.7,61.2,61.8,78.0,Healthy,Low,Humidity Deviation
Pepper,23.78,69.88,41.94,15.45,7.01,97.8,55.6,89.3,98.0,Healthy,Low,Optimal Conditions
Pepper,20.91,69.25,57.29,14.98,6.46,26.6,86.2,98.2,98.0,Healthy,Low,Optimal Conditions
Pepper,29.82,64.74,58.89,14.17,5.69,87.2,15.9,72.2,98.0,Healthy,Low,Optimal Conditions
Pepper,20.46,84.79,31.33,14.17,6.55,43.6,74.4,47.1,70.2,At Risk,Moderate,Humidity Deviation
Apple,22.44,66.18,123.24,11.19,6.19,80.7,14.9,31.2,98.0,Healthy,Low,Optimal Conditions
Apple,21.8,69.68,81.6,9.15,7.39,30.3,53.8,69.8,98.0,Healthy,Low,Optimal Conditions
Apple,20.8,76.02,144.05,22.72,7.42,66.2,82.1,101.2,94.1,Healthy,Low,Optimal Conditions
Apple,16.43,54.66,170.77,18.33,5.56,108.0,73.3,72.0,87.0,Healthy,Low,Rainfall Deviation
Apple,22.21,58.85,96.37,5.37,5.83,132.9,56.2,99.6,98.0,Healthy,Low,Optimal Conditions
Apple,8.0,81.47,127.1,17.34,6.62,61.5,43.3,98.7,76.3,Healthy,Low,Temperature Deviation
Apple,19.43,65.11,88.3,15.91,6.6,77.3,63.4,99.2,98.0,Healthy,Low,Optimal Conditions
Apple,2.0,98.8,264.16,55.29,6.07,64.0,58.7,106.3,5.0,High Risk,High,Rainfall Deviation
Apple,8.31,11.74,5.33,30.34,6.32,114.8,81.2,88.8,24.7,High Risk,High,Rainfall Deviation
Apple,20.04,59.82,88.92,7.94,7.05,97.8,58.9,85.1,98.0,Healthy,Low,Optimal Conditions
Apple,17.34,67.67,108.2,16.88,6.07,112.4,45.2,85.4,98.0,Healthy,Low,Optimal Conditions
Apple,25.92,77.1,116.84,16.0,5.94,85.0,79.5,96.2,89.2,Healthy,Low,Temperature Deviation
Apple,13.53,90.81,96.26,25.7,5.55,89.6,77.2,54.9,76.3,Healthy,Low,Humidity Deviation
Apple,20.57,73.59,113.03,13.68,5.96,21.8,65.6,39.3,98.0,Healthy,Low,Optimal Conditions
Apple,2.99,91.44,9.38,25.71,6.94,125.7,55.5,17.7,13.5,High Risk,High,Temperature Deviation
Apple,17.26,66.75,99.78,18.74,7.38,32.9,21.1,52.6,98.0,Healthy,Low,Optimal Conditions
Apple,19.03,70.46,78.15,17.04,6.72,137.7,62.1,90.2,98.0,Healthy,Low,Optimal Conditions
Apple,21.23,56.59,109.39,5.83,5.73,32.9,14.2,48.7,98.0,Healthy,Low,Optimal Conditions
Apple,33.77,13.66,1.92,46.53,6.4,39.0,52.5,44.6,5.0,High Risk,High,Temperature Deviation
Apple,17.6,66.8,72.81,11.03,6.02,23.7,20.1,29.6,98.0,Healthy,Low,Optimal Conditions
Apple,21.64,63.79,78.83,6.5,6.1,115.8,39.2,31.8,98.0,Healthy,Low,Optimal Conditions
Apple,18.66,55.59,107.66,10.93,5.52,100.9,67.0,81.0,98.0,Healthy,Low,Optimal Conditions
Apple,18.36,62.74,112.04,13.75,5.66,97.2,65.0,53.9,98.0,Healthy,Low,Optimal Conditions
Apple,10.66,16.48,8.14,44.0,7.08,65.1,89.6,114.3,20.9,High Risk,High,Rainfall Deviation
Apple,22.75,68.61,100.13,13.74,7.18,134.1,54.8,34.0,98.0,Healthy,Low,Optimal Conditions
Apple,21.51,41.12,96.46,24.69,7.23,134.8,20.1,25.1,83.3,Healthy,Low,Humidity Deviation
Apple,33.94,98.77,2.38,47.39,6.17,110.4,31.7,81.1,5.0,High Risk,High,Temperature Deviation
Apple,19.54,74.03,84.11,16.67,6.09,104.9,66.0,34.4,98.0,Healthy,Low,Optimal Conditions
Apple,10.31,80.27,141.05,13.77,7.03,63.7,75.4,25.3,82.8,Healthy,Low,Humidity Deviation
Apple,23.45,53.71,126.24,13.36,7.04,72.3,24.2,94.7,98.0,Healthy,Low,Optimal Conditions
Apple,32.59,97.61,310.63,32.09,6.21,137.6,88.7,38.4,5.0,High Risk,High,Rainfall Deviation
Apple,15.25,62.95,96.46,14.28,7.3,59.6,78.0,24.8,98.0,Healthy,Low,Optimal Conditions
Apple,18.05,56.19,93.55,18.45,5.98,104.7,34.2,19.7,98.0,Healthy,Low,Optimal Conditions
Apple,28.45,47.29,161.16,21.79,5.74,98.2,15.3,25.5,63.3,At Risk,Moderate,Temperature Deviation
Apple,16.45,64.24,90.35,5.51,5.81,33.8,44.5,37.3,98.0,Healthy,Low,Optimal Conditions
Apple,17.66,59.71,84.76,17.5,6.6,122.8,51.2,110.5,98.0,Healthy,Low,Optimal Conditions
Apple,19.4,65.06,125.12,11.28,7.21,87.7,66.7,108.1,98.0,Healthy,Low,Optimal Conditions
Apple,11.23,89.02,270.51,41.33,7.17,124.7,13.9,31.9,26.8,High Risk,High,Rainfall Deviation
Apple,19.14,62.22,120.64,15.75,5.7,94.9,19.0,41.8,98.0,Healthy,Low,Optimal Conditions
Apple,14.08,67.33,103.82,7.64,7.48,70.6,17.8,27.7,98.0,Healthy,Low,Optimal Conditions
Apple,24.02,80.38,138.6,27.46,6.61,132.4,19.0,28.7,89.2,Healthy,Low,Humidity Deviation
Apple,29.81,96.51,221.21,54.7,6.02,43.4,35.1,62.5,5.0,High Risk,High,Humidity Deviation
Apple,33.24,11.15,283.95,40.09,6.63,119.5,36.1,115.4,5.0,High Risk,High,Rainfall Deviation
Apple,28.28,49.73,149.17,27.52,6.4,34.6,54.7,42.8,70.7,At Risk,Moderate,Temperature Deviation
Apple,12.21,62.66,118.53,13.14,5.52,76.4,33.3,65.1,98.0,Healthy,Low,Optimal Conditions
Apple,23.18,55.82,111.02,17.77,7.42,41.3,52.5,19.6,98.0,Healthy,Low,Optimal Conditions
Apple,30.41,83.12,80.48,13.6,6.07,113.8,46.8,119.3,62.2,At Risk,Moderate,Temperature Deviation
Apple,17.56,61.01,84.18,18.83,7.0,60.0,66.0,116.4,98.0,Healthy,Low,Optimal Conditions
Apple,15.17,59.01,122.19,7.69,6.12,85.3,59.7,99.9,98.0,Healthy,Low,Optimal Conditions
Apple,18.41,74.31,87.84,8.72,6.92,112.5,43.2,37.4,98.0,Healthy,Low,Optimal Conditions
Apple,17.16,84.72,71.72,23.13,6.83,44.0,31.5,61.2,85.4,Healthy,Low,Humidity Deviation
Apple,21.29,62.35,79.75,8.77,5.93,107.8,47.6,89.4,98.0,Healthy,Low,Optimal Conditions
Apple,22.68,74.67,110.19,17.96,6.52,132.2,76.5,119.1,98.0,Healthy,Low,Optimal Conditions
Apple,11.61,88.2,126.8,22.3,7.27,89.5,28.2,23.3,78.8,Healthy,Low,Humidity Deviation
Apple,11.2,51.03,128.65,19.49,5.6,139.1,50.6,17.5,92.4,Healthy,Low,Optimal Conditions
Apple,9.96,80.25,55.29,11.34,5.88,73.5,50.3,43.3,77.6,Healthy,Low,Humidity Deviation
Apple,19.62,92.34,54.88,22.17,6.16,49.2,75.2,26.2,66.4,At Risk,Moderate,Humidity Deviation
Apple,19.24,88.51,24.96,17.68,5.67,122.4,66.2,99.0,57.2,At Risk,Moderate,Rainfall Deviation
Apple,8.19,86.01,33.62,25.68,5.89,35.6,37.0,96.0,52.0,At Risk,Moderate,Rainfall Deviation
Apple,14.76,55.17,128.1,13.88,6.94,98.2,21.5,77.5,98.0,Healthy,Low,Optimal Conditions
Apple,16.81,66.38,103.53,6.79,5.57,115.8,68.1,23.6,98.0,Healthy,Low,Optimal Conditions
Apple,22.71,70.38,129.77,8.81,6.48,48.4,59.8,27.1,98.0,Healthy,Low,Optimal Conditions
Apple,12.86,68.87,99.64,14.27,7.26,108.8,46.9,118.4,98.0,Healthy,Low,Optimal Conditions
Apple,29.74,79.43,37.19,25.41,5.52,101.9,77.6,64.3,54.0,At Risk,Moderate,Temperature Deviation
Apple,36.53,12.55,6.49,58.98,6.21,135.0,13.1,112.3,5.0,High Risk,High,Temperature Deviation
Apple,22.95,56.12,126.89,8.01,6.11,78.9,40.5,85.1,98.0,Healthy,Low,Optimal Conditions
Apple,2.71,21.22,8.86,42.31,5.58,38.6,20.3,33.0,5.0,High Risk,High,Temperature Deviation
Apple,22.3,66.2,92.99,11.15,6.43,28.9,32.0,104.4,98.0,Healthy,Low,Optimal Conditions
Apple,15.52,84.03,52.24,28.65,7.34,84.4,27.2,111.2,77.6,Healthy,Low,Humidity Deviation
Apple,12.58,61.55,113.62,18.85,6.77,134.2,17.4,21.4,98.0,Healthy,Low,Optimal Conditions
Apple,29.8,73.21,103.0,17.58,6.1,101.1,54.1,29.5,76.8,Healthy,Low,Temperature Deviation
Apple,9.83,88.83,3.65,35.17,6.34,73.4,82.8,25.9,38.2,High Risk,High,Rainfall Deviation
Apple,18.45,68.97,107.84,19.12,7.09,86.8,27.2,62.3,98.0,Healthy,Low,Optimal Conditions
Apple,22.54,73.26,104.8,22.09,5.8,132.9,10.0,94.3,98.0,Healthy,Low,Optimal Conditions
Apple,22.15,56.2,127.18,6.52,7.08,82.1,44.4,44.4,98.0,Healthy,Low,Optimal Conditions
Apple,29.42,18.44,249.54,43.06,5.98,43.2,86.3,36.3,5.0,High Risk,High,Rainfall Deviation
Apple,26.41,10.32,9.62,32.23,7.36,21.1,56.7,106.4,30.2,High Risk,High,Rainfall Deviation
Apple,19.08,56.01,118.88,9.12,7.48,130.6,68.6,67.2,98.0,Healthy,Low,Optimal Conditions
Apple,16.18,51.44,129.88,30.93,5.66,89.9,83.2,16.0,95.7,Healthy,Low,Optimal Conditions
Apple,30.03,59.27,53.41,17.83,7.25,72.6,55.4,33.8,67.6,At Risk,Moderate,Temperature Deviation
Apple,15.63,83.41,161.19,22.34,6.84,33.5,21.5,63.8,77.8,Healthy,Low,Humidity Deviation
Apple,2.0,95.17,8.6,54.63,7.41,22.5,38.2,85.2,5.0,High Risk,High,Temperature Deviation
Apple,30.61,79.38,97.3,24.68,6.33,101.6,42.1,27.0,67.0,At Risk,Moderate,Temperature Deviation
Apple,22.11,79.85,65.92,30.41,6.65,35.6,24.1,28.9,90.7,Healthy,Low,Humidity Deviation
Apple,16.55,70.94,81.48,15.88,6.48,140.0,72.1,116.7,98.0,Healthy,Low,Optimal Conditions
Apple,13.48,65.12,77.45,12.39,6.04,78.9,86.0,45.3,98.0,Healthy,Low,Optimal Conditions
Apple,33.11,21.96,7.24,43.41,5.52,77.1,36.9,85.9,5.0,High Risk,High,Temperature Deviation
Apple,18.49,36.95,155.29,19.94,6.0,58.0,70.2,82.2,70.6,At Risk,Moderate,Humidity Deviation
Apple,29.68,55.99,82.81,15.74,5.74,71.0,85.5,67.6,77.3,Healthy,Low,Temperature Deviation
Apple,19.15,95.04,153.58,26.64,6.97,27.7,41.9,24.0,62.7,At Risk,Moderate,Humidity Deviation
Apple,18.85,72.58,86.98,14.35,5.83,62.5,85.8,93.5,98.0,Healthy,Low,Optimal Conditions
Apple,21.15,42.71,82.12,13.75,5.78,94.8,34.9,61.3,85.3,Healthy,Low,Humidity Deviation
Apple,19.78,64.4,127.81,10.29,6.98,50.9,50.7,73.0,98.0,Healthy,Low,Optimal Conditions
Apple,17.66,60.59,70.36,8.23,6.9,112.5,32.4,57.8,98.0,Healthy,Low,Optimal Conditions
Apple,14.84,70.58,106.36,8.09,6.01,118.0,26.7,50.1,98.0,Healthy,Low,Optimal Conditions
Apple,28.0,83.12,51.71,23.74,6.09,39.0,82.5,88.0,62.7,At Risk,Moderate,Temperature Deviation
Apple,16.33,69.82,117.45,7.65,7.37,114.2,78.5,30.1,98.0,Healthy,Low,Optimal Conditions
Apple,15.66,56.29,75.46,7.15,6.92,23.6,16.7,114.1,98.0,Healthy,Low,Optimal Conditions
Apple,18.45,67.85,127.52,18.5,6.38,133.1,44.6,85.3,98.0,Healthy,Low,Optimal Conditions
Apple,19.64,65.76,106.41,15.24,5.85,56.2,68.9,32.2,98.0,Healthy,Low,Optimal Conditions
Apple,20.0,73.75,74.52,12.75,5.66,65.5,24.0,83.2,98.0,Healthy,Low,Optimal Conditions
Apple,21.7,79.72,72.42,31.67,6.09,97.4,78.4,75.9,92.9,Healthy,Low,Humidity Deviation
Apple,15.07,46.21,144.03,25.35,5.59,66.9,80.5,31.9,85.1,Healthy,Low,Humidity Deviation
Apple,16.86,62.12,103.74,19.94,6.01,104.6,70.6,76.4,98.0,Healthy,Low,Optimal Conditions
Apple,18.87,74.07,90.52,14.6,7.42,115.8,65.1,117.0,98.0,Healthy,Low,Optimal Conditions
Apple,21.27,63.14,91.63,12.81,5.57,57.5,23.3,29.6,98.0,Healthy,Low,Optimal Conditions
Apple,21.63,59.02,101.88,16.23,5.98,130.9,79.3,41.4,98.0,Healthy,Low,Optimal Conditions
Apple,27.31,24.01,7.12,46.73,6.3,23.1,48.1,61.4,7.7,High Risk,High,Rainfall Deviation
Apple,15.26,52.43,107.67,29.43,7.36,50.7,39.4,118.3,96.9,Healthy,Low,Optimal Conditions
Apple,13.11,38.01,44.04,28.39,7.29,39.5,73.0,92.8,66.6,At Risk,Moderate,Humidity Deviation
Apple,17.06,63.46,115.6,17.56,5.69,87.6,70.9,97.6,98.0,Healthy,Low,Optimal Conditions
Apple,18.31,72.15,89.11,11.38,7.11,30.7,78.8,47.7,98.0,Healthy,Low,Optimal Conditions
Apple,14.81,56.79,75.54,15.39,5.93,132.2,51.3,63.3,98.0,Healthy,Low,Optimal Conditions
Apple,20.31,64.05,77.72,18.2,6.36,28.9,52.3,83.0,98.0,Healthy,Low,Optimal Conditions
Apple,21.6,68.4,109.02,11.31,7.42,52.9,56.2,47.5,98.0,Healthy,Low,Optimal Conditions
Apple,25.02,45.31,108.05,24.17,7.34,73.5,48.9,40.0,84.3,Healthy,Low,Humidity Deviation
Apple,15.43,62.01,71.24,5.62,6.86,101.8,36.4,108.0,98.0,Healthy,Low,Optimal Conditions
Apple,16.75,69.63,114.61,17.92,5.56,42.1,61.2,50.5,98.0,Healthy,Low,Optimal Conditions
Apple,19.04,62.86,91.85,8.97,5.51,41.9,47.9,44.0,98.0,Healthy,Low,Optimal Conditions
Apple,4.32,89.22,260.85,52.9,6.39,58.9,69.1,79.5,5.0,High Risk,High,Rainfall Deviation
Apple,30.86,50.1,61.4,31.06,7.45,97.0,38.8,100.8,62.4,At Risk,Moderate,Temperature Deviation
Apple,15.49,74.71,118.86,19.09,6.69,68.9,88.4,47.5,98.0,Healthy,Low,Optimal Conditions
Apple,29.05,50.2,157.1,27.19,6.95,84.0,80.7,62.2,65.7,At Risk,Moderate,Temperature Deviation
Apple,22.05,60.59,73.22,6.89,6.72,92.8,30.8,91.4,98.0,Healthy,Low,Optimal Conditions
Apple,9.65,38.86,45.75,31.24,6.35,91.8,32.3,94.6,60.3,At Risk,Moderate,Humidity Deviation
Apple,21.44,59.61,75.87,12.18,7.13,66.2,12.3,73.1,98.0,Healthy,Low,Optimal Conditions
Apple,20.85,42.83,165.12,27.88,7.31,23.6,21.2,23.9,74.6,At Risk,Moderate,Humidity Deviation
Apple,17.3,67.84,100.05,18.55,7.38,39.6,78.2,65.6,98.0,Healthy,Low,Optimal Conditions
Apple,25.96,52.44,133.11,16.86,6.58,50.6,59.7,62.0,88.1,Healthy,Low,Temperature Deviation
Apple,7.57,46.77,107.87,25.1,6.47,114.9,75.2,39.2,74.6,At Risk,Moderate,Temperature Deviation
Apple,20.44,74.56,96.8,8.89,5.81,54.5,36.2,59.5,98.0,Healthy,Low,Optimal Conditions
Apple,9.68,87.8,62.15,18.03,6.5,139.9,51.5,116.2,68.8,At Risk,Moderate,Humidity Deviation
Apple,20.65,67.54,111.12,13.56,5.59,37.9,83.8,39.5,98.0,Healthy,Low,Optimal Conditions
Apple,2.0,89.78,307.88,39.57,6.12,114.5,14.0,35.6,5.0,High Risk,High,Rainfall Deviation
Apple,23.92,66.42,78.34,9.08,5.84,35.0,73.8,67.1,98.0,Healthy,Low,Optimal Conditions
Apple,10.64,53.42,136.11,27.22,7.13,25.5,66.7,90.6,91.5,Healthy,Low,Optimal Conditions
Apple,13.35,69.99,84.97,5.03,5.95,23.7,29.9,50.2,98.0,Healthy,Low,Optimal Conditions
Apple,23.04,59.65,98.05,19.36,7.26,57.1,36.1,77.3,98.0,Healthy,Low,Optimal Conditions
Apple,30.85,98.02,221.71,56.41,5.94,96.4,80.5,18.7,5.0,High Risk,High,Humidity Deviation
Apple,31.37,15.59,318.21,28.57,6.1,79.4,86.7,22.6,5.0,High Risk,High,Rainfall Deviation
Apple,23.11,72.96,121.91,9.63,7.19,80.6,59.6,40.1,98.0,Healthy,Low,Optimal Conditions
Apple,25.0,73.09,162.37,13.25,6.69,126.3,65.0,107.5,86.0,Healthy,Low,Rainfall Deviation
Apple,15.26,72.03,93.65,15.65,5.8,110.7,53.9,43.2,98.0,Healthy,Low,Optimal Conditions
Apple,18.45,77.53,171.98,14.49,5.89,95.1,53.5,16.0,83.3,Healthy,Low,Rainfall Deviation
Apple,22.88,72.97,82.23,10.73,6.62,122.3,52.6,116.7,98.0,Healthy,Low,Optimal Conditions
Apple,26.03,37.61,71.16,21.93,7.03,67.2,45.2,71.2,71.0,At Risk,Moderate,Humidity Deviation
Apple,22.97,72.03,97.3,5.0,7.3,34.9,29.6,31.0,98.0,Healthy,Low,Optimal Conditions
Apple,21.63,66.59,127.37,8.47,6.47,137.3,76.1,91.5,98.0,Healthy,Low,Optimal Conditions
Apple,21.23,61.95,101.83,14.14,6.72,107.2,62.9,22.2,98.0,Healthy,Low,Optimal Conditions
Apple,23.83,51.5,51.8,16.86,6.37,23.9,81.2,72.9,86.7,Healthy,Low,Rainfall Deviation
Apple,15.46,74.67,105.58,9.37,6.35,51.0,12.5,103.4,98.0,Healthy,Low,Optimal Conditions
Apple,22.06,64.57,80.97,17.03,6.25,104.9,77.0,116.1,98.0,Healthy,Low,Optimal Conditions
Apple,12.1,65.97,85.85,12.04,5.65,80.2,20.0,103.1,98.0,Healthy,Low,Optimal Conditions
Apple,12.22,43.3,109.46,23.37,6.96,77.8,29.7,80.2,86.0,Healthy,Low,Humidity Deviation
Apple,31.02,47.25,114.62,30.45,6.43,36.1,44.0,78.3,62.6,At Risk,Moderate,Temperature Deviation
Apple,20.52,39.16,69.59,28.38,7.27,69.9,37.7,21.1,80.8,Healthy,Low,Humidity Deviation
Apple,27.58,98.16,231.75,28.46,5.85,101.6,11.3,107.8,19.6,High Risk,High,Humidity Deviation
Apple,11.46,60.07,129.69,15.39,7.48,28.0,77.5,52.3,98.0,Healthy,Low,Optimal Conditions
Apple,21.98,56.81,91.25,19.28,6.9,110.6,70.6,21.4,98.0,Healthy,Low,Optimal Conditions
Apple,17.9,62.36,94.65,16.72,5.53,99.3,10.0,21.6,98.0,Healthy,Low,Optimal Conditions
Apple,22.09,57.9,103.28,15.18,5.96,81.5,82.9,68.8,98.0,Healthy,Low,Optimal Conditions
Apple,19.53,66.84,71.62,6.36,5.81,36.4,30.8,62.7,98.0,Healthy,Low,Optimal Conditions
Apple,22.69,67.24,122.57,12.91,5.68,75.6,75.8,35.4,98.0,Healthy,Low,Optimal Conditions
Apple,15.95,62.78,88.38,7.03,6.0,101.9,40.9,81.4,98.0,Healthy,Low,Optimal Conditions
Apple,27.25,53.28,148.47,27.77,6.91,73.8,34.9,116.1,79.2,Healthy,Low,Temperature Deviation
Apple,12.53,55.18,116.5,5.85,6.58,64.1,21.8,92.8,98.0,Healthy,Low,Optimal Conditions
Apple,15.82,66.24,94.14,8.89,7.35,131.7,43.3,56.3,98.0,Healthy,Low,Optimal Conditions
Apple,22.27,66.36,75.37,17.8,6.57,69.9,37.0,25.4,98.0,Healthy,Low,Optimal Conditions
Apple,2.0,96.58,4.27,48.69,6.52,133.2,41.9,39.1,5.0,High Risk,High,Temperature Deviation
Apple,22.23,64.96,91.26,13.16,5.77,20.6,32.4,78.5,98.0,Healthy,Low,Optimal Conditions
Apple,25.97,35.39,167.96,13.56,6.79,117.6,82.4,44.0,56.9,At Risk,Moderate,Humidity Deviation
Apple,14.97,66.55,125.12,13.74,7.34,112.4,57.9,17.3,98.0,Healthy,Low,Optimal Conditions
Apple,12.69,61.44,73.74,7.52,6.32,81.8,27.4,91.9,98.0,Healthy,Low,Optimal Conditions
Apple,15.68,83.79,65.43,21.84,7.45,67.9,27.6,32.5,84.5,Healthy,Low,Humidity Deviation
Apple,14.31,70.25,73.66,19.96,6.55,85.3,38.6,87.5,98.0,Healthy,Low,Optimal Conditions
Apple,10.61,49.36,73.69,31.66,6.66,122.0,87.1,86.9,88.4,Healthy,Low,Humidity Deviation
Apple,15.7,56.43,95.67,18.73,6.46,129.3,75.4,118.3,98.0,Healthy,Low,Optimal Conditions
Apple,32.76,17.21,244.32,30.21,7.21,94.2,58.8,111.7,5.0,High Risk,High,Rainfall Deviation
Apple,14.88,65.26,115.05,11.71,6.77,74.3,58.8,101.3,98.0,Healthy,Low,Optimal Conditions
Apple,20.34,70.75,96.83,9.85,5.53,115.7,36.2,52.5,98.0,Healthy,Low,Optimal Conditions
Apple,17.98,69.05,116.31,10.89,6.83,106.5,33.8,25.1,98.0,Healthy,Low,Optimal Conditions
Apple,7.6,21.48,8.48,43.78,5.57,97.2,51.4,38.1,10.6,High Risk,High,Rainfall Deviation
Apple,18.51,61.67,155.61,10.13,6.31,25.0,63.9,116.7,92.1,Healthy,Low,Rainfall Deviation
Apple,25.35,52.87,79.17,18.29,6.66,81.8,52.0,102.1,92.1,Healthy,Low,Temperature Deviation
Apple,17.96,47.24,74.24,18.79,6.94,134.4,70.3,33.8,90.7,Healthy,Low,Humidity Deviation
Apple,31.72,88.69,3.32,36.84,5.83,32.3,10.1,36.7,12.5,High Risk,High,Rainfall Deviation
Apple,14.92,61.18,93.43,9.62,6.95,79.0,11.5,38.8,98.0,Healthy,Low,Optimal Conditions
Apple,8.82,79.68,116.68,23.24,7.47,55.0,77.8,119.7,81.8,Healthy,Low,Temperature Deviation
Apple,23.99,76.62,88.61,28.27,7.1,45.9,65.5,71.5,97.6,Healthy,Low,Optimal Conditions
Apple,3.67,93.73,216.38,45.99,7.21,69.0,84.6,109.8,5.0,High Risk,High,Temperature Deviation
Apple,15.11,58.61,81.76,18.62,7.36,26.2,57.5,74.2,98.0,Healthy,Low,Optimal Conditions
Apple,19.58,73.95,80.22,6.81,5.57,63.7,37.0,60.2,98.0,Healthy,Low,Optimal Conditions
Apple,10.11,49.59,30.87,24.06,5.77,84.8,67.2,32.4,67.3,At Risk,Moderate,Rainfall Deviation
Apple,15.31,71.7,60.25,17.21,5.91,53.7,44.3,33.6,95.1,Healthy,Low,Optimal Conditions
Apple,2.0,10.98,222.73,45.71,6.63,97.1,85.2,55.8,5.0,High Risk,High,Temperature Deviation
Apple,12.46,57.94,76.37,10.03,6.72,25.6,68.2,56.7,98.0,Healthy,Low,Optimal Conditions
Apple,2.0,89.16,267.87,53.04,6.05,50.8,30.1,79.7,5.0,High Risk,High,Rainfall Deviation
Apple,6.73,92.93,4.08,33.69,7.37,47.3,69.8,21.5,21.7,High Risk,High,Rainfall Deviation
Apple,29.4,43.68,81.01,24.04,5.89,34.3,85.7,60.6,64.8,At Risk,Moderate,Temperature Deviation
Apple,23.21,57.09,113.77,14.38,5.68,60.6,22.0,78.5,98.0,Healthy,Low,Optimal Conditions
Apple,22.3,45.58,131.95,16.39,6.04,61.9,38.6,43.4,88.1,Healthy,Low,Humidity Deviation
Apple,23.86,79.2,159.62,12.25,5.99,91.4,32.0,115.5,84.6,Healthy,Low,Rainfall Deviation
Apple,17.49,69.03,101.45,10.73,5.65,91.6,79.4,87.0,98.0,Healthy,Low,Optimal Conditions
Apple,13.53,71.33,126.5,10.82,6.96,69.3,50.2,102.8,98.0,Healthy,Low,Optimal Conditions
Apple,18.36,59.29,90.39,14.67,5.55,91.3,32.7,85.3,98.0,Healthy,Low,Optimal Conditions
Apple,20.83,67.91,128.27,18.67,6.07,23.3,62.4,78.3,98.0,Healthy,Low,Optimal Conditions
Apple,13.47,66.69,124.71,18.6,5.8,66.1,13.5,64.3,98.0,Healthy,Low,Optimal Conditions
Apple,23.54,57.92,77.73,25.38,7.08,89.0,79.0,72.8,98.0,Healthy,Low,Optimal Conditions
Apple,18.5,69.26,109.21,8.65,5.58,50.3,88.7,34.4,98.0,Healthy,Low,Optimal Conditions
Apple,13.47,43.45,74.65,29.2,6.41,117.0,72.6,58.5,86.1,Healthy,Low,Humidity Deviation
Apple,19.28,81.54,126.11,21.87,6.24,88.3,46.6,66.4,90.2,Healthy,Low,Humidity Deviation
Apple,18.88,87.86,122.62,29.65,5.89,108.4,68.3,15.9,80.7,Healthy,Low,Humidity Deviation
Apple,17.9,63.4,125.11,10.4,7.37,75.1,87.1,92.4,98.0,Healthy,Low,Optimal Conditions
Apple,31.19,95.7,7.26,34.81,7.19,101.0,41.0,117.8,8.8,High Risk,High,Rainfall Deviation
Apple,19.32,71.94,118.12,6.35,6.89,50.9,38.5,66.3,98.0,Healthy,Low,Optimal Conditions
Apple,8.99,42.92,86.93,30.94,6.82,20.7,38.7,68.9,75.0,At Risk,Moderate,Humidity Deviation
Apple,25.3,71.95,124.67,30.89,6.67,32.3,68.5,19.5,94.8,Healthy,Low,Temperature Deviation
Apple,16.61,87.1,30.52,23.22,6.81,70.3,48.0,108.5,62.1,At Risk,Moderate,Rainfall Deviation
Apple,25.06,62.25,60.19,29.51,5.79,77.5,43.5,84.9,90.9,Healthy,Low,Optimal Conditions
Apple,19.91,62.1,125.56,17.73,6.3,139.1,14.2,97.8,98.0,Healthy,Low,Optimal Conditions
Apple,17.2,58.4,100.89,6.27,6.73,49.0,68.0,78.8,98.0,Healthy,Low,Optimal Conditions
Apple,9.25,88.87,121.34,17.01,6.39,100.3,59.3,113.4,69.6,At Risk,Moderate,Humidity Deviation
Apple,13.38,52.71,57.13,28.96,6.75,67.8,25.0,79.1,90.8,Healthy,Low,Rainfall Deviation
Apple,17.64,68.55,103.92,18.83,5.58,53.6,14.6,35.4,98.0,Healthy,Low,Optimal Conditions
Apple,20.79,62.39,125.5,5.35,6.81,136.5,24.1,61.5,98.0,Healthy,Low,Optimal Conditions
Apple,10.51,47.14,69.46,17.68,5.98,100.6,40.2,81.3,85.1,Healthy,Low,Humidity Deviation
Apple,30.15,89.16,124.81,28.19,5.83,20.1,86.2,56.1,54.2,At Risk,Moderate,Temperature Deviation
Apple,4.26,94.38,0.74,39.8,6.7,82.9,67.5,19.2,5.0,High Risk,High,Rainfall Deviation
Apple,25.06,73.54,25.27,22.3,6.79,58.0,33.2,66.5,73.4,At Risk,Moderate,Rainfall Deviation
Apple,17.62,70.3,120.72,10.78,6.73,20.0,54.0,117.4,98.0,Healthy,Low,Optimal Conditions
Apple,19.14,70.25,106.54,11.28,5.81,75.6,33.6,88.1,98.0,Healthy,Low,Optimal Conditions
Apple,22.2,58.87,95.06,13.36,5.75,90.5,33.3,39.1,98.0,Healthy,Low,Optimal Conditions
Apple,16.2,73.58,71.86,17.78,6.29,87.4,51.0,112.2,98.0,Healthy,Low,Optimal Conditions
Apple,8.98,50.23,53.04,30.25,5.59,108.2,13.7,103.0,75.2,Healthy,Low,Temperature Deviation
Apple,3.27,95.52,6.65,48.32,6.43,55.5,20.0,66.8,5.0,High Risk,High,Rainfall Deviation
Apple,16.2,81.42,81.97,28.06,6.28,43.8,57.0,101.8,90.4,Healthy,Low,Humidity Deviation
Apple,19.16,67.86,106.14,14.75,6.76,35.6,28.8,80.0,98.0,Healthy,Low,Optimal Conditions
Apple,19.62,68.31,84.35,13.97,6.57,51.3,47.0,110.5,98.0,Healthy,Low,Optimal Conditions
Apple,19.56,55.71,74.67,6.22,7.06,62.0,28.2,93.5,98.0,Healthy,Low,Optimal Conditions
Apple,14.96,63.62,89.89,13.78,6.18,67.2,79.0,107.9,98.0,Healthy,Low,Optimal Conditions
Apple,34.14,22.63,209.44,39.06,6.62,41.1,83.6,88.7,5.0,High Risk,High,Temperature Deviation
Apple,6.69,12.73,230.09,44.81,5.57,30.2,66.4,92.2,5.9,High Risk,High,Rainfall Deviation
Apple,10.41,95.51,7.98,48.85,7.06,73.7,25.6,49.3,11.9,High Risk,High,Rainfall Deviation
Apple,2.0,96.92,8.15,33.32,7.44,87.9,20.5,57.6,5.0,High Risk,High,Temperature Deviation
Apple,14.57,73.67,122.86,7.99,6.2,111.5,26.7,77.1,98.0,Healthy,Low,Optimal Conditions
Apple,27.51,86.4,55.24,30.68,6.53,136.4,55.1,98.3,61.5,At Risk,Moderate,Humidity Deviation
Apple,28.92,91.96,51.2,17.23,6.46,124.1,30.2,25.6,45.5,High Risk,High,Humidity Deviation
Apple,32.99,91.72,292.48,30.36,7.39,30.8,70.7,81.2,5.0,High Risk,High,Rainfall Deviation
Apple,25.36,52.62,81.17,16.46,6.17,23.3,87.7,100.4,91.7,Healthy,Low,Temperature Deviation
Apple,23.99,67.1,121.22,6.0,6.28,100.4,18.5,66.3,98.0,Healthy,Low,Optimal Conditions
Apple,14.59,61.01,128.03,9.33,5.93,84.3,63.7,91.1,98.0,Healthy,Low,Optimal Conditions
Apple,11.15,90.62,100.92,28.65,6.0,116.3,73.7,50.2,73.6,At Risk,Moderate,Humidity Deviation
Apple,25.88,74.34,75.93,20.79,6.95,87.3,74.3,61.6,92.5,Healthy,Low,Temperature Deviation
Apple,23.01,36.2,143.49,10.55,6.14,29.4,72.5,112.1,73.3,At Risk,Moderate,Humidity Deviation
Apple,18.71,90.61,160.18,12.65,6.53,73.3,34.9,102.6,67.3,At Risk,Moderate,Humidity Deviation
Apple,19.81,91.26,104.15,21.0,7.12,98.6,61.0,16.8,75.6,Healthy,Low,Humidity Deviation
Apple,23.27,57.69,113.58,16.39,6.97,138.7,42.7,86.6,98.0,Healthy,Low,Optimal Conditions
Apple,16.8,64.83,82.89,18.6,6.93,54.1,20.8,45.2,98.0,Healthy,Low,Optimal Conditions
Apple,22.33,48.16,137.84,18.29,6.61,34.5,46.4,62.8,89.4,Healthy,Low,Humidity Deviation
Apple,8.89,42.87,102.34,12.43,7.1,61.5,16.3,42.9,74.6,At Risk,Moderate,Humidity Deviation
Apple,20.48,84.15,172.61,27.02,6.55,73.1,53.2,63.6,73.2,At Risk,Moderate,Humidity Deviation
Apple,9.63,94.21,90.77,10.13,6.42,95.9,44.5,28.3,62.9,At Risk,Moderate,Humidity Deviation
Apple,27.37,51.19,94.98,14.43,6.66,66.6,71.9,28.6,82.0,Healthy,Low,Temperature Deviation
Apple,20.39,63.14,73.51,15.58,6.51,21.4,59.0,111.6,98.0,Healthy,Low,Optimal Conditions
Apple,19.09,69.57,74.25,5.34,6.43,114.9,22.9,102.8,98.0,Healthy,Low,Optimal Conditions
Apple,28.56,78.24,158.03,28.76,6.1,81.3,78.6,105.8,68.3,At Risk,Moderate,Temperature Deviation
Apple,20.05,67.03,75.0,18.95,6.39,100.9,80.6,28.7,98.0,Healthy,Low,Optimal Conditions
Apple,31.79,11.23,3.75,29.85,6.35,113.7,12.6,87.4,5.7,High Risk,High,Rainfall Deviation
Apple,14.84,58.2,124.44,7.71,5.58,90.5,37.7,57.6,98.0,Healthy,Low,Optimal Conditions
Apple,20.98,67.03,91.85,7.57,6.69,113.4,35.0,17.7,98.0,Healthy,Low,Optimal Conditions
Apple,20.19,74.78,70.8,9.59,5.62,58.0,42.5,111.7,98.0,Healthy,Low,Optimal Conditions
Apple,21.33,62.91,118.68,12.7,5.58,133.5,16.6,77.8,98.0,Healthy,Low,Optimal Conditions
Apple,4.65,93.11,285.94,34.6,7.14,138.4,47.1,48.8,7.1,High Risk,High,Rainfall Deviation
Apple,35.79,97.93,254.82,49.32,5.55,35.9,20.7,17.5,5.0,High Risk,High,Temperature Deviation
Apple,23.04,68.28,88.72,16.9,6.48,37.1,80.8,50.6,98.0,Healthy,Low,Optimal Conditions
Apple,5.28,62.19,67.03,31.94,6.72,97.5,13.6,105.2,75.0,At Risk,Moderate,Temperature Deviation
Apple,4.15,12.82,273.68,36.77,5.88,50.7,52.7,44.4,5.0,High Risk,High,Rainfall Deviation
Apple,18.48,89.71,146.28,28.94,6.75,125.0,34.2,28.9,72.9,At Risk,Moderate,Humidity Deviation
Apple,35.99,95.98,309.37,39.16,5.57,46.0,16.0,55.7,5.0,High Risk,High,Temperature Deviation
Apple,3.78,24.25,202.05,25.88,7.41,28.5,58.8,25.7,19.1,High Risk,High,Humidity Deviation
Apple,14.23,66.07,123.22,14.53,6.83,129.1,70.0,105.9,98.0,Healthy,Low,Optimal Conditions
Apple,22.38,67.92,78.14,5.58,5.99,65.4,77.0,92.8,98.0,Healthy,Low,Optimal Conditions
Apple,10.02,17.85,8.48,37.97,7.43,39.2,53.3,48.7,27.9,High Risk,High,Rainfall Deviation
Apple,25.5,89.91,139.84,24.17,7.1,61.9,11.4,22.7,68.6,At Risk,Moderate,Humidity Deviation
Apple,21.66,61.03,129.87,16.38,6.7,138.0,35.3,32.4,98.0,Healthy,Low,Optimal Conditions
Apple,16.59,97.79,153.22,13.72,7.08,80.5,51.0,53.0,58.7,At Risk,Moderate,Humidity Deviation
Apple,33.89,21.56,209.53,46.2,5.81,69.7,78.2,117.0,5.0,High Risk,High,Temperature Deviation
Apple,23.58,55.04,32.97,10.9,6.17,95.1,73.5,72.3,81.5,Healthy,Low,Rainfall Deviation
Apple,9.64,54.87,43.74,24.25,6.61,65.8,36.4,34.2,78.4,Healthy,Low,Rainfall Deviation
Apple,16.07,55.83,96.2,14.02,7.38,95.1,59.9,54.3,98.0,Healthy,Low,Optimal Conditions
Apple,17.36,66.97,113.44,17.39,6.01,48.9,55.2,74.4,98.0,Healthy,Low,Optimal Conditions
Apple,19.05,61.92,108.36,9.37,6.68,112.2,88.4,110.7,98.0,Healthy,Low,Optimal Conditions
Apple,21.28,68.67,154.06,13.27,7.37,62.1,40.4,63.6,92.6,Healthy,Low,Rainfall Deviation
Apple,21.68,50.64,68.33,17.03,7.42,93.5,10.4,73.4,93.9,Healthy,Low,Humidity Deviation
Apple,12.39,63.63,116.41,12.56,6.78,96.8,63.7,55.7,98.0,Healthy,Low,Optimal Conditions
Apple,12.06,58.08,127.05,17.64,6.05,68.1,85.2,41.3,98.0,Healthy,Low,Optimal Conditions
Apple,25.63,88.31,35.23,29.47,7.08,43.5,84.7,48.2,56.1,At Risk,Moderate,Humidity Deviation
Apple,13.11,97.86,56.23,19.27,7.11,116.0,23.6,39.9,58.8,At Risk,Moderate,Humidity Deviation
Apple,2.0,95.7,235.92,49.34,6.05,88.4,67.2,103.0,5.0,High Risk,High,Temperature Deviation
Apple,14.83,74.99,68.25,24.22,6.38,115.2,19.3,90.4,98.0,Healthy,Low,Optimal Conditions
Cherry,23.38,56.28,91.82,12.82,5.7,89.9,83.0,31.5,98.0,Healthy,Low,Optimal Conditions
Cherry,18.39,55.5,97.75,10.66,6.95,46.9,27.6,33.5,98.0,Healthy,Low,Optimal Conditions
Cherry,19.33,50.21,93.32,12.69,5.85,28.1,15.1,42.1,98.0,Healthy,Low,Optimal Conditions
Cherry,17.89,71.06,103.45,25.51,6.32,35.9,29.0,82.5,97.0,Healthy,Low,Optimal Conditions
Cherry,16.73,54.17,68.05,15.24,7.32,105.9,61.7,111.2,98.0,Healthy,Low,Optimal Conditions
Cherry,15.67,58.29,74.9,11.27,5.95,37.9,50.7,112.4,98.0,Healthy,Low,Optimal Conditions
Cherry,14.43,64.12,71.64,8.68,6.21,106.9,75.5,76.7,98.0,Healthy,Low,Optimal Conditions
Cherry,17.1,52.49,97.33,14.57,5.56,99.5,45.8,117.1,98.0,Healthy,Low,Optimal Conditions
Cherry,6.08,22.43,5.47,48.53,6.62,134.6,75.4,87.6,5.0,High Risk,High,Rainfall Deviation
Cherry,24.22,93.81,190.73,53.33,5.65,53.6,13.1,16.5,5.0,High Risk,High,Rainfall Deviation
Cherry,15.95,55.37,92.84,7.44,7.22,101.0,36.1,72.4,98.0,Healthy,Low,Optimal Conditions
Cherry,15.28,68.14,82.78,18.2,7.31,29.6,26.6,30.3,98.0,Healthy,Low,Optimal Conditions
Cherry,33.02,12.99,9.29,32.33,5.51,114.1,16.2,62.2,5.0,High Risk,High,Temperature Deviation
Cherry,15.81,69.34,84.15,17.2,6.59,106.7,87.6,51.6,98.0,Healthy,Low,Optimal Conditions
Cherry,23.92,32.63,70.96,22.68,5.7,97.9,44.0,100.2,79.2,Healthy,Low,Humidity Deviation
Cherry,7.54,90.97,209.36,27.04,6.55,23.3,59.1,76.6,5.9,High Risk,High,Rainfall Deviation
Cherry,13.84,43.32,99.46,16.92,6.21,40.3,33.5,17.1,91.4,Healthy,Low,Humidity Deviation
Cherry,18.48,48.36,61.34,17.28,5.87,38.8,31.6,61.9,98.0,Healthy,Low,Optimal Conditions
Cherry,7.09,14.47,202.83,41.08,7.49,124.6,67.5,17.5,5.0,High Risk,High,Rainfall Deviation
Cherry,20.82,52.58,92.04,18.72,6.28,104.7,21.9,87.5,98.0,Healthy,Low,Optimal Conditions
Cherry,15.51,64.2,88.47,14.62,6.55,101.0,71.9,116.5,98.0,Healthy,Low,Optimal Conditions
Cherry,5.64,90.72,8.2,59.77,6.75,33.6,80.4,30.2,5.0,High Risk,High,Humidity Deviation
Cherry,15.93,63.07,64.29,16.67,5.63,33.3,44.8,54.8,98.0,Healthy,Low,Optimal Conditions
Cherry,3.37,19.54,7.4,27.43,6.13,31.1,50.0,89.4,5.0,High Risk,High,Temperature Deviation
Cherry,12.31,45.68,141.03,24.58,6.33,27.9,69.0,117.7,72.5,At Risk,Moderate,Rainfall Deviation
Cherry,14.06,66.64,64.09,6.22,7.5,29.5,19.1,74.8,98.0,Healthy,Low,Optimal Conditions
Cherry,26.38,67.95,110.35,28.71,6.4,137.6,27.3,58.8,86.4,Healthy,Low,Temperature Deviation
Cherry,23.3,55.71,78.83,7.81,6.65,122.9,34.3,100.1,98.0,Healthy,Low,Optimal Conditions
Cherry,10.3,93.73,189.48,58.67,6.95,130.7,55.3,103.6,5.0,High Risk,High,Rainfall Deviation
Cherry,15.24,52.4,79.55,9.95,7.08,128.3,59.5,37.4,98.0,Healthy,Low,Optimal Conditions
Cherry,4.82,88.31,8.08,39.29,6.94,134.3,52.3,97.7,5.0,High Risk,High,Temperature Deviation
Cherry,29.49,34.27,57.29,18.93,7.59,100.5,34.8,57.4,57.6,At Risk,Moderate,Temperature Deviation
Cherry,11.44,82.82,52.41,28.87,5.98,117.2,32.6,18.6,67.4,At Risk,Moderate,Humidity Deviation
Cherry,21.46,55.24,86.17,15.49,6.26,77.0,42.3,114.5,98.0,Healthy,Low,Optimal Conditions
Cherry,15.83,57.31,86.78,15.46,7.53,125.8,33.1,62.8,98.0,Healthy,Low,Optimal Conditions
Cherry,18.72,33.68,67.29,10.48,7.0,109.4,48.2,32.0,80.4,Healthy,Low,Humidity Deviation
Cherry,19.52,53.45,111.79,30.78,5.55,105.5,42.8,89.9,95.3,Healthy,Low,Optimal Conditions
Cherry,14.11,52.06,25.64,27.34,6.58,20.6,28.1,35.3,80.0,Healthy,Low,Rainfall Deviation
Cherry,10.68,32.83,99.43,12.17,6.65,90.7,68.4,42.2,67.8,At Risk,Moderate,Humidity Deviation
Cherry,30.25,23.18,158.75,47.86,6.76,83.4,54.1,104.2,5.0,High Risk,High,Humidity Deviation
Cherry,32.73,95.47,0.89,29.27,5.84,85.3,31.9,38.3,5.0,High Risk,High,Humidity Deviation
Cherry,20.82,48.89,64.58,23.85,6.15,107.2,40.2,90.4,98.0,Healthy,Low,Optimal Conditions
Cherry,23.14,67.59,66.03,19.08,6.73,104.2,77.2,23.8,98.0,Healthy,Low,Optimal Conditions
Cherry,16.9,59.54,73.84,12.59,5.91,101.9,14.5,53.0,98.0,Healthy,Low,Optimal Conditions
Cherry,21.3,67.67,63.15,16.78,7.47,136.9,56.4,49.4,98.0,Healthy,Low,Optimal Conditions
Cherry,17.79,62.25,79.61,14.8,5.59,32.7,88.1,119.5,98.0,Healthy,Low,Optimal Conditions
Cherry,9.26,73.28,35.64,12.29,7.1,48.4,21.0,67.4,64.3,At Risk,Moderate,Temperature Deviation
Cherry,8.4,88.32,9.55,33.18,5.53,55.6,67.3,115.7,23.5,High Risk,High,Rainfall Deviation
Cherry,16.41,67.76,94.1,9.92,5.65,139.0,64.5,112.3,98.0,Healthy,Low,Optimal Conditions
Cherry,20.48,63.49,94.92,19.9,5.74,95.7,36.9,100.2,98.0,Healthy,Low,Optimal Conditions
Cherry,11.36,44.78,114.04,21.36,5.52,114.7,30.8,100.7,78.9,Healthy,Low,Temperature Deviation
Cherry,14.11,53.1,99.43,9.8,5.74,34.3,34.8,19.0,98.0,Healthy,Low,Optimal Conditions
Cherry,14.86,45.51,34.53,30.22,6.54,21.2,23.0,25.7,79.8,Healthy,Low,Rainfall Deviation
Cherry,21.14,53.85,93.54,8.97,5.57,118.5,47.3,77.9,98.0,Healthy,Low,Optimal Conditions
Cherry,14.46,57.4,80.73,5.18,6.76,127.2,27.4,112.3,98.0,Healthy,Low,Optimal Conditions
Cherry,22.25,66.81,70.31,19.37,6.42,37.0,57.3,119.6,98.0,Healthy,Low,Optimal Conditions
Cherry,29.9,12.5,3.15,51.49,6.27,76.9,33.3,88.1,5.0,High Risk,High,Rainfall Deviation
Cherry,7.61,12.97,212.01,38.26,6.27,33.0,13.1,102.7,5.0,High Risk,High,Rainfall Deviation
Cherry,27.03,71.32,58.13,16.1,7.11,106.8,54.2,40.3,84.8,Healthy,Low,Temperature Deviation
Cherry,17.83,52.9,73.51,15.27,7.33,59.9,28.7,102.4,98.0,Healthy,Low,Optimal Conditions
Cherry,7.0,22.05,208.84,28.07,5.51,100.8,59.2,92.4,5.5,High Risk,High,Rainfall Deviation
Cherry,17.05,45.79,130.83,12.28,6.25,36.1,76.8,107.4,82.6,Healthy,Low,Rainfall Deviation
Cherry,21.93,81.49,91.07,27.6,6.08,26.4,45.6,92.6,82.8,Healthy,Low,Humidity Deviation
Cherry,29.5,98.38,190.99,54.17,5.95,49.8,25.3,31.6,5.0,High Risk,High,Rainfall Deviation
Cherry,30.05,88.36,200.78,40.15,6.3,57.9,49.3,32.4,5.0,High Risk,High,Rainfall Deviation
Cherry,23.42,50.55,66.59,16.67,5.79,52.6,46.4,114.0,98.0,Healthy,Low,Optimal Conditions
Cherry,23.23,64.37,86.85,15.85,5.57,31.9,36.8,22.8,98.0,Healthy,Low,Optimal Conditions
Cherry,32.12,88.96,187.72,28.49,6.46,87.6,33.6,46.8,5.0,High Risk,High,Rainfall Deviation
Cherry,17.14,68.31,61.68,8.52,7.28,120.1,18.9,117.2,98.0,Healthy,Low,Optimal Conditions
Cherry,21.19,43.57,132.65,20.86,6.25,116.2,25.8,22.5,79.2,Healthy,Low,Rainfall Deviation
Cherry,14.39,59.78,70.21,15.36,6.94,85.0,38.2,104.3,98.0,Healthy,Low,Optimal Conditions
Cherry,23.49,55.01,51.58,30.88,6.34,119.9,83.7,66.6,95.1,Healthy,Low,Optimal Conditions
Cherry,22.99,72.1,63.98,30.31,7.17,30.1,47.5,60.7,96.9,Healthy,Low,Optimal Conditions
Cherry,18.91,58.79,60.25,8.55,5.97,61.9,24.0,22.1,98.0,Healthy,Low,Optimal Conditions
Cherry,22.54,65.94,77.68,18.17,6.01,90.1,21.4,102.5,98.0,Healthy,Low,Optimal Conditions
Cherry,14.32,55.47,96.04,6.94,6.23,58.0,74.1,59.3,98.0,Healthy,Low,Optimal Conditions
Cherry,25.04,82.71,60.2,13.38,5.73,82.8,64.0,26.9,76.8,Healthy,Low,Humidity Deviation
Cherry,6.76,24.2,199.55,45.0,6.67,113.7,84.2,49.5,5.0,High Risk,High,Rainfall Deviation
Cherry,18.03,58.75,61.59,17.93,7.69,130.8,78.9,119.2,98.0,Healthy,Low,Optimal Conditions
Cherry,9.68,96.32,199.03,27.02,6.62,87.5,65.6,67.3,10.3,High Risk,High,Rainfall Deviation
Cherry,21.38,66.03,40.99,11.15,7.59,88.5,48.2,105.2,88.9,Healthy,Low,Rainfall Deviation
Cherry,30.68,93.48,209.47,50.26,5.92,98.3,53.7,118.1,5.0,High Risk,High,Rainfall Deviation
Cherry,2.0,17.01,6.23,34.51,6.51,21.2,27.0,102.4,5.0,High Risk,High,Temperature Deviation
Cherry,20.36,54.65,86.0,20.0,6.81,95.4,18.9,57.4,98.0,Healthy,Low,Optimal Conditions
Cherry,35.89,14.95,2.49,49.49,7.4,116.9,62.5,29.8,5.0,High Risk,High,Temperature Deviation
Cherry,17.45,67.1,98.47,8.62,7.18,88.9,12.5,72.0,98.0,Healthy,Low,Optimal Conditions
Cherry,4.23,89.28,8.37,56.11,6.57,127.9,80.9,23.4,5.0,High Risk,High,Temperature Deviation
Cherry,34.48,90.47,5.18,28.73,5.8,120.4,70.0,55.1,5.0,High Risk,High,Temperature Deviation
Cherry,35.36,90.08,192.75,47.07,5.63,65.1,30.8,53.9,5.0,High Risk,High,Temperature Deviation
Cherry,21.24,52.33,60.58,19.19,5.92,119.4,87.2,71.1,98.0,Healthy,Low,Optimal Conditions
Cherry,14.74,45.01,109.32,22.75,5.68,46.1,71.1,46.8,90.3,Healthy,Low,Humidity Deviation
Cherry,34.33,89.09,189.57,36.39,7.06,136.9,37.4,69.7,5.0,High Risk,High,Temperature Deviation
Cherry,20.75,57.33,79.26,13.52,7.01,27.2,54.4,60.3,98.0,Healthy,Low,Optimal Conditions
Cherry,16.08,67.68,94.87,5.5,7.02,86.5,85.2,110.3,98.0,Healthy,Low,Optimal Conditions
Cherry,14.6,33.0,38.72,24.67,5.77,104.7,87.8,19.6,67.2,At Risk,Moderate,Humidity Deviation
Cherry,15.24,58.61,71.63,17.1,6.54,78.1,67.4,53.0,98.0,Healthy,Low,Optimal Conditions
Cherry,21.57,65.6,60.58,7.16,5.97,62.2,33.3,85.2,98.0,Healthy,Low,Optimal Conditions
Cherry,31.88,90.87,8.94,40.25,7.15,26.8,40.3,75.9,5.0,High Risk,High,Temperature Deviation
Cherry,10.07,37.11,49.44,19.98,7.25,46.0,82.3,98.1,64.6,At Risk,Moderate,Humidity Deviation
Cherry,15.81,55.59,73.31,13.35,5.6,129.7,17.9,44.3,98.0,Healthy,Low,Optimal Conditions
Cherry,16.57,66.75,84.61,8.41,7.42,116.1,70.3,104.0,98.0,Healthy,Low,Optimal Conditions
Cherry,16.21,86.15,107.94,19.47,6.2,133.5,36.0,51.5,72.6,At Risk,Moderate,Humidity Deviation
Cherry,30.3,17.02,6.09,56.68,6.37,87.7,81.4,119.4,5.0,High Risk,High,Rainfall Deviation
Cherry,5.74,22.36,177.99,40.72,6.26,106.3,27.1,84.2,5.0,High Risk,High,Rainfall Deviation
Cherry,9.1,18.47,1.39,37.91,5.86,80.4,62.2,19.7,14.3,High Risk,High,Rainfall Deviation
Cherry,22.09,60.4,61.42,9.23,6.91,43.9,76.2,86.0,98.0,Healthy,Low,Optimal Conditions
Cherry,23.01,41.54,116.52,29.6,5.63,127.2,29.2,23.2,83.2,Healthy,Low,Humidity Deviation
Cherry,10.44,72.99,39.26,30.78,7.32,138.2,80.1,79.8,71.0,At Risk,Moderate,Temperature Deviation
Cherry,17.7,81.47,119.31,16.47,6.47,116.8,36.5,32.3,75.1,Healthy,Low,Humidity Deviation
Cherry,14.69,64.36,65.91,9.28,7.44,84.9,35.7,72.5,98.0,Healthy,Low,Optimal Conditions
Cherry,14.25,62.07,88.57,18.2,7.2,131.2,88.9,93.2,98.0,Healthy,Low,Optimal Conditions
Cherry,10.14,22.5,228.99,37.57,7.37,66.1,46.9,43.5,12.6,High Risk,High,Rainfall Deviation
Cherry,14.62,62.28,77.92,14.09,6.7,115.9,70.1,96.0,98.0,Healthy,Low,Optimal Conditions
Cherry,25.94,70.68,63.83,21.14,5.82,23.0,84.5,28.2,91.2,Healthy,Low,Temperature Deviation
Cherry,25.54,49.03,103.7,12.14,7.47,92.0,65.8,63.7,91.2,Healthy,Low,Temperature Deviation
Cherry,24.68,67.34,44.74,27.08,6.87,87.1,59.1,112.7,88.4,Healthy,Low,Rainfall Deviation
Cherry,19.0,76.26,23.54,11.72,5.65,91.2,58.2,110.1,69.3,At Risk,Moderate,Rainfall Deviation
Cherry,22.13,87.96,51.37,12.21,6.35,20.8,50.3,104.0,68.0,At Risk,Moderate,Humidity Deviation
Cherry,22.84,85.27,40.43,17.47,5.91,83.2,64.9,66.5,65.7,At Risk,Moderate,Humidity Deviation
Cherry,14.9,29.18,119.59,31.25,6.0,28.9,44.1,107.5,67.2,At Risk,Moderate,Humidity Deviation
Cherry,22.86,69.84,62.16,12.43,6.22,67.2,46.1,92.7,98.0,Healthy,Low,Optimal Conditions
Cherry,14.63,79.66,36.86,19.02,6.67,113.6,62.3,59.8,72.0,At Risk,Moderate,Humidity Deviation
Cherry,29.03,10.84,167.74,51.38,6.31,89.0,31.6,33.2,5.0,High Risk,High,Humidity Deviation
Cherry,16.47,58.97,89.87,13.31,6.84,76.4,36.0,30.1,98.0,Healthy,Low,Optimal Conditions
Cherry,20.65,64.68,78.77,14.67,5.96,123.2,79.3,48.6,98.0,Healthy,Low,Optimal Conditions
Cherry,22.04,84.55,125.08,17.35,5.81,53.8,81.9,31.7,68.2,At Risk,Moderate,Humidity Deviation
Cherry,18.65,66.94,97.51,11.39,7.55,39.4,22.5,114.7,98.0,Healthy,Low,Optimal Conditions
Cherry,26.64,89.68,42.75,28.41,7.39,25.9,41.9,17.8,49.9,High Risk,High,Humidity Deviation
Cherry,5.14,88.35,3.24,49.47,7.35,22.4,28.7,114.2,5.0,High Risk,High,Rainfall Deviation
Cherry,23.39,55.48,68.72,8.21,5.69,127.6,88.4,115.2,98.0,Healthy,Low,Optimal Conditions
Cherry,33.02,13.91,6.41,47.84,7.68,44.5,86.9,48.1,5.0,High Risk,High,Temperature Deviation
Cherry,17.59,55.37,87.73,13.84,6.17,35.9,35.4,55.0,98.0,Healthy,Low,Optimal Conditions
Cherry,17.57,50.97,78.56,17.54,5.9,37.5,47.7,53.9,98.0,Healthy,Low,Optimal Conditions
Cherry,25.31,39.51,53.06,27.64,5.96,67.9,20.4,23.0,78.1,Healthy,Low,Humidity Deviation
Cherry,17.3,34.68,90.49,21.39,7.25,101.2,50.7,102.0,81.6,Healthy,Low,Humidity Deviation
Cherry,22.31,55.53,74.5,6.93,5.72,131.9,25.2,50.0,98.0,Healthy,Low,Optimal Conditions
Cherry,21.44,66.73,25.48,11.31,6.45,135.0,81.3,119.4,79.9,Healthy,Low,Rainfall Deviation
Cherry,14.47,56.12,87.03,7.03,6.16,26.7,48.0,36.9,98.0,Healthy,Low,Optimal Conditions
Cherry,18.11,57.02,81.5,16.24,5.75,114.9,12.1,61.5,98.0,Healthy,Low,Optimal Conditions
Cherry,27.17,40.15,57.63,26.28,6.1,118.9,81.4,51.8,74.1,At Risk,Moderate,Temperature Deviation
Cherry,19.04,38.13,80.4,30.88,7.62,23.3,67.3,38.3,85.8,Healthy,Low,Humidity Deviation
Cherry,10.01,40.52,122.49,22.72,7.35,29.3,81.7,56.2,65.6,At Risk,Moderate,Temperature Deviation
Cherry,18.02,39.84,103.48,15.88,7.4,21.5,24.5,79.1,86.4,Healthy,Low,Humidity Deviation
Cherry,8.82,21.73,249.24,32.32,6.1,40.0,24.7,18.8,11.9,High Risk,High,Rainfall Deviation
Cherry,28.44,91.95,171.1,54.88,5.99,80.9,61.9,74.3,5.0,High Risk,High,Humidity Deviation
Cherry,20.42,50.56,74.8,12.99,5.55,80.9,62.3,94.7,98.0,Healthy,Low,Optimal Conditions
Cherry,23.91,62.12,74.53,8.74,6.76,125.8,51.6,84.5,98.0,Healthy,Low,Optimal Conditions
Cherry,17.88,55.72,88.23,10.39,5.92,64.3,78.3,92.5,98.0,Healthy,Low,Optimal Conditions
Cherry,23.07,51.5,61.99,6.91,5.76,30.5,62.9,78.1,98.0,Healthy,Low,Optimal Conditions
Cherry,28.58,42.27,94.35,28.33,6.64,133.3,48.3,60.5,72.4,At Risk,Moderate,Temperature Deviation
Cherry,18.23,44.75,60.08,15.72,6.88,25.1,40.9,45.8,93.7,Healthy,Low,Humidity Deviation
Cherry,20.45,52.6,94.43,14.97,7.06,132.2,85.4,72.9,98.0,Healthy,Low,Optimal Conditions
Cherry,16.08,78.77,121.51,17.53,6.2,114.1,14.2,94.7,78.2,Healthy,Low,Humidity Deviation
Cherry,28.55,98.77,9.06,59.9,6.1,74.3,10.2,51.7,5.0,High Risk,High,Humidity Deviation
Cherry,21.44,61.22,82.89,9.3,7.29,20.4,36.7,84.2,98.0,Healthy,Low,Optimal Conditions
Cherry,33.47,95.58,168.25,49.15,7.22,40.2,75.0,15.8,5.0,High Risk,High,Temperature Deviation
Cherry,8.86,69.24,48.34,24.61,7.19,59.5,83.9,113.5,75.2,Healthy,Low,Temperature Deviation
Cherry,14.15,58.5,83.63,9.17,6.07,101.4,58.1,32.6,98.0,Healthy,Low,Optimal Conditions
Cherry,7.28,91.94,154.14,36.23,5.77,119.5,30.2,68.8,20.1,High Risk,High,Humidity Deviation
Cherry,20.45,43.25,34.49,25.84,6.04,45.8,53.8,86.3,77.0,Healthy,Low,Rainfall Deviation
Cherry,14.6,65.68,94.38,14.07,6.44,121.4,68.3,75.9,98.0,Healthy,Low,Optimal Conditions
Cherry,15.98,58.37,71.47,10.09,6.63,40.3,74.5,30.3,98.0,Healthy,Low,Optimal Conditions
Cherry,21.94,49.85,48.45,25.39,6.68,123.0,24.1,42.9,93.1,Healthy,Low,Rainfall Deviation
Cherry,11.52,18.95,8.51,32.39,6.53,137.6,54.4,113.5,31.3,High Risk,High,Rainfall Deviation
Cherry,11.35,16.17,7.99,51.94,6.96,127.6,30.1,101.2,5.4,High Risk,High,Rainfall Deviation
Cherry,22.12,59.88,94.31,18.42,6.81,80.9,72.7,43.0,98.0,Healthy,Low,Optimal Conditions
Cherry,18.07,60.16,71.89,10.75,5.79,53.3,29.2,46.6,98.0,Healthy,Low,Optimal Conditions
Cherry,19.59,55.01,97.64,12.67,5.78,53.6,68.4,16.4,98.0,Healthy,Low,Optimal Conditions
Cherry,3.74,19.33,9.15,27.28,6.58,139.1,41.0,77.4,5.0,High Risk,High,Temperature Deviation
Cherry,15.41,67.49,72.01,9.58,6.35,136.0,16.8,101.0,98.0,Healthy,Low,Optimal Conditions
Cherry,22.49,69.84,73.95,6.94,5.82,111.0,21.6,42.3,98.0,Healthy,Low,Optimal Conditions
Cherry,17.56,51.49,94.27,17.9,6.41,93.5,61.4,93.7,98.0,Healthy,Low,Optimal Conditions
Cherry,26.39,71.81,114.53,18.33,5.94,124.6,83.8,80.8,81.9,Healthy,Low,Temperature Deviation
Cherry,29.9,91.09,0.56,52.05,6.85,83.0,87.3,44.7,5.0,High Risk,High,Rainfall Deviation
Cherry,16.87,62.29,67.41,18.63,6.4,122.0,29.9,47.9,98.0,Healthy,Low,Optimal Conditions
Cherry,16.58,59.81,97.85,10.83,6.91,71.3,13.7,67.9,98.0,Healthy,Low,Optimal Conditions
Cherry,22.84,65.06,75.15,14.6,5.75,104.3,75.8,101.3,98.0,Healthy,Low,Optimal Conditions
Cherry,16.64,60.43,98.71,18.81,6.29,113.6,83.7,42.4,98.0,Healthy,Low,Optimal Conditions
Cherry,12.3,16.08,5.28,45.6,5.51,54.2,61.5,100.3,16.2,High Risk,High,Rainfall Deviation
Cherry,20.47,55.31,87.62,15.47,5.79,99.8,36.7,33.1,98.0,Healthy,Low,Optimal Conditions
Cherry,27.45,73.97,65.88,20.61,7.48,81.2,62.8,119.8,80.2,Healthy,Low,Temperature Deviation
Cherry,21.37,52.78,93.55,13.95,7.56,123.9,16.0,29.4,98.0,Healthy,Low,Optimal Conditions
Cherry,17.7,32.52,115.8,15.33,7.11,42.2,58.5,81.0,72.7,At Risk,Moderate,Humidity Deviation
Cherry,17.07,84.65,113.75,24.84,7.3,102.3,59.3,104.6,72.5,At Risk,Moderate,Humidity Deviation
Cherry,26.4,13.71,0.23,47.56,6.96,99.3,51.6,79.2,6.7,High Risk,High,Rainfall Deviation
Cherry,2.98,20.12,9.57,49.86,7.15,42.3,18.8,22.9,5.0,High Risk,High,Temperature Deviation
Cherry,18.98,62.31,98.32,9.96,7.17,83.8,27.6,79.6,98.0,Healthy,Low,Optimal Conditions
Cherry,31.06,10.6,8.41,30.65,7.05,88.6,31.6,114.8,11.7,High Risk,High,Rainfall Deviation
Cherry,19.55,66.03,80.56,19.41,7.36,130.5,39.8,72.6,98.0,Healthy,Low,Optimal Conditions
Cherry,7.44,98.45,3.15,55.11,7.15,62.4,64.6,34.4,5.0,High Risk,High,Humidity Deviation
Cherry,17.77,54.76,95.05,15.18,6.12,49.1,11.4,51.4,98.0,Healthy,Low,Optimal Conditions
Cherry,24.53,54.04,131.11,11.55,7.6,129.2,19.4,34.3,85.4,Healthy,Low,Rainfall Deviation
Cherry,19.6,52.69,68.01,18.54,5.74,67.9,71.0,108.3,98.0,Healthy,Low,Optimal Conditions
Cherry,15.64,64.74,90.9,19.7,5.81,105.1,43.4,111.0,98.0,Healthy,Low,Optimal Conditions
Cherry,18.46,52.54,72.84,11.01,5.54,72.5,36.9,99.4,98.0,Healthy,Low,Optimal Conditions
Cherry,21.6,64.28,69.67,6.25,7.35,49.9,21.6,52.7,98.0,Healthy,Low,Optimal Conditions
Cherry,17.26,69.53,95.23,18.09,6.38,135.5,64.7,102.4,98.0,Healthy,Low,Optimal Conditions
Cherry,22.61,30.57,109.69,27.31,5.72,112.9,29.4,44.5,72.8,At Risk,Moderate,Humidity Deviation
Cherry,25.25,33.54,63.96,11.99,5.85,92.6,45.5,72.6,75.2,Healthy,Low,Humidity Deviation
Cherry,7.42,96.47,202.13,43.47,6.21,114.9,81.3,93.0,5.0,High Risk,High,Rainfall Deviation
Cherry,16.75,68.39,77.49,19.12,6.36,134.2,84.1,84.4,98.0,Healthy,Low,Optimal Conditions
Cherry,18.0,68.22,95.4,7.81,6.38,120.3,56.2,104.0,98.0,Healthy,Low,Optimal Conditions
Cherry,24.44,15.36,4.75,59.98,6.12,42.5,47.1,68.0,11.0,High Risk,High,Rainfall Deviation
Cherry,20.95,53.68,80.41,12.5,7.31,131.2,63.1,47.1,98.0,Healthy,Low,Optimal Conditions
Cherry,7.76,82.15,124.0,17.82,6.35,34.7,64.4,40.6,50.3,At Risk,Moderate,Temperature Deviation
Cherry,14.15,32.01,69.56,26.32,6.85,119.3,45.4,114.8,78.4,Healthy,Low,Humidity Deviation
Cherry,19.18,45.54,109.7,20.1,7.62,46.3,57.0,88.5,90.8,Healthy,Low,Humidity Deviation
Cherry,12.13,19.23,9.5,33.84,6.38,132.7,63.9,41.8,34.0,High Risk,High,Humidity Deviation
Cherry,20.84,62.51,87.03,8.92,6.64,63.4,75.4,22.3,98.0,Healthy,Low,Optimal Conditions
Cherry,20.03,54.1,86.91,7.05,5.55,123.6,36.7,31.5,98.0,Healthy,Low,Optimal Conditions
Cherry,22.86,63.09,98.25,17.0,7.19,80.0,75.7,58.3,98.0,Healthy,Low,Optimal Conditions
Cherry,10.08,15.47,4.62,50.48,7.3,26.4,56.3,99.2,5.0,High Risk,High,Rainfall Deviation
Cherry,12.01,73.12,115.72,19.07,5.64,90.2,20.4,75.0,82.1,Healthy,Low,Temperature Deviation
Cherry,24.22,36.52,59.67,26.71,6.47,80.5,20.0,93.4,82.8,Healthy,Low,Humidity Deviation
Cherry,30.71,75.59,63.43,22.72,7.35,133.1,55.6,31.7,64.8,At Risk,Moderate,Temperature Deviation
Cherry,15.15,59.53,79.21,14.26,6.56,136.8,33.3,106.8,98.0,Healthy,Low,Optimal Conditions
Cherry,20.02,62.97,90.89,12.55,5.93,64.3,31.8,59.0,98.0,Healthy,Low,Optimal Conditions
Cherry,22.04,68.71,128.23,16.81,7.31,41.9,20.0,19.7,88.7,Healthy,Low,Rainfall Deviation
Cherry,2.0,22.74,199.62,31.45,6.48,69.4,13.8,102.2,5.0,High Risk,High,Temperature Deviation
Cherry,28.75,11.83,5.83,53.3,7.25,79.9,28.7,38.8,5.0,High Risk,High,Rainfall Deviation
Cherry,22.34,73.79,106.54,13.46,6.41,56.4,58.9,37.8,91.7,Healthy,Low,Humidity Deviation
Cherry,12.27,41.14,34.73,27.53,5.88,33.7,59.8,56.9,68.6,At Risk,Moderate,Rainfall Deviation
Cherry,17.56,65.44,84.61,10.44,5.92,95.8,81.0,82.9,98.0,Healthy,Low,Optimal Conditions
Cherry,34.22,96.79,4.31,25.4,6.89,74.2,14.8,66.2,5.0,High Risk,High,Temperature Deviation
Cherry,20.3,58.9,66.84,11.18,6.01,98.4,33.6,101.3,98.0,Healthy,Low,Optimal Conditions
Cherry,18.03,62.34,60.9,8.24,6.22,22.6,53.7,81.2,98.0,Healthy,Low,Optimal Conditions
Cherry,19.43,69.98,95.48,5.88,5.78,79.3,29.6,23.5,98.0,Healthy,Low,Optimal Conditions
Cherry,14.61,60.6,79.61,5.09,6.56,82.4,58.5,116.9,98.0,Healthy,Low,Optimal Conditions
Cherry,2.0,95.03,173.07,44.7,7.4,93.1,55.9,61.3,5.0,High Risk,High,Temperature Deviation
Cherry,14.67,78.5,119.01,24.57,6.02,132.0,31.9,42.3,79.7,Healthy,Low,Humidity Deviation
Cherry,18.62,50.37,83.91,5.47,6.69,74.9,29.4,49.6,98.0,Healthy,Low,Optimal Conditions
Cherry,22.99,48.92,41.42,28.21,6.32,67.8,23.4,111.2,87.9,Healthy,Low,Rainfall Deviation
Cherry,27.37,18.85,8.3,27.7,6.3,139.9,33.3,31.5,26.4,High Risk,High,Rainfall Deviation
Cherry,24.47,70.07,62.2,15.65,6.17,76.1,84.2,89.6,98.0,Healthy,Low,Optimal Conditions
Cherry,35.1,93.13,9.82,58.2,7.61,69.8,62.2,100.6,5.0,High Risk,High,Temperature Deviation
Cherry,11.53,16.89,5.34,57.31,6.62,55.1,38.4,69.8,5.0,High Risk,High,Rainfall Deviation
Cherry,27.28,41.85,118.25,20.62,5.75,60.1,48.2,16.1,69.8,At Risk,Moderate,Temperature Deviation
Cherry,14.56,60.76,73.44,18.4,6.73,111.2,65.0,69.6,98.0,Healthy,Low,Optimal Conditions
Cherry,26.6,38.69,40.23,12.8,5.76,39.8,81.2,119.0,64.5,At Risk,Moderate,Humidity Deviation
Cherry,16.92,54.38,92.95,8.14,7.53,100.1,81.8,73.2,98.0,Healthy,Low,Optimal Conditions
Cherry,13.41,43.8,123.98,28.02,6.82,22.6,39.5,39.0,80.9,Healthy,Low,Rainfall Deviation
Cherry,20.17,51.33,60.89,11.55,7.25,23.7,77.9,55.3,98.0,Healthy,Low,Optimal Conditions
Cherry,19.67,69.05,81.7,15.3,7.3,115.9,15.8,92.8,98.0,Healthy,Low,Optimal Conditions
Cherry,6.21,20.51,4.92,26.01,7.5,126.9,27.5,96.9,10.6,High Risk,High,Rainfall Deviation
Cherry,16.85,62.47,90.53,5.16,6.22,45.7,89.9,85.5,98.0,Healthy,Low,Optimal Conditions
Cherry,14.76,61.97,85.67,17.25,6.13,137.8,45.2,46.1,98.0,Healthy,Low,Optimal Conditions
Cherry,19.2,68.73,89.41,13.66,5.86,37.9,50.2,91.5,98.0,Healthy,Low,Optimal Conditions
Cherry,20.51,37.13,53.09,12.38,7.03,108.1,10.9,43.4,80.5,Healthy,Low,Humidity Deviation
Cherry,23.98,61.87,78.63,11.95,7.62,99.2,23.5,62.1,98.0,Healthy,Low,Optimal Conditions
Cherry,19.24,92.87,37.09,26.48,6.47,65.3,36.6,116.3,52.3,At Risk,Moderate,Humidity Deviation
Cherry,21.95,39.29,70.32,28.12,5.65,27.4,32.8,36.9,87.1,Healthy,Low,Humidity Deviation
Cherry,17.75,45.32,59.17,22.78,6.59,62.5,34.8,54.5,93.9,Healthy,Low,Humidity Deviation
Cherry,23.63,45.99,98.07,22.02,5.68,130.7,67.5,99.1,95.2,Healthy,Low,Optimal Conditions
Cherry,26.94,87.63,77.5,20.09,7.68,84.8,70.6,15.7,61.8,At Risk,Moderate,Humidity Deviation
Cherry,9.03,42.1,115.99,14.42,6.8,82.3,42.9,110.1,66.7,At Risk,Moderate,Temperature Deviation
Cherry,27.96,81.87,100.55,10.27,7.29,105.5,43.0,113.7,66.1,At Risk,Moderate,Humidity Deviation
Cherry,15.31,84.7,118.77,29.25,5.57,85.6,89.2,67.1,70.4,At Risk,Moderate,Humidity Deviation
Cherry,2.34,10.75,154.22,27.27,6.9,120.1,63.2,59.6,8.3,High Risk,High,Temperature Deviation
Cherry,23.11,55.52,68.97,17.24,7.66,99.2,60.0,48.5,98.0,Healthy,Low,Optimal Conditions
Cherry,15.92,61.69,66.05,18.26,5.91,82.7,51.0,78.4,98.0,Healthy,Low,Optimal Conditions
Cherry,22.74,58.89,88.01,14.54,5.76,94.7,54.1,109.4,98.0,Healthy,Low,Optimal Conditions
Cherry,33.7,88.44,210.85,52.2,5.89,26.2,78.0,22.9,5.0,High Risk,High,Rainfall Deviation
Cherry,14.94,61.28,74.53,8.04,6.81,63.6,23.3,88.5,98.0,Healthy,Low,Optimal Conditions
Cherry,30.54,24.15,2.51,31.17,6.05,49.4,34.9,75.4,10.3,High Risk,High,Rainfall Deviation
Cherry,17.82,54.93,84.27,19.78,6.64,71.1,39.5,97.4,98.0,Healthy,Low,Optimal Conditions
Cherry,23.6,58.36,72.55,19.61,7.56,97.0,11.5,93.6,98.0,Healthy,Low,Optimal Conditions
Cherry,17.88,53.17,80.94,16.17,6.1,132.6,25.6,22.0,98.0,Healthy,Low,Optimal Conditions
Cherry,28.29,82.55,64.94,12.8,7.2,77.8,78.8,37.3,64.0,At Risk,Moderate,Humidity Deviation
Cherry,27.43,86.69,119.18,14.88,6.44,112.9,75.6,40.7,53.6,At Risk,Moderate,Humidity Deviation
Cherry,22.46,64.94,135.77,15.93,6.31,130.2,81.9,31.9,85.7,Healthy,Low,Rainfall Deviation
Cherry,4.52,13.4,218.38,54.53,5.74,24.7,37.8,64.0,5.0,High Risk,High,Rainfall Deviation
Cherry,10.3,84.29,130.46,14.47,7.01,31.7,25.2,68.5,53.4,At Risk,Moderate,Humidity Deviation
Cherry,14.79,86.75,104.21,21.94,5.81,104.9,80.6,44.2,73.2,At Risk,Moderate,Humidity Deviation
Cherry,21.61,53.67,61.65,14.29,6.03,40.6,88.5,45.6,98.0,Healthy,Low,Optimal Conditions
Cherry,38.41,91.78,8.92,52.49,7.59,73.1,22.9,67.2,5.0,High Risk,High,Temperature Deviation
Cherry,17.72,62.56,66.99,10.71,7.41,107.6,14.4,69.0,98.0,Healthy,Low,Optimal Conditions
Cherry,23.57,54.89,97.3,17.51,6.71,60.4,78.6,31.0,98.0,Healthy,Low,Optimal Conditions
Cherry,16.25,61.95,72.57,19.84,5.93,116.7,17.7,52.1,98.0,Healthy,Low,Optimal Conditions
Cherry,23.77,50.51,88.87,8.72,7.28,57.3,25.0,87.8,98.0,Healthy,Low,Optimal Conditions
Cherry,18.86,52.63,88.98,11.1,5.81,109.0,18.3,75.4,98.0,Healthy,Low,Optimal Conditions
Cherry,13.85,42.3,42.25,21.53,5.96,92.9,53.0,32.2,79.9,Healthy,Low,Rainfall Deviation
Cherry,14.67,51.33,60.55,8.31,7.0,57.9,37.4,28.9,98.0,Healthy,Low,Optimal Conditions
Cherry,17.56,74.29,93.19,17.55,5.82,91.4,29.1,102.3,93.6,Healthy,Low,Humidity Deviation
Cherry,16.11,51.14,89.6,12.62,5.75,46.6,89.9,99.6,98.0,Healthy,Low,Optimal Conditions
Cherry,19.43,58.32,61.46,16.68,7.08,69.1,77.7,71.1,98.0,Healthy,Low,Optimal Conditions
Cherry,16.59,59.24,64.14,13.57,5.77,44.1,81.5,120.0,98.0,Healthy,Low,Optimal Conditions
Cherry,27.82,45.5,100.01,31.82,6.8,105.3,52.1,95.8,79.3,Healthy,Low,Temperature Deviation
Cherry,28.4,45.36,106.77,22.03,7.6,125.9,20.3,19.3,74.1,At Risk,Moderate,Temperature Deviation
Cherry,17.91,43.42,128.3,11.95,5.68,56.8,12.9,67.5,80.8,Healthy,Low,Rainfall Deviation
Cherry,19.57,55.98,79.43,10.02,5.93,97.9,63.9,102.1,98.0,Healthy,Low,Optimal Conditions
Cherry,26.88,92.07,185.56,49.32,7.34,90.0,24.9,116.3,5.0,High Risk,High,Rainfall Deviation
Cherry,21.69,51.73,65.74,18.47,7.16,63.9,61.1,63.0,98.0,Healthy,Low,Optimal Conditions
Cherry,21.21,65.27,95.29,13.11,6.98,72.6,35.5,58.2,98.0,Healthy,Low,Optimal Conditions
Cherry,38.46,96.68,0.47,38.24,5.59,111.5,55.9,100.6,5.0,High Risk,High,Temperature Deviation
Cherry,20.21,54.95,96.13,6.65,7.35,30.6,12.0,39.7,98.0,Healthy,Low,Optimal Conditions
Cherry,20.27,52.63,77.49,8.06,7.38,25.4,38.5,81.3,98.0,Healthy,Low,Optimal Conditions
Cherry,26.78,14.13,181.16,26.18,6.91,34.0,47.2,91.3,26.4,High Risk,High,Rainfall Deviation
Cherry,27.3,56.66,101.73,26.51,5.88,27.6,52.2,73.1,86.1,Healthy,Low,Temperature Deviation
Cherry,17.48,68.92,71.4,7.33,7.68,56.3,64.4,39.3,98.0,Healthy,Low,Optimal Conditions
Cherry,15.2,87.66,108.69,18.66,7.0,79.5,13.9,97.6,70.0,At Risk,Moderate,Humidity Deviation
Peach,14.16,82.19,135.35,22.66,5.77,85.7,24.5,95.6,59.1,At Risk,Moderate,Humidity Deviation
Peach,11.91,12.09,172.05,43.16,6.14,55.2,69.1,22.0,13.9,High Risk,High,Humidity Deviation
Peach,24.54,54.18,88.61,9.53,7.19,62.0,28.4,70.7,98.0,Healthy,Low,Optimal Conditions
Peach,25.97,63.6,98.53,10.98,7.17,79.2,17.6,38.5,98.0,Healthy,Low,Optimal Conditions
Peach,31.9,35.15,57.0,25.13,5.58,55.0,82.7,59.5,64.8,At Risk,Moderate,Humidity Deviation
Peach,38.01,20.45,225.0,35.56,7.05,79.4,53.0,102.3,5.0,High Risk,High,Temperature Deviation
Peach,12.35,89.18,242.53,34.51,6.45,22.2,14.1,16.7,11.4,High Risk,High,Rainfall Deviation
Peach,33.68,78.81,93.16,10.94,6.86,126.6,78.4,32.7,64.1,At Risk,Moderate,Temperature Deviation
Peach,30.58,93.36,5.95,32.04,6.69,22.5,41.9,95.2,23.1,High Risk,High,Humidity Deviation
Peach,26.36,69.52,90.36,7.18,6.26,21.1,58.2,101.3,98.0,Healthy,Low,Optimal Conditions
Peach,18.91,81.43,134.42,21.29,5.64,96.3,72.3,31.9,74.0,At Risk,Moderate,Humidity Deviation
Peach,25.43,50.41,61.45,15.15,6.95,121.5,42.0,55.9,98.0,Healthy,Low,Optimal Conditions
Peach,17.1,50.06,117.61,13.12,6.21,58.5,85.0,59.9,94.1,Healthy,Low,Optimal Conditions
Peach,25.97,35.71,31.02,12.71,7.29,118.3,47.4,28.7,65.9,At Risk,Moderate,Humidity Deviation
Peach,11.54,12.57,223.13,48.59,6.34,84.5,13.8,105.4,5.0,High Risk,High,Rainfall Deviation
Peach,21.6,51.44,66.84,14.99,6.89,101.2,54.2,115.0,98.0,Healthy,Low,Optimal Conditions
Peach,27.61,38.08,52.77,26.18,5.84,95.3,64.3,99.2,81.5,Healthy,Low,Humidity Deviation
Peach,6.0,19.37,5.26,39.73,5.93,85.1,79.1,116.5,5.0,High Risk,High,Temperature Deviation
Peach,21.4,46.14,138.51,20.01,5.59,111.6,75.0,20.2,85.0,Healthy,Low,Rainfall Deviation
Peach,25.71,57.52,83.63,17.35,5.69,101.3,27.2,21.6,98.0,Healthy,Low,Optimal Conditions
Peach,12.03,62.71,39.77,28.8,6.66,64.2,15.6,77.1,67.3,At Risk,Moderate,Temperature Deviation
Peach,25.43,66.06,87.2,7.24,7.07,56.9,27.8,64.4,98.0,Healthy,Low,Optimal Conditions
Peach,40.67,12.98,199.83,48.37,7.13,41.0,85.7,32.4,5.0,High Risk,High,Temperature Deviation
Peach,24.98,53.69,97.94,16.93,5.97,30.4,50.1,108.5,98.0,Healthy,Low,Optimal Conditions
Peach,14.66,98.6,234.92,34.21,6.53,122.2,24.8,26.0,13.3,High Risk,High,Rainfall Deviation
Peach,23.07,67.69,62.12,8.18,6.89,119.1,74.6,97.4,98.0,Healthy,Low,Optimal Conditions
Peach,21.97,69.69,109.44,14.04,6.92,134.2,46.0,29.4,98.0,Healthy,Low,Optimal Conditions
Peach,23.61,68.27,49.79,21.27,6.11,119.0,76.3,58.8,94.0,Healthy,Low,Rainfall Deviation
Peach,21.9,76.62,106.09,29.77,6.51,73.7,75.4,20.1,90.1,Healthy,Low,Humidity Deviation
Peach,18.22,63.76,86.28,18.14,6.5,46.6,74.4,45.9,98.0,Healthy,Low,Optimal Conditions
Peach,16.82,14.63,4.96,55.67,5.52,98.6,64.9,115.9,8.8,High Risk,High,Rainfall Deviation
Peach,19.95,60.41,82.38,16.88,7.31,30.4,77.7,110.4,98.0,Healthy,Low,Optimal Conditions
Peach,35.33,97.85,210.43,38.87,5.58,47.3,82.1,69.9,5.0,High Risk,High,Rainfall Deviation
Peach,31.48,11.03,6.02,32.9,6.92,100.6,19.8,40.1,24.6,High Risk,High,Rainfall Deviation
Peach,8.51,95.95,3.82,43.19,6.01,139.8,31.4,39.2,5.0,High Risk,High,Humidity Deviation
Peach,30.21,37.51,124.92,27.09,7.32,98.3,48.0,54.7,70.8,At Risk,Moderate,Humidity Deviation
Peach,26.5,69.6,62.6,13.7,6.54,65.1,78.1,75.5,98.0,Healthy,Low,Optimal Conditions
Peach,22.44,57.14,81.5,6.07,5.72,94.8,64.7,81.8,98.0,Healthy,Low,Optimal Conditions
Peach,32.53,42.97,55.36,21.88,5.89,134.3,81.8,18.5,70.7,At Risk,Moderate,Temperature Deviation
Peach,26.9,37.84,24.19,13.13,6.47,77.8,83.6,22.7,64.5,At Risk,Moderate,Rainfall Deviation
Peach,29.01,19.79,6.12,35.25,6.42,52.0,13.9,24.1,34.1,High Risk,High,Rainfall Deviation
Peach,37.84,18.77,3.0,28.15,5.97,31.0,18.3,70.0,5.0,High Risk,High,Temperature Deviation
Peach,20.4,86.91,144.43,10.22,6.68,123.9,62.2,99.1,62.1,At Risk,Moderate,Humidity Deviation
Peach,13.17,93.4,0.86,47.23,5.84,28.9,34.1,18.9,5.0,High Risk,High,Humidity Deviation
Peach,37.18,92.47,171.7,25.71,6.38,46.9,12.3,64.4,7.1,High Risk,High,Temperature Deviation
Peach,22.53,55.55,90.19,19.86,6.59,97.6,83.5,54.3,98.0,Healthy,Low,Optimal Conditions
Peach,20.83,58.06,92.25,5.07,7.21,29.1,82.1,114.7,98.0,Healthy,Low,Optimal Conditions
Peach,36.17,95.47,3.17,41.43,6.02,39.3,25.0,91.1,5.0,High Risk,High,Humidity Deviation
Peach,26.61,70.65,32.1,11.33,5.74,61.2,19.4,59.7,82.8,Healthy,Low,Rainfall Deviation
Peach,25.79,67.43,79.48,12.67,7.41,84.3,89.6,29.9,98.0,Healthy,Low,Optimal Conditions
Peach,10.44,93.66,9.54,57.58,6.61,101.4,23.3,94.0,5.0,High Risk,High,Humidity Deviation
Peach,19.46,50.84,83.61,9.3,7.47,50.0,79.3,48.2,98.0,Healthy,Low,Optimal Conditions
Peach,26.74,78.21,42.4,14.45,5.71,82.5,89.1,18.6,77.4,Healthy,Low,Humidity Deviation
Peach,26.45,73.8,50.06,23.52,6.94,101.7,79.6,95.9,88.5,Healthy,Low,Rainfall Deviation
Peach,27.28,63.66,66.36,16.58,6.22,116.7,86.4,41.8,98.0,Healthy,Low,Optimal Conditions
Peach,8.74,97.28,1.06,28.4,7.03,65.7,25.2,65.7,5.0,High Risk,High,Humidity Deviation
Peach,39.75,11.53,197.04,40.78,6.55,117.6,48.3,72.2,5.0,High Risk,High,Temperature Deviation
Peach,38.03,23.76,189.61,30.4,6.72,23.2,66.7,92.0,5.0,High Risk,High,Temperature Deviation
Peach,17.96,39.3,144.44,31.77,7.5,126.9,61.2,15.7,74.5,At Risk,Moderate,Humidity Deviation
Peach,16.49,41.85,51.39,16.48,5.85,41.3,78.7,106.7,79.9,Healthy,Low,Humidity Deviation
Peach,26.78,41.57,89.88,30.2,6.76,57.7,39.4,66.8,89.9,Healthy,Low,Humidity Deviation
Peach,16.38,26.45,44.86,14.12,6.14,118.8,38.1,91.0,57.2,At Risk,Moderate,Humidity Deviation
Peach,24.54,45.99,58.39,20.57,6.11,70.8,11.4,90.4,94.2,Healthy,Low,Optimal Conditions
Peach,23.19,61.32,60.08,19.7,6.1,29.3,78.4,31.0,98.0,Healthy,Low,Optimal Conditions
Peach,22.95,52.6,109.12,5.16,5.6,120.0,29.2,110.7,98.0,Healthy,Low,Optimal Conditions
Peach,18.7,50.21,74.13,12.11,5.5,89.7,36.7,56.0,98.0,Healthy,Low,Optimal Conditions
Peach,23.29,54.6,66.74,18.36,6.28,29.2,28.4,47.5,98.0,Healthy,Low,Optimal Conditions
Peach,18.05,78.13,67.62,12.11,7.43,127.3,62.0,21.7,87.8,Healthy,Low,Humidity Deviation
Peach,21.72,59.62,68.45,13.66,6.37,133.7,84.9,74.4,98.0,Healthy,Low,Optimal Conditions
Peach,18.11,74.28,109.48,24.09,6.74,66.2,63.1,24.1,93.6,Healthy,Low,Humidity Deviation
Peach,14.8,77.33,101.08,12.18,7.41,25.7,42.1,32.1,77.8,Healthy,Low,Temperature Deviation
Peach,32.55,39.72,29.25,29.45,6.52,125.2,37.2,83.6,51.5,At Risk,Moderate,Temperature Deviation
Peach,38.78,15.38,3.09,28.92,6.64,62.4,56.7,73.7,5.0,High Risk,High,Temperature Deviation
Peach,27.73,44.15,112.14,21.06,6.63,25.6,72.0,39.4,92.2,Healthy,Low,Humidity Deviation
Peach,20.28,68.92,68.44,15.98,5.99,71.0,89.7,25.6,98.0,Healthy,Low,Optimal Conditions
Peach,33.09,89.04,9.81,38.24,7.49,99.6,75.2,85.3,16.9,High Risk,High,Rainfall Deviation
Peach,4.98,91.44,202.73,43.83,6.07,62.5,59.0,52.0,5.0,High Risk,High,Temperature Deviation
Peach,23.28,70.64,126.82,30.96,7.33,26.9,29.9,20.2,92.9,Healthy,Low,Rainfall Deviation
Peach,13.39,53.18,143.12,18.64,7.19,85.1,47.6,88.4,71.8,At Risk,Moderate,Temperature Deviation
Peach,20.65,66.34,85.2,18.62,5.68,57.6,38.4,59.4,98.0,Healthy,Low,Optimal Conditions
Peach,35.5,12.04,247.87,56.37,6.32,105.2,82.7,103.3,5.0,High Risk,High,Rainfall Deviation
Peach,28.98,44.83,52.11,22.8,7.0,128.7,43.7,27.1,85.3,Healthy,Low,Humidity Deviation
Peach,13.79,88.39,8.6,33.26,6.57,134.4,33.0,66.2,27.7,High Risk,High,Rainfall Deviation
Peach,26.97,51.44,88.31,17.69,7.48,103.8,40.4,58.2,98.0,Healthy,Low,Optimal Conditions
Peach,24.04,64.79,100.97,11.25,6.93,129.9,83.7,88.9,98.0,Healthy,Low,Optimal Conditions
Peach,30.13,70.47,61.31,16.61,6.68,76.7,33.7,105.5,90.8,Healthy,Low,Temperature Deviation
Peach,22.71,66.93,64.45,10.85,6.31,79.5,18.5,25.8,98.0,Healthy,Low,Optimal Conditions
Peach,18.33,55.1,70.06,12.34,5.52,101.1,78.4,89.2,98.0,Healthy,Low,Optimal Conditions
Peach,14.46,88.82,0.38,34.09,5.69,87.2,12.2,116.5,24.6,High Risk,High,Rainfall Deviation
Peach,24.95,66.21,73.96,16.23,7.16,49.0,89.4,17.2,98.0,Healthy,Low,Optimal Conditions
Peach,25.8,53.88,94.91,17.83,7.42,76.9,87.7,58.2,98.0,Healthy,Low,Optimal Conditions
Peach,23.14,63.0,82.9,13.5,6.33,83.0,86.2,67.5,98.0,Healthy,Low,Optimal Conditions
Peach,25.59,56.75,100.81,5.85,6.16,31.3,16.8,84.1,98.0,Healthy,Low,Optimal Conditions
Peach,26.71,60.33,74.77,15.81,6.75,116.0,61.5,32.5,98.0,Healthy,Low,Optimal Conditions
Peach,27.12,46.84,74.92,10.0,6.71,21.2,67.1,39.7,96.2,Healthy,Low,Optimal Conditions
Peach,21.8,66.93,65.1,15.0,7.46,22.7,87.3,16.9,98.0,Healthy,Low,Optimal Conditions
Peach,9.49,13.92,4.25,56.16,5.68,103.4,84.1,37.4,5.0,High Risk,High,Rainfall Deviation
Peach,32.75,91.61,5.28,33.07,6.39,68.5,14.2,80.9,16.6,High Risk,High,Humidity Deviation
Peach,23.09,52.34,117.61,11.15,7.42,40.2,63.5,110.9,97.2,Healthy,Low,Optimal Conditions
Peach,20.82,81.45,73.47,24.31,6.2,96.3,65.1,56.7,82.8,Healthy,Low,Humidity Deviation
Peach,24.07,66.04,109.88,8.35,6.9,23.4,87.6,16.3,98.0,Healthy,Low,Optimal Conditions
Peach,18.76,62.42,76.97,15.99,6.47,70.3,37.9,24.0,98.0,Healthy,Low,Optimal Conditions
Peach,24.39,59.94,63.5,13.16,5.61,81.4,87.2,47.3,98.0,Healthy,Low,Optimal Conditions
Peach,17.37,72.75,62.66,22.23,6.4,41.5,27.9,44.5,93.7,Healthy,Low,Optimal Conditions
Peach,27.17,63.72,94.48,13.58,6.88,137.8,40.8,89.8,98.0,Healthy,Low,Optimal Conditions
Peach,26.54,67.16,105.11,5.08,6.1,36.1,46.3,67.0,98.0,Healthy,Low,Optimal Conditions
Peach,25.23,55.4,102.69,7.66,6.23,94.7,58.4,23.2,98.0,Healthy,Low,Optimal Conditions
Peach,34.0,91.24,270.39,50.28,5.71,59.5,25.1,17.4,5.0,High Risk,High,Rainfall Deviation
Peach,20.02,53.32,64.55,12.89,6.15,129.0,25.0,78.3,98.0,Healthy,Low,Optimal Conditions
Peach,33.93,11.48,3.49,55.46,7.39,74.5,16.4,42.1,5.0,High Risk,High,Rainfall Deviation
Peach,20.39,59.88,89.16,6.84,7.28,94.4,57.8,118.7,98.0,Healthy,Low,Optimal Conditions
Peach,27.66,42.42,131.28,29.58,7.33,40.1,64.4,48.3,83.2,Healthy,Low,Humidity Deviation
Peach,34.53,20.26,2.02,28.32,7.14,45.7,12.1,37.9,10.1,High Risk,High,Rainfall Deviation
Peach,20.19,49.99,40.07,17.2,6.88,50.3,82.7,71.5,88.4,Healthy,Low,Rainfall Deviation
Peach,13.88,93.87,265.17,37.22,7.48,96.4,79.8,99.8,7.2,High Risk,High,Rainfall Deviation
Peach,21.77,43.59,127.74,15.73,6.14,99.9,16.3,80.9,85.9,Healthy,Low,Humidity Deviation
Peach,38.14,90.6,231.11,53.17,6.79,114.3,56.6,42.1,5.0,High Risk,High,Temperature Deviation
Peach,18.09,65.62,102.36,16.52,5.65,111.5,13.7,26.1,98.0,Healthy,Low,Optimal Conditions
Peach,22.76,66.32,93.98,7.3,5.95,54.3,19.9,45.2,98.0,Healthy,Low,Optimal Conditions
Peach,34.18,43.4,114.93,26.32,5.84,89.6,81.2,17.4,65.6,At Risk,Moderate,Temperature Deviation
Peach,13.2,33.3,108.37,11.32,6.86,53.4,14.4,84.9,63.2,At Risk,Moderate,Humidity Deviation
Peach,28.87,56.36,37.66,12.84,7.32,75.2,71.1,24.4,83.5,Healthy,Low,Rainfall Deviation
Peach,22.95,56.31,60.25,7.75,5.94,54.6,80.2,59.2,98.0,Healthy,Low,Optimal Conditions
Peach,27.27,65.54,97.56,24.09,5.68,75.1,89.5,90.2,98.0,Healthy,Low,Optimal Conditions
Peach,33.89,39.73,47.18,11.38,7.08,128.6,50.9,70.9,56.6,At Risk,Moderate,Temperature Deviation
Peach,26.57,50.3,91.23,18.61,5.71,135.1,87.4,112.6,98.0,Healthy,Low,Optimal Conditions
Peach,14.33,79.05,23.98,16.16,6.01,28.6,87.8,21.3,52.6,At Risk,Moderate,Rainfall Deviation
Peach,33.11,93.68,215.37,54.46,6.8,26.8,79.2,110.1,5.0,High Risk,High,Rainfall Deviation
Peach,23.26,55.62,60.74,12.19,5.76,42.0,48.5,106.0,98.0,Healthy,Low,Optimal Conditions
Peach,42.9,89.33,1.83,29.64,5.84,123.7,52.2,89.1,5.0,High Risk,High,Temperature Deviation
Peach,23.32,69.54,76.49,15.12,5.85,34.6,72.7,103.6,98.0,Healthy,Low,Optimal Conditions
Peach,11.86,80.71,65.35,17.13,7.24,132.4,45.3,70.9,62.4,At Risk,Moderate,Temperature Deviation
Peach,28.38,77.38,124.9,24.3,7.29,75.1,10.7,81.2,82.0,Healthy,Low,Humidity Deviation
Peach,17.63,75.52,60.54,30.59,6.43,66.6,81.5,110.6,90.4,Healthy,Low,Humidity Deviation
Peach,23.92,69.27,62.77,5.6,6.53,54.9,56.5,91.1,98.0,Healthy,Low,Optimal Conditions
Peach,26.82,55.54,79.07,10.06,7.18,40.5,12.3,117.0,98.0,Healthy,Low,Optimal Conditions
Peach,12.31,93.55,185.85,32.64,7.02,110.4,14.8,48.9,17.5,High Risk,High,Humidity Deviation
Peach,26.29,58.44,106.3,19.95,7.06,100.0,41.4,22.0,98.0,Healthy,Low,Optimal Conditions
Peach,16.84,82.0,76.74,27.24,7.44,98.7,54.3,46.1,77.9,Healthy,Low,Humidity Deviation
Peach,24.18,59.76,97.95,11.18,7.47,67.7,36.6,106.5,98.0,Healthy,Low,Optimal Conditions
Peach,26.71,50.55,94.63,6.08,5.8,104.0,33.2,37.1,98.0,Healthy,Low,Optimal Conditions
Peach,35.44,18.65,9.99,37.08,7.16,48.5,46.9,35.4,8.0,High Risk,High,Humidity Deviation
Peach,40.33,10.42,3.68,34.22,5.67,79.0,14.0,67.9,5.0,High Risk,High,Temperature Deviation
Peach,22.76,58.37,75.26,11.73,6.45,120.0,63.3,60.5,98.0,Healthy,Low,Optimal Conditions
Peach,11.16,96.68,220.47,56.52,7.26,109.7,84.2,73.1,5.0,High Risk,High,Rainfall Deviation
Peach,27.68,59.28,92.07,10.6,6.77,106.4,60.0,69.0,98.0,Healthy,Low,Optimal Conditions
Peach,24.44,68.17,60.35,7.01,5.74,130.8,63.0,114.9,98.0,Healthy,Low,Optimal Conditions
Peach,17.21,75.05,44.09,26.15,6.61,86.5,64.8,50.0,80.4,Healthy,Low,Rainfall Deviation
Peach,23.83,58.43,82.21,9.09,6.07,103.9,10.3,25.0,98.0,Healthy,Low,Optimal Conditions
Peach,28.67,90.29,183.8,41.2,6.01,90.7,67.4,53.9,30.8,High Risk,High,Humidity Deviation
Peach,27.44,79.28,88.8,11.67,6.81,33.3,82.4,51.7,86.1,Healthy,Low,Humidity Deviation
Peach,14.7,27.75,81.12,27.71,7.37,139.8,44.7,38.8,61.8,At Risk,Moderate,Humidity Deviation
Peach,16.91,70.43,121.8,21.76,6.77,40.4,22.1,32.1,91.3,Healthy,Low,Optimal Conditions
Peach,28.48,76.32,42.79,12.43,6.86,45.7,63.4,105.5,78.6,Healthy,Low,Rainfall Deviation
Peach,33.81,41.22,75.05,19.53,5.51,38.9,44.7,85.1,66.2,At Risk,Moderate,Temperature Deviation
Peach,22.48,50.26,83.88,18.44,6.69,72.9,23.0,36.3,98.0,Healthy,Low,Optimal Conditions
Peach,25.42,51.54,79.2,16.25,6.93,89.3,55.7,24.5,98.0,Healthy,Low,Optimal Conditions
Peach,23.35,56.96,60.95,16.97,6.81,59.1,17.9,77.1,98.0,Healthy,Low,Optimal Conditions
Peach,20.55,64.43,76.41,7.04,6.46,119.4,78.0,104.2,98.0,Healthy,Low,Optimal Conditions
Peach,25.91,67.0,82.98,9.78,6.9,128.5,87.8,45.5,98.0,Healthy,Low,Optimal Conditions
Peach,39.49,88.46,8.95,33.03,6.66,116.5,70.2,80.0,5.0,High Risk,High,Temperature Deviation
Peach,25.24,65.46,96.14,16.49,6.36,139.3,71.7,75.8,98.0,Healthy,Low,Optimal Conditions
Peach,40.0,14.67,2.51,36.79,5.63,112.8,67.2,73.0,5.0,High Risk,High,Temperature Deviation
Peach,28.58,37.58,38.45,16.17,6.55,114.7,44.6,36.4,70.2,At Risk,Moderate,Humidity Deviation
Peach,24.63,58.47,66.27,15.12,5.92,81.1,34.5,112.8,98.0,Healthy,Low,Optimal Conditions
Peach,22.2,69.19,75.94,14.67,6.13,33.3,60.2,111.2,98.0,Healthy,Low,Optimal Conditions
Peach,31.54,74.41,73.94,20.56,6.96,88.0,26.4,35.5,79.2,Healthy,Low,Temperature Deviation
Peach,22.83,60.06,107.75,6.5,6.26,81.7,87.0,68.0,98.0,Healthy,Low,Optimal Conditions
Peach,17.03,68.08,114.75,26.06,7.19,86.4,68.0,46.8,94.9,Healthy,Low,Optimal Conditions
Peach,18.18,45.24,71.62,12.71,6.49,100.3,21.9,67.2,94.3,Healthy,Low,Humidity Deviation
Peach,22.33,85.76,105.34,18.04,5.84,77.3,40.9,33.7,76.4,Healthy,Low,Humidity Deviation
Peach,22.22,52.63,66.56,14.71,6.91,132.9,17.0,27.4,98.0,Healthy,Low,Optimal Conditions
Peach,23.32,62.45,80.18,16.97,6.87,138.3,21.0,21.1,98.0,Healthy,Low,Optimal Conditions
Peach,18.19,68.65,75.2,13.29,6.14,49.5,22.2,48.6,98.0,Healthy,Low,Optimal Conditions
Peach,17.24,56.27,132.86,12.53,7.5,125.1,41.4,41.6,89.0,Healthy,Low,Rainfall Deviation
Peach,32.07,21.49,195.3,28.4,6.64,117.8,53.0,106.6,22.7,High Risk,High,Rainfall Deviation
Peach,36.64,89.63,9.37,44.2,6.57,44.4,57.3,67.8,5.0,High Risk,High,Temperature Deviation
Peach,12.02,71.78,97.85,13.05,5.92,86.4,83.5,49.3,76.4,Healthy,Low,Temperature Deviation
Peach,23.64,57.13,105.52,10.67,6.48,84.0,72.6,74.2,98.0,Healthy,Low,Optimal Conditions
Peach,19.24,68.76,100.08,5.34,7.14,90.9,51.5,16.3,98.0,Healthy,Low,Optimal Conditions
Peach,18.58,72.41,34.51,22.04,5.76,68.1,38.1,94.4,81.5,Healthy,Low,Rainfall Deviation
Peach,24.28,40.94,136.36,13.76,5.5,91.4,86.2,82.9,79.5,Healthy,Low,Humidity Deviation
Peach,23.4,68.19,60.33,7.5,7.13,127.3,66.6,119.1,98.0,Healthy,Low,Optimal Conditions
Peach,23.46,63.7,95.13,16.9,7.34,63.4,13.4,53.1,98.0,Healthy,Low,Optimal Conditions
Peach,17.65,50.01,47.26,25.9,6.84,115.9,79.4,101.1,91.3,Healthy,Low,Rainfall Deviation
Peach,21.09,60.05,86.76,9.7,6.58,32.7,28.5,93.3,98.0,Healthy,Low,Optimal Conditions
Peach,19.39,55.75,78.55,9.93,6.25,36.8,23.2,39.8,98.0,Healthy,Low,Optimal Conditions
Peach,21.36,65.83,86.28,13.64,6.62,67.9,88.4,18.9,98.0,Healthy,Low,Optimal Conditions
Peach,20.85,67.63,105.94,17.69,6.33,129.8,17.9,83.5,98.0,Healthy,Low,Optimal Conditions
Peach,30.37,20.31,7.17,51.19,7.37,43.2,50.0,119.4,5.4,High Risk,High,Rainfall Deviation
Peach,21.62,32.95,131.12,23.35,5.57,37.2,39.7,89.1,71.9,At Risk,Moderate,Humidity Deviation
Peach,31.7,81.66,129.31,21.75,6.76,130.7,51.0,103.0,60.7,At Risk,Moderate,Humidity Deviation
Peach,27.77,51.58,96.24,14.91,5.88,66.7,35.0,24.9,98.0,Healthy,Low,Optimal Conditions
Peach,30.35,63.39,67.42,23.22,6.13,55.6,52.5,47.1,90.6,Healthy,Low,Temperature Deviation
Peach,18.26,93.24,1.89,33.02,6.66,30.5,43.9,49.6,31.2,High Risk,High,Humidity Deviation
Peach,37.43,98.6,239.14,26.49,6.87,51.5,86.7,37.1,5.0,High Risk,High,Rainfall Deviation
Peach,22.98,92.92,45.2,25.89,6.61,35.3,59.1,100.1,57.0,At Risk,Moderate,Humidity Deviation
Peach,29.58,79.68,83.1,18.74,6.84,34.5,83.8,101.9,79.2,Healthy,Low,Humidity Deviation
Peach,21.48,58.65,80.06,8.87,7.48,117.3,31.4,118.1,98.0,Healthy,Low,Optimal Conditions
Peach,22.38,61.39,61.88,7.42,6.02,106.4,85.2,80.6,98.0,Healthy,Low,Optimal Conditions
Peach,24.62,36.49,132.12,14.86,5.6,31.9,35.9,67.9,75.7,Healthy,Low,Humidity Deviation
Peach,10.71,97.75,195.39,45.26,7.5,114.2,19.7,86.3,5.0,High Risk,High,Humidity Deviation
Peach,15.87,31.08,52.2,19.33,6.85,82.6,18.9,98.6,65.3,At Risk,Moderate,Humidity Deviation
Peach,30.85,91.27,87.15,21.28,6.18,75.8,60.8,31.8,56.7,At Risk,Moderate,Humidity Deviation
Peach,30.43,97.68,7.84,34.31,5.77,69.2,57.2,44.8,24.9,High Risk,High,Humidity Deviation
Peach,30.55,89.51,3.53,41.26,6.38,82.8,78.8,81.3,18.2,High Risk,High,Rainfall Deviation
Peach,19.73,56.98,107.45,6.17,6.92,24.0,39.0,95.9,98.0,Healthy,Low,Optimal Conditions
Peach,22.3,68.11,63.31,12.91,6.23,135.7,73.5,27.8,98.0,Healthy,Low,Optimal Conditions
Peach,37.45,95.65,219.2,28.23,6.37,93.1,19.5,81.2,5.0,High Risk,High,Rainfall Deviation
Peach,15.22,93.09,4.08,49.47,5.54,82.4,30.5,28.8,5.0,High Risk,High,Humidity Deviation
Peach,30.86,74.79,89.49,20.62,6.3,95.5,25.4,22.4,81.4,Healthy,Low,Temperature Deviation
Peach,23.24,61.24,90.07,13.23,5.99,111.7,17.0,35.8,98.0,Healthy,Low,Optimal Conditions
Peach,15.7,74.54,134.28,13.23,6.21,86.6,22.3,28.4,76.3,Healthy,Low,Rainfall Deviation
Peach,23.6,73.52,104.87,25.87,6.33,101.7,60.3,32.2,94.7,Healthy,Low,Humidity Deviation
Peach,29.57,49.1,62.44,15.21,5.72,34.4,58.3,19.0,92.6,Healthy,Low,Temperature Deviation
Peach,14.45,89.56,8.91,56.1,7.11,45.1,22.5,61.7,5.0,High Risk,High,Rainfall Deviation
Peach,25.74,78.62,76.52,31.2,7.22,82.7,50.8,37.7,87.1,Healthy,Low,Humidity Deviation
Peach,13.65,92.78,81.14,29.49,5.75,20.3,24.3,101.5,50.6,At Risk,Moderate,Humidity Deviation
Peach,14.57,96.57,183.77,28.17,6.98,105.9,65.2,44.1,26.2,High Risk,High,Humidity Deviation
Peach,13.51,75.81,129.41,25.61,6.12,99.5,39.4,114.2,68.5,At Risk,Moderate,Temperature Deviation
Peach,24.03,65.0,105.32,11.57,6.22,71.6,35.9,83.7,98.0,Healthy,Low,Optimal Conditions
Peach,28.59,16.9,8.65,41.16,5.99,82.0,52.1,94.1,28.4,High Risk,High,Humidity Deviation
Peach,33.18,86.99,64.99,31.77,7.23,82.5,34.9,74.8,53.8,At Risk,Moderate,Humidity Deviation
Peach,17.17,72.33,132.24,13.56,7.01,116.0,86.1,72.7,85.5,Healthy,Low,Rainfall Deviation
Peach,13.17,81.7,34.58,12.82,6.47,38.9,65.5,75.4,50.7,At Risk,Moderate,Humidity Deviation
Peach,18.15,78.47,49.79,16.26,6.16,49.1,25.7,76.8,81.3,Healthy,Low,Humidity Deviation
Peach,29.99,89.47,73.26,17.97,6.97,62.1,34.4,36.2,62.8,At Risk,Moderate,Humidity Deviation
Peach,5.64,98.96,205.62,42.98,5.68,62.3,63.5,111.2,5.0,High Risk,High,Temperature Deviation
Peach,23.65,62.72,63.54,10.13,6.87,108.3,38.5,15.7,98.0,Healthy,Low,Optimal Conditions
Peach,23.38,61.03,87.79,15.83,7.34,138.8,66.1,69.0,98.0,Healthy,Low,Optimal Conditions
Peach,21.84,61.45,109.99,6.9,7.09,139.9,74.4,95.6,98.0,Healthy,Low,Optimal Conditions
Peach,18.03,54.52,99.49,6.61,6.09,87.5,56.4,72.0,98.0,Healthy,Low,Optimal Conditions
Peach,34.14,19.25,6.73,48.56,6.33,118.6,68.4,71.8,5.0,High Risk,High,Rainfall Deviation
Peach,7.54,24.03,5.4,40.51,7.25,86.6,68.6,59.5,5.0,High Risk,High,Temperature Deviation
Peach,24.48,62.68,63.57,7.56,6.45,73.6,70.2,55.7,98.0,Healthy,Low,Optimal Conditions
Peach,20.29,85.23,137.77,13.04,6.27,39.0,18.5,83.1,67.1,At Risk,Moderate,Humidity Deviation
Peach,11.08,89.06,242.28,36.5,6.01,23.5,42.8,17.8,5.0,High Risk,High,Rainfall Deviation
Peach,25.92,56.3,88.38,9.47,7.36,107.5,39.5,37.1,98.0,Healthy,Low,Optimal Conditions
Peach,25.62,59.06,71.6,18.79,6.28,85.2,78.6,102.5,98.0,Healthy,Low,Optimal Conditions
Peach,22.67,73.18,102.48,28.04,5.89,85.8,72.6,102.1,95.2,Healthy,Low,Optimal Conditions
Peach,16.21,71.91,120.98,24.25,6.95,70.7,52.9,40.2,86.9,Healthy,Low,Temperature Deviation
Peach,21.09,46.32,73.01,29.21,6.12,119.6,36.6,98.4,95.6,Healthy,Low,Optimal Conditions
Peach,24.55,63.54,84.57,15.31,7.35,108.1,86.9,62.1,98.0,Healthy,Low,Optimal Conditions
Peach,30.3,71.33,110.75,16.06,7.41,42.4,23.6,99.5,88.5,Healthy,Low,Temperature Deviation
Peach,18.95,54.53,104.42,9.2,6.89,67.4,31.0,30.1,98.0,Healthy,Low,Optimal Conditions
Peach,34.27,92.31,1.82,38.17,7.14,94.8,86.6,110.0,5.0,High Risk,High,Rainfall Deviation
Peach,18.43,57.98,86.1,12.73,5.77,35.0,13.7,104.3,98.0,Healthy,Low,Optimal Conditions
Peach,5.89,13.31,2.62,26.97,5.87,20.3,18.7,79.8,5.0,High Risk,High,Temperature Deviation
Peach,22.26,60.07,105.33,12.11,5.79,54.7,63.8,26.8,98.0,Healthy,Low,Optimal Conditions
Peach,27.96,50.11,67.61,17.66,5.7,24.0,19.7,87.8,98.0,Healthy,Low,Optimal Conditions
Peach,5.85,94.32,6.63,42.73,7.22,121.2,80.0,95.7,5.0,High Risk,High,Temperature Deviation
Peach,32.55,89.42,1.82,30.89,7.05,37.8,43.3,91.5,18.7,High Risk,High,Rainfall Deviation
Peach,21.14,63.35,69.39,19.28,5.88,110.0,74.2,54.3,98.0,Healthy,Low,Optimal Conditions
Peach,19.66,69.71,96.27,11.75,6.01,22.3,63.6,115.5,98.0,Healthy,Low,Optimal Conditions
Peach,25.54,53.06,99.61,10.56,6.92,131.2,59.6,111.7,98.0,Healthy,Low,Optimal Conditions
Peach,27.78,67.46,65.38,11.2,7.35,29.4,46.3,91.0,98.0,Healthy,Low,Optimal Conditions
Peach,25.53,57.22,72.47,13.64,6.59,124.9,64.1,59.3,98.0,Healthy,Low,Optimal Conditions
Peach,29.85,75.62,132.04,17.27,5.83,80.3,38.5,43.0,76.2,Healthy,Low,Humidity Deviation
Peach,8.55,93.4,207.87,54.53,6.54,130.7,26.4,25.7,5.0,High Risk,High,Rainfall Deviation
Peach,25.83,70.78,26.78,23.35,6.47,133.5,33.7,36.6,79.5,Healthy,Low,Rainfall Deviation
Peach,42.21,89.73,4.17,35.34,6.44,129.8,70.4,62.3,5.0,High Risk,High,Temperature Deviation
Peach,9.51,16.7,263.53,31.92,6.34,94.9,60.3,15.0,5.0,High Risk,High,Rainfall Deviation
Peach,14.42,93.43,8.17,29.3,5.88,118.1,12.7,91.6,22.2,High Risk,High,Humidity Deviation
Peach,23.92,65.47,71.55,7.94,6.08,104.0,30.4,67.7,98.0,Healthy,Low,Optimal Conditions
Peach,22.61,62.49,63.59,17.23,7.37,43.2,70.8,47.9,98.0,Healthy,Low,Optimal Conditions
Peach,12.73,42.59,76.72,20.36,7.49,38.8,66.7,83.5,72.6,At Risk,Moderate,Temperature Deviation
Peach,3.64,15.56,9.1,40.98,5.59,107.5,18.1,39.9,5.0,High Risk,High,Temperature Deviation
Peach,31.82,84.63,85.95,30.98,6.97,107.2,29.3,22.8,62.8,At Risk,Moderate,Humidity Deviation
Peach,13.98,22.21,7.95,42.28,5.55,53.8,74.9,117.4,14.7,High Risk,High,Rainfall Deviation
Peach,11.05,13.59,188.23,31.07,6.29,66.3,32.9,119.8,17.2,High Risk,High,Humidity Deviation
Peach,24.43,53.49,101.98,18.71,6.3,118.8,30.0,29.7,98.0,Healthy,Low,Optimal Conditions
Peach,21.42,57.95,78.65,11.17,6.92,49.5,11.5,66.4,98.0,Healthy,Low,Optimal Conditions
Peach,18.6,52.68,85.5,8.52,7.26,40.8,11.6,62.0,98.0,Healthy,Low,Optimal Conditions
Peach,37.58,12.63,6.48,37.84,5.67,62.9,58.1,109.3,5.0,High Risk,High,Temperature Deviation
Peach,11.09,97.08,7.01,37.2,7.25,81.1,61.9,67.0,6.6,High Risk,High,Humidity Deviation
Peach,12.17,89.7,104.31,26.67,6.58,82.1,67.4,33.0,50.0,At Risk,Moderate,Humidity Deviation
Peach,29.24,39.69,121.28,10.03,6.92,105.5,45.6,51.1,78.6,Healthy,Low,Humidity Deviation
Peach,34.76,97.9,216.19,26.9,6.76,70.0,82.8,115.9,5.0,High Risk,High,Rainfall Deviation
Peach,20.81,55.47,65.03,12.24,6.53,88.8,63.0,21.6,98.0,Healthy,Low,Optimal Conditions
Peach,28.02,66.92,64.74,29.56,6.38,61.1,18.2,50.4,98.0,Healthy,Low,Optimal Conditions
Peach,26.03,66.14,80.86,8.89,5.74,122.1,80.2,43.0,98.0,Healthy,Low,Optimal Conditions
Peach,17.94,34.34,43.4,10.25,5.58,123.0,65.8,119.6,71.3,At Risk,Moderate,Humidity Deviation
Peach,26.49,63.92,92.02,10.35,6.25,121.5,67.1,85.4,98.0,Healthy,Low,Optimal Conditions
Peach,19.84,69.25,82.72,16.72,6.28,111.7,19.5,19.4,98.0,Healthy,Low,Optimal Conditions
Peach,26.53,51.13,69.54,22.58,5.81,122.3,36.3,53.5,98.0,Healthy,Low,Optimal Conditions
Peach,21.23,61.15,79.43,8.89,7.31,57.0,65.9,51.5,98.0,Healthy,Low,Optimal Conditions
Peach,20.36,65.05,96.86,5.33,5.62,130.7,81.1,68.1,98.0,Healthy,Low,Optimal Conditions
Peach,12.27,82.01,114.73,13.51,6.28,30.3,56.4,51.3,60.2,At Risk,Moderate,Temperature Deviation
Peach,40.15,94.14,1.89,48.86,6.7,123.1,16.5,26.1,5.0,High Risk,High,Temperature Deviation
Peach,8.97,17.39,196.07,47.49,7.36,89.4,51.0,117.4,5.0,High Risk,High,Temperature Deviation
Peach,19.42,53.25,109.47,14.78,6.11,49.9,14.5,28.9,98.0,Healthy,Low,Optimal Conditions
Peach,31.89,89.71,8.81,28.69,5.71,135.7,88.3,59.7,25.0,High Risk,High,Rainfall Deviation
Peach,28.74,76.62,125.73,12.19,7.07,97.7,49.2,73.1,81.4,Healthy,Low,Humidity Deviation
Peach,28.31,76.21,131.1,10.53,5.76,121.5,68.6,58.7,81.8,Healthy,Low,Humidity Deviation
Peach,11.38,15.99,185.18,38.4,5.9,55.1,49.6,99.6,14.4,High Risk,High,Humidity Deviation
Peach,16.88,52.16,141.35,25.2,6.98,23.9,11.7,18.8,84.7,Healthy,Low,Rainfall Deviation
Peach,32.84,14.03,3.7,40.89,5.88,53.3,38.5,97.5,9.0,High Risk,High,Rainfall Deviation
Peach,35.77,94.39,257.71,54.88,6.76,132.1,57.2,40.3,5.0,High Risk,High,Rainfall Deviation
Peach,23.56,68.13,63.62,14.07,7.04,33.8,19.3,53.4,98.0,Healthy,Low,Optimal Conditions
Peach,19.98,53.97,66.53,14.16,6.88,104.4,52.6,115.1,98.0,Healthy,Low,Optimal Conditions
Grapes,39.39,97.93,196.44,57.34,6.39,94.6,24.0,94.8,5.0,High Risk,High,Rainfall Deviation
Grapes,17.08,97.43,209.94,53.39,7.88,59.3,48.0,89.1,5.0,High Risk,High,Rainfall Deviation
Grapes,38.12,17.08,1.87,37.91,6.12,135.7,31.1,114.1,7.5,High Risk,High,Rainfall Deviation
Grapes,19.06,97.47,9.62,32.56,7.48,52.4,80.2,25.3,33.5,High Risk,High,Humidity Deviation
Grapes,28.65,48.5,56.32,13.33,7.59,52.2,77.3,99.8,98.0,Healthy,Low,Optimal Conditions
Grapes,15.17,61.95,117.73,31.93,7.86,100.6,44.5,21.1,70.8,At Risk,Moderate,Temperature Deviation
Grapes,33.01,79.47,27.02,11.84,6.76,38.0,72.3,43.8,58.2,At Risk,Moderate,Humidity Deviation
Grapes,22.82,52.14,51.41,7.13,6.31,57.3,74.0,103.5,98.0,Healthy,Low,Optimal Conditions
Grapes,21.49,57.68,82.18,19.46,5.52,69.6,68.7,102.0,98.0,Healthy,Low,Optimal Conditions
Grapes,28.17,50.78,52.98,12.34,5.9,108.4,69.3,103.4,98.0,Healthy,Low,Optimal Conditions
Grapes,20.16,50.19,68.71,15.41,6.46,84.3,51.9,32.3,98.0,Healthy,Low,Optimal Conditions
Grapes,18.64,66.45,26.29,13.44,6.9,48.8,13.9,112.3,76.5,Healthy,Low,Rainfall Deviation
Grapes,28.61,51.66,87.34,19.79,6.34,90.9,71.8,28.0,98.0,Healthy,Low,Optimal Conditions
Grapes,29.43,68.1,80.84,27.19,6.78,98.9,71.8,106.8,95.3,Healthy,Low,Optimal Conditions
Grapes,29.74,50.18,76.41,6.54,5.55,31.5,35.6,18.3,98.0,Healthy,Low,Optimal Conditions
Grapes,22.38,66.41,80.7,19.68,6.23,46.0,41.9,17.7,97.9,Healthy,Low,Optimal Conditions
Grapes,22.66,50.29,53.3,13.83,6.68,110.1,89.0,27.6,98.0,Healthy,Low,Optimal Conditions
Grapes,28.19,49.75,51.21,6.65,6.58,71.7,87.8,63.9,98.0,Healthy,Low,Optimal Conditions
Grapes,24.18,70.94,29.41,21.09,7.76,31.1,46.2,54.6,76.7,Healthy,Low,Rainfall Deviation
Grapes,31.93,59.67,65.55,17.44,6.72,124.7,31.3,38.5,98.0,Healthy,Low,Optimal Conditions
Grapes,26.46,50.83,55.88,19.92,7.75,96.2,81.3,113.2,98.0,Healthy,Low,Optimal Conditions
Grapes,32.99,64.24,42.3,19.32,7.62,120.6,24.8,29.9,90.6,Healthy,Low,Rainfall Deviation
Grapes,41.99,22.38,145.06,40.17,6.89,36.3,38.9,85.0,5.0,High Risk,High,Temperature Deviation
Grapes,13.62,28.18,20.49,15.27,7.86,38.1,69.4,15.1,36.8,High Risk,High,Temperature Deviation
Grapes,23.05,63.76,78.18,14.84,7.68,138.4,75.3,91.6,98.0,Healthy,Low,Optimal Conditions
Grapes,19.61,35.96,47.78,23.71,6.49,89.9,48.8,43.8,86.2,Healthy,Low,Humidity Deviation
Grapes,30.49,57.7,50.06,9.9,6.35,104.8,66.0,63.7,98.0,Healthy,Low,Optimal Conditions
Grapes,33.4,93.15,215.03,35.29,7.59,86.2,49.2,118.6,19.0,High Risk,High,Rainfall Deviation
Grapes,26.34,58.65,55.01,10.31,7.5,48.4,49.5,81.2,98.0,Healthy,Low,Optimal Conditions
Grapes,38.97,80.24,92.36,25.23,7.93,23.5,35.1,49.7,48.2,High Risk,High,Temperature Deviation
Grapes,27.52,55.28,50.75,11.17,7.05,80.6,79.8,56.9,98.0,Healthy,Low,Optimal Conditions
Grapes,23.42,47.71,60.01,10.43,7.19,58.9,80.7,46.5,98.0,Healthy,Low,Optimal Conditions
Grapes,22.03,63.69,68.19,11.05,5.67,108.0,65.6,54.5,98.0,Healthy,Low,Optimal Conditions
Grapes,19.77,82.44,100.66,17.99,7.96,47.8,27.8,90.1,68.3,At Risk,Moderate,Humidity Deviation
Grapes,24.79,50.85,56.75,13.7,6.43,75.5,25.7,95.6,98.0,Healthy,Low,Optimal Conditions
Grapes,24.11,50.04,67.38,11.95,6.82,136.1,82.4,79.0,98.0,Healthy,Low,Optimal Conditions
Grapes,27.35,46.79,78.41,10.85,7.59,133.1,43.4,63.4,98.0,Healthy,Low,Optimal Conditions
Grapes,35.16,72.76,79.02,12.8,6.82,20.7,66.8,63.4,75.7,Healthy,Low,Temperature Deviation
Grapes,28.46,73.76,21.54,22.35,6.5,116.8,14.4,35.7,66.9,At Risk,Moderate,Rainfall Deviation
Grapes,30.97,33.24,113.42,15.32,6.3,65.6,26.3,52.9,75.5,Healthy,Low,Humidity Deviation
Grapes,31.95,60.67,84.4,18.83,7.16,41.1,70.7,16.6,98.0,Healthy,Low,Optimal Conditions
Grapes,20.36,47.71,80.08,18.28,6.2,34.3,31.8,82.9,98.0,Healthy,Low,Optimal Conditions
Grapes,31.53,47.62,89.61,5.19,6.63,50.2,55.3,25.1,98.0,Healthy,Low,Optimal Conditions
Grapes,16.89,95.75,136.08,58.65,5.98,129.1,58.5,77.0,8.6,High Risk,High,Humidity Deviation
Grapes,28.98,54.57,78.85,17.14,6.81,51.6,21.3,31.9,98.0,Healthy,Low,Optimal Conditions
Grapes,36.1,91.02,9.96,59.73,6.41,98.4,60.9,97.6,5.0,High Risk,High,Humidity Deviation
Grapes,23.72,65.18,100.26,24.24,6.19,53.4,74.1,90.4,95.2,Healthy,Low,Optimal Conditions
Grapes,17.36,78.36,107.01,15.89,6.25,126.1,62.0,98.8,63.2,At Risk,Moderate,Humidity Deviation
Grapes,31.96,47.82,88.48,18.53,6.88,90.2,72.0,47.2,98.0,Healthy,Low,Optimal Conditions
Grapes,21.41,81.33,40.7,21.25,6.92,119.4,69.4,104.9,69.0,At Risk,Moderate,Humidity Deviation
Grapes,29.51,40.75,42.92,17.12,6.7,125.7,87.9,15.3,89.9,Healthy,Low,Humidity Deviation
Grapes,34.57,41.51,110.36,22.68,5.86,116.4,34.6,96.0,76.5,Healthy,Low,Temperature Deviation
Grapes,20.53,61.79,56.0,12.82,7.55,135.0,38.2,44.8,98.0,Healthy,Low,Optimal Conditions
Grapes,31.45,77.47,67.33,11.82,5.97,53.2,89.6,58.8,81.3,Healthy,Low,Humidity Deviation
Grapes,27.31,47.15,39.4,28.17,7.98,97.6,52.3,53.3,92.6,Healthy,Low,Rainfall Deviation
Grapes,27.88,46.25,88.25,14.71,7.9,52.7,85.7,79.3,98.0,Healthy,Low,Optimal Conditions
Grapes,39.91,91.68,9.05,42.82,6.89,126.0,11.3,22.0,5.0,High Risk,High,Humidity Deviation
Grapes,20.36,58.16,75.36,8.16,5.87,37.5,86.3,87.8,98.0,Healthy,Low,Optimal Conditions
Grapes,26.01,85.07,41.1,14.66,6.67,91.2,79.3,102.5,63.7,At Risk,Moderate,Humidity Deviation
Grapes,27.77,50.96,75.32,18.69,7.06,56.5,61.5,109.8,98.0,Healthy,Low,Optimal Conditions
Grapes,25.79,51.42,59.66,10.94,6.48,45.3,42.3,81.5,98.0,Healthy,Low,Optimal Conditions
Grapes,31.87,50.92,74.95,9.25,6.48,85.9,58.9,95.9,98.0,Healthy,Low,Optimal Conditions
Grapes,24.22,66.47,83.96,10.67,6.34,51.9,73.1,54.2,97.8,Healthy,Low,Optimal Conditions
Grapes,36.78,65.77,108.75,29.05,5.52,126.3,27.2,110.8,71.4,At Risk,Moderate,Temperature Deviation
Grapes,25.46,63.68,54.39,16.18,6.48,22.9,85.1,27.4,98.0,Healthy,Low,Optimal Conditions
Grapes,35.14,44.29,28.66,20.38,5.54,29.5,58.6,35.4,71.7,At Risk,Moderate,Rainfall Deviation
Grapes,27.04,80.77,45.83,14.53,5.61,105.1,77.7,88.6,73.4,At Risk,Moderate,Humidity Deviation
Grapes,25.58,67.43,92.89,14.77,7.81,81.8,48.5,119.6,95.1,Healthy,Low,Optimal Conditions
Grapes,30.25,62.25,59.31,6.42,7.94,71.1,10.2,67.4,98.0,Healthy,Low,Optimal Conditions
Grapes,33.42,69.74,57.9,22.25,7.88,39.5,62.5,64.8,87.2,Healthy,Low,Humidity Deviation
Grapes,29.53,61.21,78.58,6.25,6.36,25.6,37.5,83.0,98.0,Healthy,Low,Optimal Conditions
Grapes,21.96,69.95,101.15,14.55,7.57,93.9,61.7,67.3,87.6,Healthy,Low,Humidity Deviation
Grapes,20.19,12.19,171.61,53.97,6.87,107.8,37.8,92.0,8.7,High Risk,High,Rainfall Deviation
Grapes,21.83,57.75,67.96,17.43,6.35,112.1,21.1,112.7,98.0,Healthy,Low,Optimal Conditions
Grapes,22.77,60.78,87.92,18.77,6.09,100.6,53.7,91.1,98.0,Healthy,Low,Optimal Conditions
Grapes,18.12,37.28,115.04,28.74,6.76,83.1,26.3,90.7,73.0,At Risk,Moderate,Rainfall Deviation
Grapes,28.91,53.18,54.34,7.6,7.53,51.0,31.1,112.6,98.0,Healthy,Low,Optimal Conditions
Grapes,32.65,41.15,91.21,22.15,7.17,118.3,46.7,113.0,92.2,Healthy,Low,Optimal Conditions
Grapes,20.81,42.05,92.82,14.64,5.69,139.6,31.6,29.8,95.2,Healthy,Low,Optimal Conditions
Grapes,30.05,57.29,56.63,22.03,7.45,38.9,52.5,35.6,98.0,Healthy,Low,Optimal Conditions
Grapes,20.19,38.94,50.49,23.01,6.62,51.3,82.8,53.8,92.7,Healthy,Low,Humidity Deviation
Grapes,19.94,71.46,111.46,26.97,7.44,92.0,50.6,72.8,80.6,Healthy,Low,Humidity Deviation
Grapes,25.9,71.2,99.29,15.46,7.48,79.6,10.6,77.1,86.6,Healthy,Low,Humidity Deviation
Grapes,24.56,71.18,78.35,16.91,7.76,137.8,26.8,60.2,90.7,Healthy,Low,Humidity Deviation
Grapes,15.63,24.32,6.39,31.78,6.15,123.1,74.9,97.9,29.3,High Risk,High,Rainfall Deviation
Grapes,31.05,41.36,51.1,24.43,6.6,37.8,51.5,113.0,95.6,Healthy,Low,Optimal Conditions
Grapes,21.63,69.13,79.06,21.04,7.59,54.1,22.6,43.6,93.8,Healthy,Low,Humidity Deviation
Grapes,31.12,62.45,62.34,8.7,7.76,20.2,58.0,111.2,98.0,Healthy,Low,Optimal Conditions
Grapes,37.6,42.64,18.82,23.03,7.89,101.4,17.4,93.5,53.0,At Risk,Moderate,Temperature Deviation
Grapes,31.06,50.73,68.93,16.2,6.14,41.8,10.2,66.2,98.0,Healthy,Low,Optimal Conditions
Grapes,15.72,91.25,3.82,50.13,6.68,128.5,40.4,70.2,5.0,High Risk,High,Humidity Deviation
Grapes,23.73,62.33,63.34,8.8,6.86,29.4,52.5,46.9,98.0,Healthy,Low,Optimal Conditions
Grapes,29.5,58.24,67.84,13.66,7.42,109.5,24.8,46.6,98.0,Healthy,Low,Optimal Conditions
Grapes,22.25,45.24,56.96,17.12,6.86,61.0,58.7,92.7,98.0,Healthy,Low,Optimal Conditions
Grapes,25.59,46.28,73.88,10.35,6.58,70.7,60.6,75.1,98.0,Healthy,Low,Optimal Conditions
Grapes,20.2,57.42,85.18,16.54,7.95,36.7,27.8,71.6,98.0,Healthy,Low,Optimal Conditions
Grapes,20.41,53.05,61.51,8.96,7.88,48.6,20.4,28.2,98.0,Healthy,Low,Optimal Conditions
Grapes,19.72,94.93,9.82,44.12,6.88,130.6,12.1,57.8,22.2,High Risk,High,Humidity Deviation
Grapes,26.85,45.19,78.44,12.27,7.25,73.7,47.9,109.0,98.0,Healthy,Low,Optimal Conditions
Grapes,22.61,56.19,76.41,10.32,6.8,47.3,20.9,40.0,98.0,Healthy,Low,Optimal Conditions
Grapes,8.32,17.53,8.11,46.95,7.56,60.9,55.5,96.6,5.0,High Risk,High,Temperature Deviation
Grapes,23.88,68.47,35.36,10.59,6.05,72.2,16.4,90.2,84.5,Healthy,Low,Rainfall Deviation
Grapes,16.72,35.58,64.21,12.79,7.24,83.9,86.4,18.9,77.2,Healthy,Low,Temperature Deviation
Grapes,20.83,62.58,73.76,13.02,5.83,78.7,41.9,48.2,98.0,Healthy,Low,Optimal Conditions
Grapes,13.44,83.53,114.48,18.53,7.89,68.5,64.5,82.6,38.4,High Risk,High,Humidity Deviation
Grapes,28.92,49.17,65.54,16.73,7.86,87.2,51.6,68.0,98.0,Healthy,Low,Optimal Conditions
Grapes,39.73,22.79,8.56,27.77,7.83,52.6,36.8,39.5,13.4,High Risk,High,Temperature Deviation
Grapes,28.31,56.81,82.39,5.62,7.82,59.7,83.0,26.2,98.0,Healthy,Low,Optimal Conditions
Grapes,15.6,64.6,84.93,11.47,6.23,55.3,38.4,53.5,84.6,Healthy,Low,Temperature Deviation
Grapes,21.1,45.11,79.44,10.06,7.03,56.8,88.7,48.1,98.0,Healthy,Low,Optimal Conditions
Grapes,25.27,34.73,100.7,27.47,7.93,38.0,82.5,50.8,82.9,Healthy,Low,Humidity Deviation
Grapes,25.62,57.54,89.79,14.0,7.82,50.6,41.9,68.0,98.0,Healthy,Low,Optimal Conditions
Grapes,31.72,59.51,69.16,16.27,6.67,22.1,53.5,80.6,98.0,Healthy,Low,Optimal Conditions
Grapes,9.86,16.57,202.43,34.12,7.17,28.8,40.6,69.0,5.0,High Risk,High,Rainfall Deviation
Grapes,18.4,90.77,167.2,37.67,6.58,33.9,22.2,74.7,21.1,High Risk,High,Humidity Deviation
Grapes,22.42,49.69,67.76,5.68,6.75,131.4,12.0,81.3,98.0,Healthy,Low,Optimal Conditions
Grapes,12.0,95.59,2.29,43.04,6.69,54.6,66.7,70.0,5.0,High Risk,High,Humidity Deviation
Grapes,20.01,45.41,53.04,10.56,6.26,38.8,51.2,116.9,98.0,Healthy,Low,Optimal Conditions
Grapes,23.01,54.24,75.63,14.0,6.8,108.5,77.7,119.9,98.0,Healthy,Low,Optimal Conditions
Grapes,25.56,43.62,55.62,29.55,7.78,21.8,88.2,53.5,98.0,Healthy,Low,Optimal Conditions
Grapes,17.71,90.68,8.11,32.52,7.3,90.9,29.1,101.5,27.7,High Risk,High,Humidity Deviation
Grapes,30.38,66.26,37.75,15.29,5.59,107.2,28.7,78.7,89.5,Healthy,Low,Rainfall Deviation
Grapes,34.45,94.51,211.8,45.78,6.33,47.0,85.6,48.1,5.0,High Risk,High,Rainfall Deviation
Grapes,30.76,47.85,73.38,16.76,6.18,121.3,71.6,66.0,98.0,Healthy,Low,Optimal Conditions
Grapes,31.64,57.48,70.68,18.28,6.55,87.6,78.7,56.3,98.0,Healthy,Low,Optimal Conditions
Grapes,30.48,60.19,107.8,30.06,6.78,51.0,18.2,31.4,92.1,Healthy,Low,Rainfall Deviation
Grapes,18.11,84.03,103.62,19.49,7.9,136.2,13.1,89.2,58.8,At Risk,Moderate,Humidity Deviation
Grapes,28.1,57.74,63.2,19.8,6.39,95.8,75.1,30.3,98.0,Healthy,Low,Optimal Conditions
Grapes,22.39,60.64,82.05,8.84,5.51,70.8,65.0,80.4,98.0,Healthy,Low,Optimal Conditions
Grapes,23.62,54.49,50.6,6.11,5.91,95.0,27.5,59.5,98.0,Healthy,Low,Optimal Conditions
Grapes,27.37,22.52,35.04,10.25,7.89,56.0,46.8,56.4,62.6,At Risk,Moderate,Humidity Deviation
Grapes,20.19,39.36,31.65,12.3,6.23,68.3,65.2,113.6,80.4,Healthy,Low,Rainfall Deviation
Grapes,38.26,20.29,203.71,30.33,7.97,109.5,43.2,113.3,5.3,High Risk,High,Rainfall Deviation
Grapes,21.05,58.65,57.12,18.76,7.6,56.8,81.1,19.5,98.0,Healthy,Low,Optimal Conditions
Grapes,27.47,61.95,52.47,10.51,7.23,22.7,24.8,78.7,98.0,Healthy,Low,Optimal Conditions
Grapes,31.89,60.69,78.23,9.02,5.62,137.5,21.8,102.2,98.0,Healthy,Low,Optimal Conditions
Grapes,24.49,58.87,87.81,5.3,6.15,111.8,23.9,26.7,98.0,Healthy,Low,Optimal Conditions
Grapes,26.03,60.35,88.47,9.01,5.8,68.3,14.4,49.8,98.0,Healthy,Low,Optimal Conditions
Grapes,36.81,75.1,52.32,27.87,7.15,137.3,75.6,96.6,65.6,At Risk,Moderate,Temperature Deviation
Grapes,39.59,89.32,153.83,49.36,6.01,67.2,34.2,55.9,5.0,High Risk,High,Humidity Deviation
Grapes,24.14,60.82,62.0,17.22,6.92,113.7,83.5,29.5,98.0,Healthy,Low,Optimal Conditions
Grapes,20.67,53.14,59.5,13.58,7.46,78.4,36.7,31.0,98.0,Healthy,Low,Optimal Conditions
Grapes,28.13,45.61,86.83,13.91,6.38,25.0,43.1,106.1,98.0,Healthy,Low,Optimal Conditions
Grapes,36.95,93.93,153.79,42.87,6.34,62.2,61.6,108.0,5.1,High Risk,High,Humidity Deviation
Grapes,36.48,37.89,114.25,29.32,5.77,26.8,79.9,79.4,62.8,At Risk,Moderate,Temperature Deviation
Grapes,26.74,49.43,87.88,17.41,7.91,42.4,77.5,73.8,98.0,Healthy,Low,Optimal Conditions
Grapes,25.76,63.89,77.66,10.4,8.0,61.5,75.1,97.4,98.0,Healthy,Low,Optimal Conditions
Grapes,16.81,44.51,73.89,11.12,7.17,90.8,56.0,26.6,88.3,Healthy,Low,Temperature Deviation
Grapes,29.75,48.5,85.31,6.82,5.92,77.3,85.6,49.6,98.0,Healthy,Low,Optimal Conditions
Grapes,18.35,72.65,54.94,26.63,7.45,98.4,48.3,82.8,82.8,Healthy,Low,Humidity Deviation
Grapes,22.49,63.55,86.89,15.86,6.32,97.9,65.0,69.1,98.0,Healthy,Low,Optimal Conditions
Grapes,13.78,86.6,106.8,24.42,7.96,78.0,41.6,41.0,38.4,High Risk,High,Humidity Deviation
Grapes,32.95,93.7,167.78,36.06,6.99,99.3,32.5,56.6,25.0,High Risk,High,Humidity Deviation
Grapes,23.11,60.01,109.38,20.61,6.64,114.5,25.4,31.0,91.4,Healthy,Low,Rainfall Deviation
Grapes,18.46,77.81,36.86,25.68,5.98,71.1,24.7,33.6,66.2,At Risk,Moderate,Humidity Deviation
Grapes,27.13,59.79,52.27,9.13,7.15,67.1,66.4,94.7,98.0,Healthy,Low,Optimal Conditions
Grapes,24.57,59.58,65.14,5.09,6.34,124.7,86.2,73.9,98.0,Healthy,Low,Optimal Conditions
Grapes,25.59,49.72,56.73,12.4,7.34,46.7,82.8,32.7,98.0,Healthy,Low,Optimal Conditions
Grapes,27.02,53.11,55.6,27.94,6.69,41.7,31.7,59.0,98.0,Healthy,Low,Optimal Conditions
Grapes,24.18,47.64,86.53,5.45,6.6,137.6,62.8,52.3,98.0,Healthy,Low,Optimal Conditions
Grapes,31.57,45.28,77.26,18.2,5.56,107.0,89.9,82.2,98.0,Healthy,Low,Optimal Conditions
Grapes,30.49,56.08,79.98,13.82,5.6,45.6,16.3,26.2,98.0,Healthy,Low,Optimal Conditions
Grapes,25.05,48.57,84.23,16.25,6.93,78.7,30.5,64.9,98.0,Healthy,Low,Optimal Conditions
Grapes,29.18,77.32,37.0,12.02,6.31,125.6,67.0,97.5,72.4,At Risk,Moderate,Humidity Deviation
Grapes,18.62,31.81,40.66,28.57,7.06,55.2,67.1,51.2,72.8,At Risk,Moderate,Humidity Deviation
Grapes,34.03,70.62,36.63,17.08,7.58,24.2,29.2,59.6,74.1,At Risk,Moderate,Rainfall Deviation
Grapes,17.58,71.15,97.96,31.66,7.53,43.1,56.2,22.0,78.8,Healthy,Low,Humidity Deviation
Grapes,22.07,51.71,77.15,12.49,7.83,45.5,39.1,49.6,98.0,Healthy,Low,Optimal Conditions
Grapes,31.92,52.74,87.62,10.86,6.01,34.3,78.4,18.4,98.0,Healthy,Low,Optimal Conditions
Grapes,13.21,10.43,173.22,53.96,7.64,85.3,85.0,18.2,5.0,High Risk,High,Rainfall Deviation
Grapes,20.98,46.16,66.98,19.1,7.19,99.1,40.8,71.0,98.0,Healthy,Low,Optimal Conditions
Grapes,26.21,59.93,72.35,11.28,7.61,54.5,48.5,117.7,98.0,Healthy,Low,Optimal Conditions
Grapes,15.16,16.69,200.96,38.35,6.82,31.7,55.7,16.6,8.0,High Risk,High,Rainfall Deviation
Grapes,41.48,19.28,9.32,26.96,6.79,69.0,52.2,105.3,5.0,High Risk,High,Temperature Deviation
Grapes,29.16,58.34,58.15,16.01,6.74,77.7,48.6,114.7,98.0,Healthy,Low,Optimal Conditions
Grapes,14.04,98.62,7.55,53.85,6.86,137.5,43.9,35.5,5.0,High Risk,High,Humidity Deviation
Grapes,28.84,58.18,81.13,6.1,6.95,131.9,18.6,24.9,98.0,Healthy,Low,Optimal Conditions
Grapes,27.52,37.99,99.83,20.31,6.64,126.4,53.1,89.5,87.2,Healthy,Low,Humidity Deviation
Grapes,26.74,59.53,61.86,15.33,6.92,72.1,67.0,48.3,98.0,Healthy,Low,Optimal Conditions
Grapes,32.51,27.93,45.15,10.75,6.01,24.2,25.2,21.5,74.1,At Risk,Moderate,Humidity Deviation
Grapes,27.82,85.11,91.68,18.61,5.55,40.5,27.4,68.6,69.1,At Risk,Moderate,Humidity Deviation
Grapes,24.34,60.01,82.31,16.93,7.24,85.0,54.1,115.1,98.0,Healthy,Low,Optimal Conditions
Grapes,41.84,91.01,180.25,47.48,6.22,37.1,64.0,62.3,5.0,High Risk,High,Rainfall Deviation
Grapes,21.65,56.61,79.02,9.26,7.34,42.0,37.1,93.2,98.0,Healthy,Low,Optimal Conditions
Grapes,30.87,23.93,101.7,13.11,6.78,28.7,29.5,76.2,69.5,At Risk,Moderate,Humidity Deviation
Grapes,28.46,65.75,78.6,21.12,7.67,136.2,61.0,51.8,98.0,Healthy,Low,Optimal Conditions
Grapes,37.68,32.5,41.0,14.76,6.94,41.5,21.3,83.7,56.0,At Risk,Moderate,Temperature Deviation
Grapes,9.97,14.71,143.74,26.15,6.29,107.2,27.7,35.8,11.0,High Risk,High,Temperature Deviation
Grapes,32.76,95.65,8.8,26.56,6.19,41.6,66.9,90.1,33.1,High Risk,High,Humidity Deviation
Grapes,25.49,74.88,108.01,11.88,7.54,127.0,40.2,45.9,77.2,Healthy,Low,Humidity Deviation
Grapes,34.77,44.71,118.68,20.02,5.71,132.6,16.4,31.7,75.8,Healthy,Low,Rainfall Deviation
Grapes,36.33,11.59,196.07,39.91,6.8,20.6,12.7,23.8,5.3,High Risk,High,Rainfall Deviation
Grapes,20.46,28.61,72.87,22.12,5.71,117.2,17.1,60.0,80.3,Healthy,Low,Humidity Deviation
Grapes,26.67,45.79,58.15,7.99,7.0,51.6,21.5,16.9,98.0,Healthy,Low,Optimal Conditions
Grapes,44.79,92.57,4.57,30.71,7.46,134.7,71.4,116.1,5.0,High Risk,High,Temperature Deviation
Grapes,19.18,48.89,102.72,31.02,7.8,77.1,46.9,28.2,91.5,Healthy,Low,Rainfall Deviation
Grapes,11.31,12.76,9.41,30.89,6.6,30.2,79.2,19.9,11.2,High Risk,High,Temperature Deviation
Grapes,21.2,60.5,62.51,6.7,6.83,130.0,82.7,41.2,98.0,Healthy,Low,Optimal Conditions
Grapes,32.5,47.53,59.98,20.21,6.61,112.0,80.2,92.5,98.0,Healthy,Low,Optimal Conditions
Grapes,25.58,49.24,62.69,12.03,6.05,81.9,61.5,106.9,98.0,Healthy,Low,Optimal Conditions
Grapes,23.73,53.12,58.98,9.98,7.71,36.6,45.5,47.7,98.0,Healthy,Low,Optimal Conditions
Grapes,21.15,60.7,84.09,16.12,6.85,112.7,22.2,96.9,98.0,Healthy,Low,Optimal Conditions
Grapes,29.0,49.55,83.3,13.52,5.52,82.3,34.8,21.0,98.0,Healthy,Low,Optimal Conditions
Grapes,23.74,49.09,63.96,7.69,6.25,33.8,16.7,110.6,98.0,Healthy,Low,Optimal Conditions
Grapes,43.56,94.23,9.0,38.49,7.92,33.4,18.4,19.5,5.0,High Risk,High,Temperature Deviation
Grapes,24.78,46.89,71.97,13.75,7.38,137.1,59.5,26.7,98.0,Healthy,Low,Optimal Conditions
Grapes,29.33,58.01,56.48,8.8,7.38,87.9,56.8,37.1,98.0,Healthy,Low,Optimal Conditions
Grapes,20.87,77.11,98.64,21.25,7.26,71.7,80.1,55.1,78.0,Healthy,Low,Humidity Deviation
Grapes,26.69,55.18,70.72,16.94,6.97,126.2,59.5,17.3,98.0,Healthy,Low,Optimal Conditions
Grapes,36.1,15.76,4.11,34.26,5.86,32.5,34.0,119.9,21.5,High Risk,High,Rainfall Deviation
Grapes,22.56,50.43,74.77,16.18,7.38,21.0,62.1,81.2,98.0,Healthy,Low,Optimal Conditions
Grapes,30.43,64.65,87.3,15.8,6.09,137.6,41.9,48.3,98.0,Healthy,Low,Optimal Conditions
Grapes,21.39,48.92,70.36,16.98,7.69,123.9,85.6,28.2,98.0,Healthy,Low,Optimal Conditions
Grapes,21.27,57.01,72.24,15.07,6.43,67.0,53.6,23.3,98.0,Healthy,Low,Optimal Conditions
Grapes,21.83,31.49,33.06,26.05,5.84,26.3,72.0,110.0,71.9,At Risk,Moderate,Humidity Deviation
Grapes,31.18,82.22,73.16,13.97,5.62,69.3,19.7,117.8,74.2,At Risk,Moderate,Humidity Deviation
Grapes,29.91,48.53,55.55,14.74,7.77,33.7,57.1,23.9,98.0,Healthy,Low,Optimal Conditions
Grapes,43.53,14.61,1.8,46.32,6.1,40.6,14.0,19.8,5.0,High Risk,High,Temperature Deviation
Grapes,21.21,56.12,64.32,11.67,6.99,99.1,61.9,42.4,98.0,Healthy,Low,Optimal Conditions
Grapes,36.85,16.58,0.51,28.56,6.78,87.7,87.0,18.5,16.0,High Risk,High,Rainfall Deviation
Grapes,38.59,12.0,6.27,47.24,7.28,125.7,53.3,56.3,5.0,High Risk,High,Rainfall Deviation
Grapes,30.16,59.48,86.22,19.46,6.25,83.6,60.5,32.2,98.0,Healthy,Low,Optimal Conditions
Grapes,30.41,55.71,72.83,13.32,7.39,37.5,59.1,64.3,98.0,Healthy,Low,Optimal Conditions
Grapes,16.52,14.32,5.84,57.88,6.38,111.1,35.2,99.4,5.0,High Risk,High,Rainfall Deviation
Grapes,24.58,73.45,72.72,20.63,7.99,61.9,86.9,25.6,87.3,Healthy,Low,Humidity Deviation
Grapes,28.69,55.02,80.6,17.95,6.13,101.9,58.6,105.5,98.0,Healthy,Low,Optimal Conditions
Grapes,20.62,56.48,88.36,5.22,6.1,57.9,71.3,48.9,98.0,Healthy,Low,Optimal Conditions
Grapes,27.78,45.93,56.82,11.12,6.39,61.7,18.7,52.9,98.0,Healthy,Low,Optimal Conditions
Grapes,33.3,51.55,102.77,11.11,6.49,120.8,20.6,92.3,89.1,Healthy,Low,Rainfall Deviation
Grapes,33.83,86.47,80.84,21.8,6.11,74.3,63.4,107.1,60.5,At Risk,Moderate,Humidity Deviation
Grapes,30.72,52.8,83.75,12.69,7.66,99.5,50.7,47.8,98.0,Healthy,Low,Optimal Conditions
Grapes,47.05,96.57,217.43,34.16,5.58,70.2,44.0,21.8,5.0,High Risk,High,Temperature Deviation
Grapes,31.01,50.01,72.77,12.32,7.66,98.4,22.7,30.0,98.0,Healthy,Low,Optimal Conditions
Grapes,31.54,38.08,47.14,14.42,6.13,99.3,19.4,34.7,89.7,Healthy,Low,Humidity Deviation
Grapes,21.0,29.26,112.58,31.45,6.34,49.7,16.2,104.9,71.1,At Risk,Moderate,Humidity Deviation
Grapes,20.6,62.31,70.4,17.57,6.89,57.6,20.4,60.9,98.0,Healthy,Low,Optimal Conditions
Grapes,27.23,53.55,55.66,12.95,7.5,137.0,52.2,28.6,98.0,Healthy,Low,Optimal Conditions
Grapes,12.02,89.62,136.43,49.72,7.77,95.8,35.2,97.2,5.0,High Risk,High,Humidity Deviation
Grapes,25.49,47.5,76.14,26.82,7.1,56.8,84.9,37.2,98.0,Healthy,Low,Optimal Conditions
Grapes,42.26,14.69,5.29,29.09,6.04,112.3,31.7,15.2,5.0,High Risk,High,Temperature Deviation
Grapes,36.83,17.31,212.43,32.85,7.99,44.9,63.2,115.0,10.7,High Risk,High,Rainfall Deviation
Grapes,36.07,10.05,143.14,26.83,7.82,20.2,85.1,62.7,30.1,High Risk,High,Humidity Deviation
Grapes,28.09,62.92,67.52,15.37,7.95,48.9,75.6,46.0,98.0,Healthy,Low,Optimal Conditions
Grapes,23.38,53.92,50.2,9.55,6.61,95.9,61.0,76.3,98.0,Healthy,Low,Optimal Conditions
Grapes,31.37,52.84,58.68,13.32,7.37,21.5,32.1,101.6,98.0,Healthy,Low,Optimal Conditions
Grapes,32.63,71.08,89.89,14.11,7.54,69.5,55.7,18.5,88.4,Healthy,Low,Humidity Deviation
Grapes,30.04,62.67,68.45,27.46,6.78,63.8,45.9,109.7,98.0,Healthy,Low,Optimal Conditions
Grapes,29.68,45.36,86.82,12.5,6.07,20.3,54.8,40.7,98.0,Healthy,Low,Optimal Conditions
Grapes,18.79,35.58,45.36,13.47,7.68,103.1,44.5,107.2,81.2,Healthy,Low,Humidity Deviation
Grapes,38.5,18.52,176.93,55.96,7.4,121.3,37.7,51.1,5.0,High Risk,High,Rainfall Deviation
Grapes,42.71,97.19,192.55,41.3,6.82,59.6,14.4,83.5,5.0,High Risk,High,Temperature Deviation
Grapes,24.25,51.99,56.04,15.0,5.94,113.4,29.9,45.2,98.0,Healthy,Low,Optimal Conditions
Grapes,21.83,53.69,53.21,11.41,6.35,60.6,62.9,95.7,98.0,Healthy,Low,Optimal Conditions
Grapes,23.14,54.89,81.51,14.67,5.6,77.6,89.3,52.1,98.0,Healthy,Low,Optimal Conditions
Grapes,23.45,54.95,56.44,8.71,7.28,36.6,84.1,47.3,98.0,Healthy,Low,Optimal Conditions
Grapes,32.38,73.16,38.39,12.85,7.07,81.2,64.2,39.9,78.1,Healthy,Low,Humidity Deviation
Grapes,23.51,60.95,56.85,14.13,5.63,85.9,15.1,33.5,98.0,Healthy,Low,Optimal Conditions
Grapes,24.16,51.87,83.06,8.39,5.72,92.4,65.0,46.0,98.0,Healthy,Low,Optimal Conditions
Grapes,25.32,33.27,114.04,22.81,6.9,21.6,67.8,38.8,75.2,Healthy,Low,Humidity Deviation
Grapes,15.48,88.78,158.94,35.68,7.1,89.5,79.5,98.1,17.5,High Risk,High,Humidity Deviation
Grapes,9.2,93.3,5.0,41.07,7.74,64.1,42.7,41.8,5.0,High Risk,High,Temperature Deviation
Grapes,31.84,56.46,83.24,8.95,7.89,21.6,84.4,109.3,98.0,Healthy,Low,Optimal Conditions
Grapes,27.26,60.7,66.15,6.38,7.57,76.0,31.1,22.4,98.0,Healthy,Low,Optimal Conditions
Grapes,14.61,69.29,98.77,27.42,5.83,60.2,80.8,69.4,70.8,At Risk,Moderate,Temperature Deviation
Grapes,30.87,46.87,68.92,14.79,7.02,51.7,55.1,89.4,98.0,Healthy,Low,Optimal Conditions
Grapes,34.44,81.49,83.81,20.58,6.42,44.6,45.1,61.6,65.5,At Risk,Moderate,Humidity Deviation
Grapes,39.46,16.52,2.74,42.46,7.47,57.5,50.4,42.2,5.0,High Risk,High,Rainfall Deviation
Grapes,34.24,10.83,5.26,41.51,7.39,77.7,16.7,23.4,20.0,High Risk,High,Rainfall Deviation
Grapes,14.95,94.53,148.5,48.02,7.37,33.1,85.6,72.9,5.0,High Risk,High,Humidity Deviation
Grapes,35.43,45.42,92.66,19.23,7.64,101.6,50.0,102.6,85.1,Healthy,Low,Temperature Deviation
Grapes,40.51,94.98,9.44,52.95,7.88,36.5,88.3,17.6,5.0,High Risk,High,Humidity Deviation
Grapes,30.12,75.96,82.48,31.26,5.97,62.8,48.5,108.5,83.6,Healthy,Low,Humidity Deviation
Grapes,27.93,35.9,34.85,30.84,5.51,127.0,69.0,33.1,78.5,Healthy,Low,Humidity Deviation
Grapes,34.99,71.23,93.82,11.92,5.91,60.7,34.4,19.0,77.0,Healthy,Low,Temperature Deviation
Grapes,21.27,49.42,81.5,12.42,6.43,42.3,79.3,109.9,98.0,Healthy,Low,Optimal Conditions
Grapes,21.54,37.31,89.48,20.14,5.85,41.7,77.9,32.1,90.8,Healthy,Low,Humidity Deviation
Grapes,27.59,32.37,88.14,15.76,7.89,89.0,87.3,97.5,84.8,Healthy,Low,Humidity Deviation
Grapes,27.98,65.27,31.51,17.93,6.14,65.9,56.4,91.9,86.7,Healthy,Low,Rainfall Deviation
Grapes,16.27,70.97,84.41,31.72,7.43,106.4,27.3,110.0,78.0,Healthy,Low,Temperature Deviation
Grapes,31.56,85.7,117.84,18.96,7.3,44.7,65.8,16.5,56.6,At Risk,Moderate,Humidity Deviation
Grapes,25.1,45.24,68.48,12.84,7.05,32.0,24.5,79.4,98.0,Healthy,Low,Optimal Conditions
Grapes,34.47,64.3,85.11,11.61,6.34,68.8,49.6,41.7,90.1,Healthy,Low,Temperature Deviation
Grapes,12.84,88.82,221.47,45.94,7.6,53.8,56.2,96.6,5.0,High Risk,High,Rainfall Deviation
Grapes,31.62,75.78,49.22,18.86,6.07,28.6,28.7,107.9,83.3,Healthy,Low,Humidity Deviation
Grapes,21.66,45.45,61.91,8.24,5.76,134.1,31.4,15.6,98.0,Healthy,Low,Optimal Conditions
Grapes,17.5,16.22,186.13,28.96,6.3,21.5,27.6,97.7,21.3,High Risk,High,Rainfall Deviation
Grapes,21.33,63.98,74.9,5.9,5.66,93.5,53.2,22.2,98.0,Healthy,Low,Optimal Conditions
Grapes,31.15,56.44,67.61,8.75,5.83,68.3,83.8,20.1,98.0,Healthy,Low,Optimal Conditions
Grapes,14.63,13.38,6.67,45.84,7.49,130.8,87.1,51.9,5.0,High Risk,High,Rainfall Deviation
Grapes,21.23,23.33,5.47,31.12,7.79,129.7,47.7,98.8,42.8,High Risk,High,Rainfall Deviation
Grapes,26.77,51.4,56.38,16.2,5.5,89.5,79.2,38.2,98.0,Healthy,Low,Optimal Conditions
Grapes,27.05,49.94,83.9,10.5,6.95,47.1,13.3,33.2,98.0,Healthy,Low,Optimal Conditions
Grapes,25.62,56.73,51.79,6.36,6.71,115.9,60.2,26.0,98.0,Healthy,Low,Optimal Conditions
Grapes,12.12,93.84,5.09,32.91,6.9,129.1,55.4,68.6,6.0,High Risk,High,Humidity Deviation
Grapes,31.69,41.08,32.77,12.34,7.81,23.0,18.4,61.8,83.2,Healthy,Low,Rainfall Deviation
Grapes,24.87,47.35,55.24,17.01,7.4,32.5,63.4,79.0,98.0,Healthy,Low,Optimal Conditions
Grapes,23.87,64.95,26.09,28.41,5.87,77.1,68.1,71.0,83.3,Healthy,Low,Rainfall Deviation
Grapes,37.7,92.37,6.61,34.41,6.66,66.4,24.0,68.4,11.8,High Risk,High,Humidity Deviation
Grapes,35.59,81.26,41.91,30.0,6.74,45.9,51.7,18.6,55.6,At Risk,Moderate,Humidity Deviation
Grapes,28.18,74.87,110.77,29.07,7.85,78.1,42.8,84.9,76.0,Healthy,Low,Humidity Deviation
Strawberry,16.42,69.4,56.24,5.74,5.04,131.8,30.2,62.0,98.0,Healthy,Low,Optimal Conditions
Strawberry,10.18,13.94,152.1,36.21,5.02,64.1,89.8,81.7,16.2,High Risk,High,Rainfall Deviation
Strawberry,26.74,38.88,101.22,23.91,6.92,54.1,85.1,78.7,70.0,At Risk,Moderate,Humidity Deviation
Strawberry,13.42,48.86,49.56,19.26,6.41,123.3,34.6,110.0,83.6,Healthy,Low,Temperature Deviation
Strawberry,11.94,85.65,43.28,16.43,5.9,51.7,37.2,110.3,68.5,At Risk,Moderate,Humidity Deviation
Strawberry,23.86,67.52,58.5,17.27,6.19,21.0,15.5,94.0,98.0,Healthy,Low,Optimal Conditions
Strawberry,20.06,57.92,51.29,16.97,6.66,87.2,33.6,112.9,98.0,Healthy,Low,Optimal Conditions
Strawberry,21.53,84.83,94.4,16.42,5.23,36.2,27.7,86.7,80.8,Healthy,Low,Humidity Deviation
Strawberry,22.04,60.13,59.61,18.35,6.0,92.0,25.1,28.8,98.0,Healthy,Low,Optimal Conditions
Strawberry,24.55,59.82,69.87,18.08,6.87,139.3,71.0,22.9,98.0,Healthy,Low,Optimal Conditions
Strawberry,10.75,14.79,189.05,28.7,6.14,90.6,82.3,80.8,11.6,High Risk,High,Rainfall Deviation
Strawberry,36.06,23.7,153.81,55.39,5.72,37.1,49.5,118.4,5.0,High Risk,High,Temperature Deviation
Strawberry,20.52,60.43,81.91,13.26,6.16,21.0,62.2,47.2,98.0,Healthy,Low,Optimal Conditions
Strawberry,14.77,45.64,92.16,17.92,6.71,87.4,63.0,83.1,81.1,Healthy,Low,Humidity Deviation
Strawberry,16.76,71.15,56.59,17.73,6.22,62.4,57.5,82.8,98.0,Healthy,Low,Optimal Conditions
Strawberry,23.12,88.37,92.81,29.74,5.67,92.8,39.9,36.3,76.3,Healthy,Low,Humidity Deviation
Strawberry,22.36,69.33,59.82,7.29,5.28,117.5,62.3,91.4,98.0,Healthy,Low,Optimal Conditions
Strawberry,32.69,87.14,81.28,22.42,6.98,121.9,32.5,115.1,55.0,At Risk,Moderate,Temperature Deviation
Strawberry,10.03,91.07,3.05,36.51,5.88,92.3,50.0,22.3,20.1,High Risk,High,Rainfall Deviation
Strawberry,22.79,48.6,64.52,30.6,5.16,29.4,76.9,82.3,92.3,Healthy,Low,Humidity Deviation
Strawberry,17.66,72.68,84.54,5.75,6.11,51.4,76.6,51.3,98.0,Healthy,Low,Optimal Conditions
Strawberry,18.17,54.86,45.97,27.26,6.42,128.0,38.5,75.1,98.0,Healthy,Low,Optimal Conditions
Strawberry,13.17,40.28,47.3,21.72,5.04,81.9,41.5,96.2,72.4,At Risk,Moderate,Humidity Deviation
Strawberry,16.22,97.29,205.36,28.13,5.82,92.8,79.4,90.0,26.6,High Risk,High,Rainfall Deviation
Strawberry,25.85,67.86,65.05,16.72,6.21,105.2,59.4,33.8,98.0,Healthy,Low,Optimal Conditions
Strawberry,14.13,57.69,41.31,17.9,6.13,28.7,85.5,45.8,90.6,Healthy,Low,Temperature Deviation
Strawberry,17.7,56.91,52.14,11.25,6.48,52.7,44.9,112.5,98.0,Healthy,Low,Optimal Conditions
Strawberry,23.95,58.16,52.13,11.84,5.47,128.4,14.1,77.7,98.0,Healthy,Low,Optimal Conditions
Strawberry,29.24,50.69,83.87,19.06,5.47,28.8,24.4,53.2,81.9,Healthy,Low,Temperature Deviation
Strawberry,21.73,67.28,67.8,6.27,6.33,66.1,80.3,70.2,98.0,Healthy,Low,Optimal Conditions
Strawberry,16.09,69.05,61.02,9.32,5.89,28.7,41.4,48.0,98.0,Healthy,Low,Optimal Conditions
Strawberry,6.89,93.25,7.34,47.84,5.32,71.7,87.1,107.8,5.0,High Risk,High,Temperature Deviation
Strawberry,19.5,57.48,46.41,9.46,6.88,135.0,75.0,51.8,98.0,Healthy,Low,Optimal Conditions
Strawberry,21.96,67.93,61.98,15.37,6.49,114.0,50.2,98.1,98.0,Healthy,Low,Optimal Conditions
Strawberry,22.8,59.71,55.82,6.37,5.38,139.0,43.2,112.4,98.0,Healthy,Low,Optimal Conditions
Strawberry,18.04,66.16,58.98,14.66,5.84,117.4,44.5,75.1,98.0,Healthy,Low,Optimal Conditions
Strawberry,23.04,68.09,60.88,9.14,6.23,133.2,20.6,98.9,98.0,Healthy,Low,Optimal Conditions
Strawberry,15.34,87.75,40.48,24.44,5.32,85.7,57.1,89.3,75.1,Healthy,Low,Humidity Deviation
Strawberry,19.44,47.49,98.43,24.65,6.92,52.6,31.6,89.0,84.7,Healthy,Low,Humidity Deviation
Strawberry,10.25,18.95,185.03,43.19,5.9,136.8,85.4,79.2,5.0,High Risk,High,Rainfall Deviation
Strawberry,23.55,65.26,84.82,15.29,5.14,68.2,68.4,103.4,98.0,Healthy,Low,Optimal Conditions
Strawberry,31.09,12.6,191.98,46.57,5.67,81.6,82.7,51.8,5.0,High Risk,High,Rainfall Deviation
Strawberry,24.2,61.38,48.12,7.71,6.9,132.0,28.0,73.1,98.0,Healthy,Low,Optimal Conditions
Strawberry,22.75,58.71,46.99,17.37,5.65,33.0,76.7,95.1,98.0,Healthy,Low,Optimal Conditions
Strawberry,19.19,50.45,34.39,15.07,5.2,97.1,21.4,103.0,86.3,Healthy,Low,Rainfall Deviation
Strawberry,7.25,94.37,145.4,47.72,5.73,26.7,33.8,28.7,5.0,High Risk,High,Temperature Deviation
Strawberry,6.48,24.61,167.21,43.12,6.97,33.4,88.9,32.4,5.0,High Risk,High,Rainfall Deviation
Strawberry,15.6,69.78,61.25,27.5,5.82,138.2,64.3,93.1,98.0,Healthy,Low,Optimal Conditions
Strawberry,24.37,73.9,54.45,15.3,6.49,56.6,48.0,25.2,98.0,Healthy,Low,Optimal Conditions
Strawberry,16.62,66.2,70.01,18.74,6.08,51.3,14.8,107.9,98.0,Healthy,Low,Optimal Conditions
Strawberry,22.99,40.72,37.99,15.03,6.47,55.7,70.5,55.7,77.4,Healthy,Low,Humidity Deviation
Strawberry,10.54,42.16,27.83,12.58,6.01,84.4,64.1,94.7,52.1,At Risk,Moderate,Temperature Deviation
Strawberry,10.82,89.64,51.19,26.95,5.43,89.8,76.0,58.2,59.9,At Risk,Moderate,Humidity Deviation
Strawberry,17.04,74.23,59.58,27.17,5.29,92.2,65.4,74.7,98.0,Healthy,Low,Optimal Conditions
Strawberry,26.89,80.86,34.14,14.86,6.78,138.4,30.1,90.8,79.2,Healthy,Low,Humidity Deviation
Strawberry,25.65,84.86,38.48,30.21,5.08,98.7,61.2,55.2,80.1,Healthy,Low,Humidity Deviation
Strawberry,19.66,45.51,86.57,13.63,6.91,75.7,24.7,90.4,87.9,Healthy,Low,Humidity Deviation
Strawberry,14.12,95.87,44.37,12.62,5.61,108.0,80.4,20.0,61.6,At Risk,Moderate,Humidity Deviation
Strawberry,22.43,65.96,51.21,13.22,6.95,95.7,45.9,101.9,98.0,Healthy,Low,Optimal Conditions
Strawberry,20.14,65.56,65.18,18.81,5.59,26.8,83.3,37.8,98.0,Healthy,Low,Optimal Conditions
Strawberry,21.31,74.52,66.41,11.72,6.17,136.5,75.4,32.7,98.0,Healthy,Low,Optimal Conditions
Strawberry,34.57,92.19,7.38,46.08,6.68,81.9,79.6,58.4,5.0,High Risk,High,Temperature Deviation
Strawberry,25.27,69.43,65.43,19.17,6.77,33.0,60.0,71.5,98.0,Healthy,Low,Optimal Conditions
Strawberry,14.84,73.99,27.24,19.55,6.81,139.5,38.9,31.2,82.1,Healthy,Low,Rainfall Deviation
Strawberry,19.27,67.89,64.85,16.53,6.4,50.2,72.7,104.0,98.0,Healthy,Low,Optimal Conditions
Strawberry,13.38,90.6,15.37,18.07,5.08,80.5,42.1,90.7,44.4,High Risk,High,Humidity Deviation
Strawberry,35.37,19.86,1.89,38.42,6.62,20.3,57.6,79.4,5.0,High Risk,High,Temperature Deviation
Strawberry,18.88,79.08,76.73,18.3,6.89,28.6,72.1,55.5,93.9,Healthy,Low,Humidity Deviation
Strawberry,33.53,90.3,195.95,45.42,5.35,65.3,31.5,81.2,5.0,High Risk,High,Rainfall Deviation
Strawberry,35.46,15.0,0.95,40.21,6.13,131.7,34.7,34.0,5.0,High Risk,High,Temperature Deviation
Strawberry,31.29,87.32,62.46,12.61,6.83,27.3,18.0,112.7,60.3,At Risk,Moderate,Temperature Deviation
Strawberry,24.7,70.79,46.61,5.33,6.07,139.7,80.3,47.6,98.0,Healthy,Low,Optimal Conditions
Strawberry,19.88,69.68,58.65,7.22,6.49,75.0,16.1,98.0,98.0,Healthy,Low,Optimal Conditions
Strawberry,24.54,92.08,29.39,31.05,6.83,53.6,62.7,104.8,62.2,At Risk,Moderate,Humidity Deviation
Strawberry,18.54,60.12,77.82,11.95,6.43,98.0,34.5,36.8,98.0,Healthy,Low,Optimal Conditions
Strawberry,16.24,56.63,55.25,15.7,5.31,82.8,29.6,68.7,98.0,Healthy,Low,Optimal Conditions
Strawberry,9.42,75.09,32.29,16.14,6.47,113.7,52.3,27.7,66.9,At Risk,Moderate,Temperature Deviation
Strawberry,6.64,15.84,134.91,50.11,5.15,54.7,86.9,31.3,5.0,High Risk,High,Temperature Deviation
Strawberry,25.32,61.75,58.15,14.72,5.26,136.7,32.0,97.5,98.0,Healthy,Low,Optimal Conditions
Strawberry,18.75,56.15,49.77,12.83,6.15,117.9,14.8,52.4,98.0,Healthy,Low,Optimal Conditions
Strawberry,19.58,62.09,59.17,9.64,6.53,102.8,37.3,30.4,98.0,Healthy,Low,Optimal Conditions
Strawberry,23.91,85.76,56.65,26.4,5.94,133.6,26.2,110.9,83.9,Healthy,Low,Humidity Deviation
Strawberry,30.13,85.56,46.41,25.47,6.68,56.5,11.2,72.9,67.6,At Risk,Moderate,Temperature Deviation
Strawberry,14.85,56.85,104.81,25.91,5.62,126.6,85.8,112.9,86.6,Healthy,Low,Rainfall Deviation
Strawberry,22.04,67.86,56.8,19.89,5.58,46.0,48.7,48.9,98.0,Healthy,Low,Optimal Conditions
Strawberry,28.84,97.71,7.68,35.34,5.39,57.4,75.3,21.1,25.0,High Risk,High,Humidity Deviation
Strawberry,19.01,90.79,18.42,29.52,6.77,85.0,19.8,85.5,55.6,At Risk,Moderate,Humidity Deviation
Strawberry,21.08,56.87,68.56,9.77,6.66,116.0,89.9,42.0,98.0,Healthy,Low,Optimal Conditions
Strawberry,20.43,56.67,52.14,13.96,6.18,25.2,45.4,70.7,98.0,Healthy,Low,Optimal Conditions
Strawberry,24.72,58.22,55.16,7.35,5.23,125.5,32.2,90.9,98.0,Healthy,Low,Optimal Conditions
Strawberry,22.36,73.56,78.78,6.03,6.69,74.2,38.0,85.6,98.0,Healthy,Low,Optimal Conditions
Strawberry,12.02,17.77,5.46,28.96,6.94,124.8,48.7,115.9,25.3,High Risk,High,Rainfall Deviation
Strawberry,17.11,67.03,60.28,10.1,6.47,38.0,72.3,52.7,98.0,Healthy,Low,Optimal Conditions
Strawberry,30.04,10.73,130.63,50.21,6.19,105.8,28.4,99.4,9.6,High Risk,High,Humidity Deviation
Strawberry,14.0,37.88,90.42,16.32,5.03,131.8,35.1,95.3,69.9,At Risk,Moderate,Humidity Deviation
Strawberry,12.58,69.97,48.75,17.92,6.44,22.4,42.5,102.3,88.0,Healthy,Low,Temperature Deviation
Strawberry,16.53,64.93,84.06,5.96,5.14,91.4,30.0,58.1,98.0,Healthy,Low,Optimal Conditions
Strawberry,5.67,92.53,177.2,34.22,5.59,103.2,16.4,110.3,5.0,High Risk,High,Rainfall Deviation
Strawberry,23.32,60.83,57.93,7.11,6.29,115.4,86.0,49.8,98.0,Healthy,Low,Optimal Conditions
Strawberry,13.07,53.26,40.62,31.48,6.93,119.3,28.6,61.4,84.3,Healthy,Low,Temperature Deviation
Strawberry,19.87,55.9,66.38,6.09,6.6,103.0,38.2,82.9,98.0,Healthy,Low,Optimal Conditions
Strawberry,18.65,61.28,76.88,8.16,6.13,44.1,32.8,39.7,98.0,Healthy,Low,Optimal Conditions
Strawberry,17.73,58.47,89.67,29.02,5.19,116.0,29.2,71.7,97.8,Healthy,Low,Optimal Conditions
Strawberry,33.51,19.16,6.16,31.68,5.52,85.2,48.5,55.6,9.7,High Risk,High,Rainfall Deviation
Strawberry,14.15,43.3,45.08,18.38,5.65,27.5,45.7,50.3,79.5,Healthy,Low,Humidity Deviation
Strawberry,33.32,92.32,193.85,28.42,6.44,130.6,23.0,64.4,5.0,High Risk,High,Rainfall Deviation
Strawberry,30.5,43.99,88.33,18.77,5.96,92.5,88.9,22.1,67.2,At Risk,Moderate,Temperature Deviation
Strawberry,24.29,55.41,63.02,16.61,5.39,42.4,34.8,30.8,98.0,Healthy,Low,Optimal Conditions
Strawberry,15.46,97.79,100.96,14.66,5.33,64.7,37.8,57.7,56.4,At Risk,Moderate,Humidity Deviation
Strawberry,25.78,57.91,71.11,5.2,5.81,57.1,40.6,67.3,98.0,Healthy,Low,Optimal Conditions
Strawberry,32.02,93.05,96.58,24.54,5.63,85.0,62.1,68.9,43.4,High Risk,High,Humidity Deviation
Strawberry,11.78,85.95,50.62,17.36,5.15,118.3,21.3,53.9,68.8,At Risk,Moderate,Humidity Deviation
Strawberry,20.33,54.83,68.39,20.22,5.56,29.2,63.6,117.6,98.0,Healthy,Low,Optimal Conditions
Strawberry,18.97,56.8,53.93,9.27,5.69,96.1,19.2,21.1,98.0,Healthy,Low,Optimal Conditions
Strawberry,7.64,95.18,8.59,35.89,5.71,116.5,58.1,117.3,10.8,High Risk,High,Humidity Deviation
Strawberry,29.07,22.27,2.3,44.31,6.03,133.5,42.6,104.1,10.5,High Risk,High,Rainfall Deviation
Strawberry,28.13,45.98,23.69,17.66,5.26,63.6,58.7,17.4,64.1,At Risk,Moderate,Rainfall Deviation
Strawberry,6.66,95.19,0.04,32.18,5.41,92.1,23.1,56.7,5.0,High Risk,High,Rainfall Deviation
Strawberry,22.63,67.31,60.24,6.93,5.42,76.7,87.8,43.4,98.0,Healthy,Low,Optimal Conditions
Strawberry,18.21,69.16,81.59,6.13,6.5,79.4,76.0,59.3,98.0,Healthy,Low,Optimal Conditions
Strawberry,22.83,71.16,81.08,13.54,5.24,64.4,72.7,66.9,98.0,Healthy,Low,Optimal Conditions
Strawberry,11.56,48.41,100.71,21.74,5.49,25.4,59.8,59.1,69.1,At Risk,Moderate,Temperature Deviation
Strawberry,5.59,92.75,5.86,29.92,5.67,70.5,74.8,52.7,6.5,High Risk,High,Temperature Deviation
Strawberry,13.8,80.44,29.88,28.55,6.41,92.7,85.8,39.2,72.4,At Risk,Moderate,Rainfall Deviation
Strawberry,10.09,56.92,48.94,21.42,5.53,67.7,53.6,75.9,79.3,Healthy,Low,Temperature Deviation
Strawberry,24.06,46.79,39.25,26.55,5.38,64.0,81.1,113.3,85.7,Healthy,Low,Humidity Deviation
Strawberry,10.63,10.9,205.84,29.13,5.49,61.5,88.5,97.1,11.2,High Risk,High,Rainfall Deviation
Strawberry,7.43,94.97,1.58,26.23,6.73,57.6,39.4,62.3,6.3,High Risk,High,Rainfall Deviation
Strawberry,7.34,92.77,171.69,34.69,5.58,74.3,76.2,59.4,5.0,High Risk,High,Rainfall Deviation
Strawberry,10.97,15.35,137.88,57.61,5.39,109.5,62.2,111.7,5.0,High Risk,High,Humidity Deviation
Strawberry,35.97,21.4,7.94,51.96,5.27,58.9,29.0,21.4,5.0,High Risk,High,Temperature Deviation
Strawberry,25.12,55.54,45.67,15.56,5.73,47.6,50.7,43.0,98.0,Healthy,Low,Optimal Conditions
Strawberry,23.15,57.34,83.39,5.64,6.61,107.0,32.6,27.4,98.0,Healthy,Low,Optimal Conditions
Strawberry,37.35,24.38,205.01,31.65,6.49,108.5,29.6,102.5,5.0,High Risk,High,Temperature Deviation
Strawberry,16.68,57.98,51.06,24.64,6.25,64.6,60.4,25.8,98.0,Healthy,Low,Optimal Conditions
Strawberry,17.88,65.75,55.48,12.59,6.55,72.1,27.5,38.4,98.0,Healthy,Low,Optimal Conditions
Strawberry,30.61,95.48,131.47,38.06,6.87,134.7,56.5,22.5,24.4,High Risk,High,Humidity Deviation
Strawberry,21.83,36.05,66.84,19.09,5.75,123.8,15.3,73.4,77.3,Healthy,Low,Humidity Deviation
Strawberry,13.99,90.49,2.35,40.72,6.58,59.8,87.5,20.2,28.0,High Risk,High,Rainfall Deviation
Strawberry,23.01,72.75,76.82,12.35,5.54,21.6,50.8,64.9,98.0,Healthy,Low,Optimal Conditions
Strawberry,21.78,69.58,73.04,8.95,6.17,37.9,19.7,97.5,98.0,Healthy,Low,Optimal Conditions
Strawberry,21.04,84.4,91.05,17.66,5.44,120.9,73.4,55.4,83.1,Healthy,Low,Humidity Deviation
Strawberry,25.52,61.32,75.84,11.95,6.56,77.8,84.0,99.0,98.0,Healthy,Low,Optimal Conditions
Strawberry,20.3,57.01,81.14,6.04,5.04,79.6,58.3,38.4,98.0,Healthy,Low,Optimal Conditions
Strawberry,15.68,46.21,42.33,28.61,5.65,24.8,43.9,116.8,86.3,Healthy,Low,Humidity Deviation
Strawberry,13.03,46.46,39.8,28.81,5.25,115.2,62.4,51.6,75.3,Healthy,Low,Temperature Deviation
Strawberry,26.36,14.68,200.29,54.67,6.41,35.0,61.6,30.9,5.0,High Risk,High,Rainfall Deviation
Strawberry,31.07,47.31,42.81,12.35,5.87,82.7,47.6,96.5,68.8,At Risk,Moderate,Temperature Deviation
Strawberry,23.95,69.83,81.03,10.6,5.35,111.0,57.1,89.8,98.0,Healthy,Low,Optimal Conditions
Strawberry,32.17,20.68,148.57,59.49,5.52,52.0,20.1,66.0,5.0,High Risk,High,Humidity Deviation
Strawberry,18.7,64.65,83.3,19.46,6.49,66.7,79.2,106.9,98.0,Healthy,Low,Optimal Conditions
Strawberry,6.69,15.79,168.89,52.53,6.71,91.1,37.9,119.1,5.0,High Risk,High,Rainfall Deviation
Strawberry,24.73,73.23,77.7,6.71,6.71,99.7,64.5,97.6,98.0,Healthy,Low,Optimal Conditions
Strawberry,27.4,44.54,86.24,18.37,6.36,48.4,68.6,63.1,81.3,Healthy,Low,Humidity Deviation
Strawberry,29.45,88.34,7.94,39.44,5.71,113.0,50.8,113.6,30.7,High Risk,High,Rainfall Deviation
Strawberry,19.24,74.98,84.13,18.28,5.81,120.5,32.7,41.7,98.0,Healthy,Low,Optimal Conditions
Strawberry,19.56,47.45,75.36,17.76,6.46,61.5,35.1,27.2,90.9,Healthy,Low,Humidity Deviation
Strawberry,17.15,72.51,45.45,15.39,6.54,88.1,68.5,83.5,98.0,Healthy,Low,Optimal Conditions
Strawberry,27.33,39.18,107.13,17.33,5.75,27.1,22.6,47.7,65.3,At Risk,Moderate,Humidity Deviation
Strawberry,22.2,62.01,83.18,10.14,6.88,107.6,82.0,88.8,98.0,Healthy,Low,Optimal Conditions
Strawberry,14.77,76.06,80.37,19.9,5.71,37.2,86.7,113.0,94.1,Healthy,Low,Optimal Conditions
Strawberry,24.27,64.77,75.95,7.27,5.26,126.9,81.8,63.9,98.0,Healthy,Low,Optimal Conditions
Strawberry,10.08,10.32,9.85,43.85,5.75,45.4,15.0,35.0,8.7,High Risk,High,Humidity Deviation
Strawberry,21.2,59.09,83.97,6.15,5.19,101.9,70.4,117.1,98.0,Healthy,Low,Optimal Conditions
Strawberry,26.6,96.29,43.36,24.37,5.72,28.5,36.6,101.2,64.4,At Risk,Moderate,Humidity Deviation
Strawberry,9.43,17.97,193.53,56.34,6.9,26.6,59.8,58.6,5.0,High Risk,High,Rainfall Deviation
Strawberry,19.99,72.8,85.81,16.58,5.19,35.2,24.5,36.4,98.0,Healthy,Low,Optimal Conditions
Strawberry,18.55,64.11,65.38,9.63,6.81,86.4,73.0,112.0,98.0,Healthy,Low,Optimal Conditions
Strawberry,20.28,63.66,59.18,5.13,6.63,33.4,89.6,96.2,98.0,Healthy,Low,Optimal Conditions
Strawberry,26.09,57.81,51.69,29.56,5.65,52.4,13.8,56.9,98.0,Healthy,Low,Optimal Conditions
Strawberry,23.86,57.86,77.76,6.61,5.96,66.2,58.1,69.5,98.0,Healthy,Low,Optimal Conditions
Strawberry,18.09,43.08,16.37,19.64,6.07,114.9,19.7,61.3,63.4,At Risk,Moderate,Rainfall Deviation
Strawberry,19.12,70.58,45.22,16.24,6.62,128.2,60.2,50.0,98.0,Healthy,Low,Optimal Conditions
Strawberry,25.7,72.62,63.54,19.15,6.65,128.1,64.6,105.1,98.0,Healthy,Low,Optimal Conditions
Strawberry,37.75,12.21,203.41,50.4,5.44,66.6,69.6,89.0,5.0,High Risk,High,Temperature Deviation
Strawberry,19.51,55.29,66.21,9.21,5.02,71.0,84.1,112.0,98.0,Healthy,Low,Optimal Conditions
Strawberry,20.49,59.85,47.73,15.41,6.6,125.6,84.8,111.2,98.0,Healthy,Low,Optimal Conditions
Strawberry,25.78,62.59,80.44,11.61,5.84,21.3,14.2,85.5,98.0,Healthy,Low,Optimal Conditions
Strawberry,39.11,92.57,147.52,29.47,5.94,136.2,87.7,38.9,5.0,High Risk,High,Temperature Deviation
Strawberry,25.08,69.7,83.89,18.4,5.43,111.2,13.9,100.9,98.0,Healthy,Low,Optimal Conditions
Strawberry,18.07,52.28,94.45,29.54,6.82,102.0,19.0,25.0,92.3,Healthy,Low,Optimal Conditions
Strawberry,18.93,57.66,69.45,15.25,6.4,41.0,34.5,35.9,98.0,Healthy,Low,Optimal Conditions
Strawberry,18.77,86.36,33.55,30.13,5.19,78.1,65.8,104.3,74.1,At Risk,Moderate,Humidity Deviation
Strawberry,20.38,60.03,55.23,9.56,6.17,22.0,42.7,34.6,98.0,Healthy,Low,Optimal Conditions
Strawberry,35.69,96.88,1.78,33.14,5.4,138.7,87.6,59.2,5.0,High Risk,High,Temperature Deviation
Strawberry,14.33,44.38,36.19,28.69,6.98,69.8,74.8,80.9,74.6,At Risk,Moderate,Humidity Deviation
Strawberry,7.74,24.31,180.61,39.98,5.55,127.4,79.4,103.0,5.0,High Risk,High,Rainfall Deviation
Strawberry,32.44,10.71,6.16,59.86,6.11,48.7,82.9,111.9,5.0,High Risk,High,Rainfall Deviation
Strawberry,6.48,96.65,4.34,28.93,6.88,84.1,65.6,56.2,5.0,High Risk,High,Temperature Deviation
Strawberry,18.72,55.87,48.5,8.07,6.12,139.1,77.5,24.0,98.0,Healthy,Low,Optimal Conditions
Strawberry,32.37,97.26,138.3,27.45,6.15,31.0,64.4,86.2,16.0,High Risk,High,Humidity Deviation
Strawberry,14.17,67.81,46.89,18.63,6.09,95.5,85.8,43.5,93.6,Healthy,Low,Temperature Deviation
Strawberry,13.56,82.83,42.35,27.12,5.51,35.7,27.5,86.3,77.7,Healthy,Low,Humidity Deviation
Strawberry,19.95,82.05,113.18,24.24,5.18,30.8,74.6,39.9,76.2,Healthy,Low,Rainfall Deviation
Strawberry,20.72,61.29,68.53,14.0,6.36,89.2,40.5,17.5,98.0,Healthy,Low,Optimal Conditions
Strawberry,10.65,15.79,2.61,52.62,5.91,79.6,44.8,45.8,5.0,High Risk,High,Rainfall Deviation
Strawberry,17.85,93.4,104.73,21.99,5.21,119.5,20.5,48.2,63.1,At Risk,Moderate,Humidity Deviation
Strawberry,24.07,56.67,62.8,11.55,6.16,62.5,56.2,118.5,98.0,Healthy,Low,Optimal Conditions
Strawberry,24.75,61.17,63.63,16.12,6.82,21.1,63.0,22.3,98.0,Healthy,Low,Optimal Conditions
Strawberry,12.66,52.57,89.94,19.3,5.71,116.9,50.5,54.7,83.1,Healthy,Low,Temperature Deviation
Strawberry,31.12,21.52,140.01,47.2,5.55,91.7,65.4,27.4,5.3,High Risk,High,Humidity Deviation
Strawberry,18.08,79.51,47.08,25.21,6.54,139.4,71.6,51.9,93.2,Healthy,Low,Humidity Deviation
Strawberry,30.75,52.11,56.44,15.59,6.82,91.0,69.0,61.2,77.5,Healthy,Low,Temperature Deviation
Strawberry,26.94,10.49,4.13,45.92,5.29,68.5,70.4,16.8,18.1,High Risk,High,Rainfall Deviation
Strawberry,25.96,69.67,63.57,14.45,6.69,121.1,36.0,66.6,98.0,Healthy,Low,Optimal Conditions
Strawberry,16.28,88.7,63.96,19.98,6.3,40.7,12.1,110.5,79.4,Healthy,Low,Humidity Deviation
Strawberry,20.66,56.82,60.26,11.36,6.81,123.9,25.1,73.4,98.0,Healthy,Low,Optimal Conditions
Strawberry,17.87,85.14,51.95,30.35,6.02,98.6,10.8,75.1,84.8,Healthy,Low,Humidity Deviation
Strawberry,27.55,73.9,94.77,17.92,6.28,107.0,12.5,27.4,89.2,Healthy,Low,Temperature Deviation
Strawberry,19.23,73.01,72.38,10.6,6.62,58.8,89.3,97.1,98.0,Healthy,Low,Optimal Conditions
Strawberry,9.12,88.52,1.74,40.64,5.84,110.8,84.2,66.6,13.5,High Risk,High,Rainfall Deviation
Strawberry,10.07,22.13,211.87,52.82,6.16,81.6,65.3,55.1,5.0,High Risk,High,Rainfall Deviation
Strawberry,33.62,88.49,201.02,43.87,5.91,59.0,76.7,68.0,5.0,High Risk,High,Rainfall Deviation
Strawberry,18.96,74.47,84.08,8.82,5.33,79.5,48.5,58.1,98.0,Healthy,Low,Optimal Conditions
Strawberry,20.81,81.74,33.61,31.09,5.06,31.0,29.5,37.0,81.0,Healthy,Low,Humidity Deviation
Strawberry,20.52,56.26,67.22,9.64,5.14,110.4,62.3,98.3,98.0,Healthy,Low,Optimal Conditions
Strawberry,9.97,18.63,188.56,28.12,6.49,48.6,77.8,93.0,8.9,High Risk,High,Rainfall Deviation
Strawberry,18.01,60.84,68.78,17.15,5.12,50.0,40.1,34.3,98.0,Healthy,Low,Optimal Conditions
Strawberry,19.19,46.53,50.42,14.69,5.95,29.4,12.3,108.8,89.8,Healthy,Low,Humidity Deviation
Strawberry,7.35,95.96,7.75,32.46,5.85,25.4,36.2,108.1,9.3,High Risk,High,Humidity Deviation
Strawberry,25.49,72.13,78.27,17.95,5.16,38.1,20.7,26.7,98.0,Healthy,Low,Optimal Conditions
Strawberry,24.3,60.04,54.77,15.14,5.19,63.2,33.6,104.0,98.0,Healthy,Low,Optimal Conditions
Strawberry,31.02,54.3,97.97,16.76,5.48,77.2,33.7,59.2,73.0,At Risk,Moderate,Temperature Deviation
Strawberry,33.41,90.39,3.61,37.86,6.05,39.4,68.9,73.8,10.8,High Risk,High,Rainfall Deviation
Strawberry,25.47,72.81,71.38,18.83,6.13,119.2,42.8,24.1,98.0,Healthy,Low,Optimal Conditions
Strawberry,28.26,89.65,212.2,29.43,5.09,55.5,85.3,114.7,29.0,High Risk,High,Rainfall Deviation
Strawberry,6.3,90.97,8.97,57.65,6.85,75.4,56.6,39.2,5.0,High Risk,High,Temperature Deviation
Strawberry,33.31,12.82,5.6,33.17,6.5,26.9,26.2,30.7,10.1,High Risk,High,Rainfall Deviation
Strawberry,21.39,58.8,70.32,12.53,6.34,137.8,27.6,84.9,98.0,Healthy,Low,Optimal Conditions
Strawberry,11.05,10.67,9.28,32.47,5.16,30.8,23.3,17.0,24.9,High Risk,High,Humidity Deviation
Strawberry,19.06,74.9,84.67,7.81,5.43,79.0,21.9,67.9,98.0,Healthy,Low,Optimal Conditions
Strawberry,19.25,71.45,78.12,19.82,5.45,126.6,53.0,77.1,98.0,Healthy,Low,Optimal Conditions
Strawberry,37.76,23.74,183.43,53.52,6.51,112.8,33.3,95.1,5.0,High Risk,High,Temperature Deviation
Strawberry,17.07,66.68,46.95,19.08,5.66,77.2,75.1,57.0,98.0,Healthy,Low,Optimal Conditions
Strawberry,19.48,62.03,63.72,19.19,6.87,85.4,46.5,99.9,98.0,Healthy,Low,Optimal Conditions
Strawberry,12.27,48.81,38.78,13.32,5.68,23.5,50.2,109.2,74.7,At Risk,Moderate,Temperature Deviation
Strawberry,28.13,82.91,73.11,10.94,6.48,71.4,32.1,47.3,79.6,Healthy,Low,Humidity Deviation
Strawberry,24.27,57.88,58.53,5.11,5.87,62.6,67.5,90.1,98.0,Healthy,Low,Optimal Conditions
Strawberry,17.16,73.09,76.67,10.84,5.33,51.3,62.6,114.3,98.0,Healthy,Low,Optimal Conditions
Strawberry,15.93,58.29,33.18,26.88,6.17,110.6,62.3,25.9,90.5,Healthy,Low,Rainfall Deviation
Strawberry,21.07,61.1,53.29,18.05,6.5,61.4,71.2,80.9,98.0,Healthy,Low,Optimal Conditions
Strawberry,19.8,60.81,53.72,8.77,6.88,78.4,77.8,37.5,98.0,Healthy,Low,Optimal Conditions
Strawberry,24.89,64.91,80.81,5.95,6.83,69.9,22.4,86.8,98.0,Healthy,Low,Optimal Conditions
Strawberry,28.28,43.2,53.26,31.01,6.75,138.6,48.1,48.2,76.7,Healthy,Low,Humidity Deviation
Strawberry,18.07,35.02,32.46,13.67,6.17,22.1,25.7,15.3,66.3,At Risk,Moderate,Humidity Deviation
Strawberry,20.75,62.87,59.77,17.46,6.35,132.4,45.6,43.6,98.0,Healthy,Low,Optimal Conditions
Strawberry,22.72,71.83,52.35,18.18,6.05,37.3,61.4,69.6,98.0,Healthy,Low,Optimal Conditions
Strawberry,19.99,70.7,67.22,9.23,6.86,48.5,30.2,52.2,98.0,Healthy,Low,Optimal Conditions
Strawberry,9.44,91.52,191.11,42.25,5.21,133.2,46.5,73.5,5.0,High Risk,High,Rainfall Deviation
Strawberry,19.33,69.07,49.96,13.56,6.39,20.2,77.0,20.9,98.0,Healthy,Low,Optimal Conditions
Strawberry,25.64,56.62,78.04,14.78,6.2,89.8,23.3,85.2,98.0,Healthy,Low,Optimal Conditions
Strawberry,33.75,98.19,6.89,43.79,6.71,129.4,41.9,100.2,5.0,High Risk,High,Humidity Deviation
Strawberry,16.06,72.1,49.78,5.26,5.71,65.5,16.2,100.5,98.0,Healthy,Low,Optimal Conditions
Strawberry,20.9,60.29,65.46,16.5,6.81,136.5,44.1,119.0,98.0,Healthy,Low,Optimal Conditions
Strawberry,16.07,70.35,52.14,5.79,6.85,115.0,18.2,96.6,98.0,Healthy,Low,Optimal Conditions
Strawberry,34.21,90.36,6.47,29.55,6.86,21.2,75.8,44.3,14.1,High Risk,High,Temperature Deviation
Strawberry,20.49,72.94,76.44,19.51,6.08,81.3,11.0,34.0,98.0,Healthy,Low,Optimal Conditions
Strawberry,8.74,92.26,38.26,26.58,5.48,111.4,76.3,60.2,43.4,High Risk,High,Humidity Deviation
Strawberry,29.12,50.72,69.38,24.15,6.65,77.7,30.9,45.9,82.4,Healthy,Low,Temperature Deviation
Strawberry,23.91,66.63,64.23,17.78,5.89,133.8,11.1,118.4,98.0,Healthy,Low,Optimal Conditions
Strawberry,30.79,15.23,9.04,36.09,6.02,86.9,56.4,54.3,21.2,High Risk,High,Humidity Deviation
Strawberry,16.55,57.13,81.05,9.21,5.15,94.8,16.0,22.4,98.0,Healthy,Low,Optimal Conditions
Strawberry,15.05,82.47,54.25,18.49,6.97,101.5,38.6,37.3,85.5,Healthy,Low,Humidity Deviation
Strawberry,39.48,89.79,6.13,34.31,5.36,127.9,16.9,42.3,5.0,High Risk,High,Temperature Deviation
Strawberry,21.95,61.55,64.85,7.98,6.15,68.9,77.9,58.7,98.0,Healthy,Low,Optimal Conditions
Strawberry,21.92,57.46,51.27,16.85,5.55,102.2,17.8,101.3,98.0,Healthy,Low,Optimal Conditions
Strawberry,36.63,88.31,6.53,26.23,5.24,132.9,65.6,58.0,7.6,High Risk,High,Temperature Deviation
Strawberry,31.91,94.8,135.92,40.13,6.85,80.2,54.1,70.1,15.0,High Risk,High,Humidity Deviation
Strawberry,18.31,56.48,73.73,9.34,5.78,130.4,55.3,25.2,98.0,Healthy,Low,Optimal Conditions
Strawberry,17.1,70.89,28.67,20.49,5.06,54.4,20.4,26.1,87.3,Healthy,Low,Rainfall Deviation
Strawberry,18.77,58.33,65.46,16.76,6.47,50.1,31.1,91.8,98.0,Healthy,Low,Optimal Conditions
Strawberry,13.97,49.99,41.1,11.78,6.55,50.4,66.3,64.9,83.9,Healthy,Low,Temperature Deviation
Strawberry,12.47,91.01,71.3,12.78,6.4,83.3,32.6,33.9,63.6,At Risk,Moderate,Humidity Deviation
Strawberry,12.57,60.2,89.33,18.77,6.66,80.6,62.3,77.7,86.0,Healthy,Low,Temperature Deviation
Strawberry,15.29,83.0,48.39,27.19,5.74,98.2,34.3,90.6,85.5,Healthy,Low,Humidity Deviation
Strawberry,12.01,90.03,32.03,30.78,5.77,102.9,73.1,103.5,53.4,At Risk,Moderate,Humidity Deviation
Strawberry,33.4,93.24,3.51,52.2,6.8,107.0,50.5,56.1,5.0,High Risk,High,Rainfall Deviation
Strawberry,24.74,94.2,39.27,29.06,6.56,134.4,15.1,18.0,66.7,At Risk,Moderate,Humidity Deviation
Strawberry,25.29,67.11,62.04,12.69,6.66,131.5,68.4,94.8,98.0,Healthy,Low,Optimal Conditions
Strawberry,20.67,72.7,76.44,15.26,5.13,24.7,20.4,76.0,98.0,Healthy,Low,Optimal Conditions
Strawberry,27.66,84.41,85.64,29.15,6.28,94.5,77.1,66.9,79.0,Healthy,Low,Humidity Deviation
Strawberry,8.8,17.45,196.01,43.16,6.82,136.1,56.5,25.9,5.0,High Risk,High,Rainfall Deviation
Strawberry,27.07,90.45,42.41,27.69,5.2,75.1,58.5,113.8,70.5,At Risk,Moderate,Humidity Deviation
Strawberry,13.95,73.12,47.73,31.54,6.52,45.2,73.3,48.8,92.8,Healthy,Low,Temperature Deviation
Strawberry,11.94,11.14,9.54,55.22,6.41,55.7,25.8,114.8,5.0,High Risk,High,Humidity Deviation
Strawberry,28.29,84.23,80.57,23.88,6.98,24.9,23.5,33.8,77.0,Healthy,Low,Humidity Deviation
Strawberry,16.41,64.55,82.16,5.17,5.73,111.3,22.4,23.1,98.0,Healthy,Low,Optimal Conditions
Strawberry,28.04,51.94,71.19,25.26,5.37,45.5,17.0,53.3,88.2,Healthy,Low,Temperature Deviation
Strawberry,12.91,16.7,8.73,53.68,5.61,91.6,40.6,16.1,6.0,High Risk,High,Humidity Deviation
Strawberry,16.54,66.88,56.17,7.16,6.88,34.6,63.9,108.9,98.0,Healthy,Low,Optimal Conditions
Strawberry,18.15,66.48,65.34,12.82,6.11,134.0,14.3,94.8,98.0,Healthy,Low,Optimal Conditions
Strawberry,19.74,56.79,62.83,17.06,5.2,53.1,39.8,25.9,98.0,Healthy,Low,Optimal Conditions
Strawberry,16.57,42.64,56.04,23.63,5.76,40.0,88.5,112.0,85.2,Healthy,Low,Humidity Deviation
Strawberry,32.73,22.5,149.49,47.89,5.93,91.1,13.2,63.4,5.0,High Risk,High,Rainfall Deviation
Strawberry,18.56,86.33,51.56,17.62,6.29,39.5,62.3,119.1,83.0,Healthy,Low,Humidity Deviation
Strawberry,20.61,55.59,62.36,11.09,6.13,50.8,36.3,79.0,98.0,Healthy,Low,Optimal Conditions
Strawberry,29.97,22.71,7.09,45.7,5.91,79.2,62.8,39.6,8.6,High Risk,High,Humidity Deviation
Strawberry,22.84,65.77,45.58,15.05,6.24,29.4,69.8,69.8,98.0,Healthy,Low,Optimal Conditions
Strawberry,21.59,66.91,81.8,16.13,5.6,34.2,78.3,103.8,98.0,Healthy,Low,Optimal Conditions
Strawberry,16.62,69.24,73.9,7.66,6.34,53.5,30.8,49.1,98.0,Healthy,Low,Optimal Conditions
Banana,34.61,94.36,74.21,27.61,7.18,25.3,31.3,107.8,82.0,Healthy,Low,Rainfall Deviation
Banana,26.79,75.45,137.54,8.66,5.01,40.7,80.6,22.9,98.0,Healthy,Low,Optimal Conditions
Banana,28.56,85.56,125.26,9.64,5.04,128.3,64.8,42.6,98.0,Healthy,Low,Optimal Conditions
Banana,16.67,95.25,451.57,40.12,6.66,37.9,11.4,56.7,18.8,High Risk,High,Rainfall Deviation
Banana,28.2,88.62,170.71,9.91,5.45,94.2,62.6,65.8,98.0,Healthy,Low,Optimal Conditions
Banana,24.29,75.31,145.72,16.82,7.13,69.6,73.7,119.3,98.0,Healthy,Low,Optimal Conditions
Banana,37.93,79.57,117.81,21.22,5.6,87.0,27.6,61.6,84.3,Healthy,Low,Temperature Deviation
Banana,31.73,88.85,120.28,19.87,7.35,33.5,83.0,74.3,98.0,Healthy,Low,Optimal Conditions
Banana,15.66,15.34,3.66,38.69,6.6,81.7,24.7,100.1,5.0,High Risk,High,Rainfall Deviation
Banana,23.71,98.0,210.15,15.81,7.29,52.2,51.8,40.7,85.0,Healthy,Low,Humidity Deviation
Banana,38.94,91.39,483.73,56.4,6.73,63.3,74.3,92.5,13.2,High Risk,High,Rainfall Deviation
Banana,32.24,52.81,224.96,14.56,6.97,122.0,25.5,100.0,74.4,At Risk,Moderate,Humidity Deviation
Banana,25.65,98.0,52.98,13.66,5.45,107.6,81.0,56.3,71.5,At Risk,Moderate,Rainfall Deviation
Banana,29.86,74.2,106.42,18.29,7.18,137.1,47.9,45.9,98.0,Healthy,Low,Optimal Conditions
Banana,38.41,60.32,139.36,27.0,7.18,111.3,11.9,55.5,70.8,At Risk,Moderate,Temperature Deviation
Banana,24.36,79.57,136.0,13.38,5.17,90.6,15.2,59.5,98.0,Healthy,Low,Optimal Conditions
Banana,26.24,76.24,100.05,9.86,5.2,130.6,15.9,115.1,98.0,Healthy,Low,Optimal Conditions
Banana,16.37,56.95,212.27,17.87,5.1,125.3,85.5,79.9,55.2,At Risk,Moderate,Temperature Deviation
Banana,15.71,90.6,0.07,26.36,5.48,132.0,22.0,78.1,35.1,High Risk,High,Rainfall Deviation
Banana,30.33,87.04,128.65,6.18,5.51,72.7,51.2,113.9,98.0,Healthy,Low,Optimal Conditions
Banana,31.58,71.45,107.79,14.81,7.27,54.5,31.5,79.9,98.0,Healthy,Low,Optimal Conditions
Banana,26.44,66.29,162.37,20.76,5.38,88.4,31.1,63.8,95.5,Healthy,Low,Optimal Conditions
Banana,32.0,83.39,222.43,10.65,6.28,106.6,19.7,86.2,95.5,Healthy,Low,Optimal Conditions
Banana,32.07,89.56,162.67,6.16,6.47,108.9,84.6,19.8,98.0,Healthy,Low,Optimal Conditions
Banana,32.77,60.14,79.42,14.87,6.66,74.3,30.2,19.0,81.0,Healthy,Low,Humidity Deviation
Banana,42.4,91.43,3.75,57.25,5.28,131.8,65.2,51.2,5.6,High Risk,High,Rainfall Deviation
Banana,32.02,89.39,198.24,11.35,5.18,57.7,34.8,25.8,98.0,Healthy,Low,Optimal Conditions
Banana,25.23,62.97,147.69,30.81,5.77,21.0,35.8,55.2,91.6,Healthy,Low,Humidity Deviation
Banana,21.15,97.51,181.54,29.67,5.82,73.3,16.8,93.8,78.8,Healthy,Low,Humidity Deviation
Banana,30.31,77.48,133.82,13.78,6.42,68.7,32.3,68.4,98.0,Healthy,Low,Optimal Conditions
Banana,25.03,85.98,170.23,6.27,5.41,32.0,73.3,96.2,98.0,Healthy,Low,Optimal Conditions
Banana,32.21,89.48,197.05,19.71,7.12,46.0,14.6,100.2,98.0,Healthy,Low,Optimal Conditions
Banana,27.38,71.46,171.47,11.46,5.51,98.3,88.4,67.3,98.0,Healthy,Low,Optimal Conditions
Banana,31.68,65.51,242.15,15.6,5.48,37.4,26.0,43.1,86.2,Healthy,Low,Rainfall Deviation
Banana,8.99,13.81,312.46,53.78,6.14,76.0,72.5,96.0,5.0,High Risk,High,Temperature Deviation
Banana,18.47,18.36,1.97,38.67,6.39,103.9,57.4,55.6,10.8,High Risk,High,Rainfall Deviation
Banana,25.29,98.0,204.52,30.23,6.55,63.9,67.0,115.8,87.1,Healthy,Low,Humidity Deviation
Banana,47.63,21.31,466.44,29.57,5.46,132.1,23.2,91.0,5.0,High Risk,High,Temperature Deviation
Banana,33.75,77.33,141.21,11.07,7.04,46.2,76.5,84.0,98.0,Healthy,Low,Optimal Conditions
Banana,24.65,85.5,121.9,18.34,5.32,94.0,65.4,84.1,98.0,Healthy,Low,Optimal Conditions
Banana,32.76,85.4,151.02,14.05,6.42,133.6,81.7,39.7,98.0,Healthy,Low,Optimal Conditions
Banana,33.81,74.73,195.35,14.75,5.13,60.3,48.1,102.5,98.0,Healthy,Low,Optimal Conditions
Banana,27.11,88.41,107.9,13.27,6.26,26.9,17.0,55.1,98.0,Healthy,Low,Optimal Conditions
Banana,28.78,82.18,169.14,13.2,5.95,35.6,29.8,59.0,98.0,Healthy,Low,Optimal Conditions
Banana,15.68,95.52,303.3,51.99,5.86,30.7,71.6,106.4,16.9,High Risk,High,Temperature Deviation
Banana,13.5,96.1,338.1,51.54,6.18,48.0,29.3,56.7,5.0,High Risk,High,Temperature Deviation
Banana,25.78,80.01,195.39,13.67,6.02,49.1,25.7,84.1,98.0,Healthy,Low,Optimal Conditions
Banana,35.79,13.17,7.3,37.78,6.32,75.2,53.8,47.8,26.2,High Risk,High,Rainfall Deviation
Banana,32.03,70.79,136.97,6.31,6.84,63.9,12.4,23.0,98.0,Healthy,Low,Optimal Conditions
Banana,31.87,85.98,199.66,8.61,5.15,54.0,24.3,89.6,98.0,Healthy,Low,Optimal Conditions
Banana,16.67,92.55,9.74,47.55,6.41,43.7,29.5,51.1,20.1,High Risk,High,Rainfall Deviation
Banana,20.45,97.38,89.21,11.94,5.18,130.0,10.0,88.4,72.7,At Risk,Moderate,Temperature Deviation
Banana,27.84,61.72,196.65,12.45,6.7,46.0,48.1,20.3,90.1,Healthy,Low,Humidity Deviation
Banana,44.62,96.11,386.4,37.21,7.28,30.0,61.8,59.4,7.8,High Risk,High,Temperature Deviation
Banana,46.97,20.3,348.29,50.42,5.91,138.4,15.4,23.4,5.0,High Risk,High,Temperature Deviation
Banana,35.74,92.58,6.51,35.85,6.84,136.9,84.6,102.3,55.2,At Risk,Moderate,Rainfall Deviation
Banana,30.08,86.71,139.93,15.97,5.35,41.2,61.5,60.9,98.0,Healthy,Low,Optimal Conditions
Banana,26.83,82.38,172.54,8.11,7.39,21.0,66.0,45.6,98.0,Healthy,Low,Optimal Conditions
Banana,24.87,93.82,79.72,13.19,5.55,86.1,64.7,48.0,87.2,Healthy,Low,Rainfall Deviation
Banana,32.09,91.52,133.6,19.21,5.09,61.0,51.3,113.3,97.7,Healthy,Low,Optimal Conditions
Banana,16.89,17.84,395.21,35.86,6.41,76.0,65.2,111.0,5.0,High Risk,High,Rainfall Deviation
Banana,32.21,88.99,137.36,6.7,7.05,104.1,27.0,61.7,98.0,Healthy,Low,Optimal Conditions
Banana,21.07,58.04,131.38,16.76,7.02,97.8,34.8,52.8,75.4,Healthy,Low,Humidity Deviation
Banana,12.24,92.42,0.72,52.52,5.22,125.5,57.7,64.4,5.0,High Risk,High,Temperature Deviation
Banana,23.73,89.78,2.8,52.22,7.31,96.3,43.7,59.3,40.0,High Risk,High,Rainfall Deviation
Banana,24.42,69.13,93.7,22.98,6.54,32.6,63.4,65.2,96.8,Healthy,Low,Optimal Conditions
Banana,39.13,62.23,117.82,21.96,6.45,118.1,50.8,91.5,70.1,At Risk,Moderate,Temperature Deviation
Banana,33.32,71.73,199.36,14.49,6.17,57.3,42.4,97.2,98.0,Healthy,Low,Optimal Conditions
Banana,26.53,72.47,142.67,10.81,6.62,139.5,81.4,107.4,98.0,Healthy,Low,Optimal Conditions
Banana,36.61,90.75,201.42,28.41,7.28,132.8,55.6,86.3,88.2,Healthy,Low,Temperature Deviation
Banana,28.88,87.96,145.57,6.04,5.5,71.5,29.0,56.2,98.0,Healthy,Low,Optimal Conditions
Banana,27.19,71.82,188.27,15.39,6.56,92.8,41.7,101.4,98.0,Healthy,Low,Optimal Conditions
Banana,18.44,22.27,6.67,45.28,5.42,89.7,46.4,69.8,5.0,High Risk,High,Rainfall Deviation
Banana,38.59,94.93,8.01,42.44,6.26,114.2,19.9,23.7,30.9,High Risk,High,Rainfall Deviation
Banana,32.88,87.11,156.0,18.33,7.01,53.4,23.6,46.6,98.0,Healthy,Low,Optimal Conditions
Banana,30.23,81.7,159.84,7.84,6.98,72.0,47.8,119.7,98.0,Healthy,Low,Optimal Conditions
Banana,27.94,83.53,188.04,6.9,6.84,130.2,43.8,45.1,98.0,Healthy,Low,Optimal Conditions
Banana,25.8,53.04,77.64,29.72,7.01,30.3,48.1,118.0,71.8,At Risk,Moderate,Humidity Deviation
Banana,31.34,48.29,144.79,12.12,5.12,77.8,36.7,113.2,73.9,At Risk,Moderate,Humidity Deviation
Banana,33.26,71.73,161.92,8.72,7.07,27.4,86.2,20.0,98.0,Healthy,Low,Optimal Conditions
Banana,28.64,85.12,195.11,11.42,6.89,107.3,55.7,87.5,98.0,Healthy,Low,Optimal Conditions
Banana,28.42,85.72,147.42,18.1,7.08,123.6,20.4,40.6,98.0,Healthy,Low,Optimal Conditions
Banana,33.83,74.72,136.71,9.12,5.1,51.4,17.9,56.4,98.0,Healthy,Low,Optimal Conditions
Banana,43.18,12.26,319.8,35.13,5.61,139.4,22.0,23.9,9.1,High Risk,High,Temperature Deviation
Banana,28.05,85.21,195.54,16.46,6.82,139.0,71.2,29.7,98.0,Healthy,Low,Optimal Conditions
Banana,26.14,54.87,163.47,12.76,6.22,128.9,89.6,114.1,81.8,Healthy,Low,Humidity Deviation
Banana,40.48,91.95,4.24,43.34,6.45,125.0,29.5,68.7,25.1,High Risk,High,Rainfall Deviation
Banana,31.81,85.54,195.74,11.7,5.4,127.6,81.2,39.6,98.0,Healthy,Low,Optimal Conditions
Banana,27.13,79.04,182.9,7.17,6.75,62.3,25.7,50.5,98.0,Healthy,Low,Optimal Conditions
Banana,32.2,83.23,233.2,31.45,6.16,106.7,51.4,22.3,93.4,Healthy,Low,Rainfall Deviation
Banana,25.22,75.92,125.91,15.92,6.79,136.6,34.8,113.5,98.0,Healthy,Low,Optimal Conditions
Banana,20.71,97.61,111.66,13.88,6.87,29.8,49.5,53.9,77.1,Healthy,Low,Temperature Deviation
Banana,22.52,94.2,9.76,54.94,6.92,82.8,63.2,118.4,31.9,High Risk,High,Rainfall Deviation
Banana,29.51,80.67,193.6,10.27,7.47,56.6,18.7,35.1,98.0,Healthy,Low,Optimal Conditions
Banana,30.5,80.34,137.63,13.43,7.1,120.7,68.1,115.0,98.0,Healthy,Low,Optimal Conditions
Banana,33.88,69.89,120.72,19.1,5.65,62.9,33.6,70.4,98.0,Healthy,Low,Optimal Conditions
Banana,19.35,98.0,200.64,23.42,6.81,61.4,38.2,64.3,71.6,At Risk,Moderate,Temperature Deviation
Banana,12.65,91.95,426.92,35.22,6.36,34.3,37.8,19.2,17.0,High Risk,High,Rainfall Deviation
Banana,28.45,71.17,170.61,16.36,7.22,48.4,89.7,42.0,98.0,Healthy,Low,Optimal Conditions
Banana,19.69,56.61,121.8,30.03,7.02,49.0,49.8,59.4,68.8,At Risk,Moderate,Humidity Deviation
Banana,11.09,88.87,9.5,32.48,5.58,56.1,20.0,44.2,28.3,High Risk,High,Temperature Deviation
Banana,23.96,69.34,54.83,23.68,6.25,70.7,36.0,106.0,83.3,Healthy,Low,Rainfall Deviation
Banana,39.81,97.53,203.59,23.4,5.26,122.7,79.1,64.2,64.7,At Risk,Moderate,Temperature Deviation
Banana,20.29,77.95,146.19,27.96,7.23,62.2,38.2,56.0,87.0,Healthy,Low,Temperature Deviation
Banana,42.01,91.35,462.99,33.35,5.2,80.7,53.0,50.3,25.9,High Risk,High,Rainfall Deviation
Banana,13.55,91.27,394.25,25.38,7.47,74.7,89.3,90.6,22.7,High Risk,High,Rainfall Deviation
Banana,32.59,80.61,145.27,16.37,6.94,115.6,70.8,82.3,98.0,Healthy,Low,Optimal Conditions
Banana,37.31,93.08,148.38,11.56,6.51,77.3,35.5,101.8,82.2,Healthy,Low,Temperature Deviation
Banana,34.77,65.45,132.04,24.5,5.5,30.3,28.4,50.5,91.5,Healthy,Low,Humidity Deviation
Banana,28.99,80.1,147.14,10.16,5.27,70.2,88.9,83.7,98.0,Healthy,Low,Optimal Conditions
Banana,24.83,74.26,157.46,12.47,5.05,30.3,38.5,29.8,98.0,Healthy,Low,Optimal Conditions
Banana,44.06,19.65,4.1,47.74,5.6,90.5,73.4,75.6,5.0,High Risk,High,Temperature Deviation
Banana,30.46,72.87,172.32,15.46,6.29,53.5,73.8,68.6,98.0,Healthy,Low,Optimal Conditions
Banana,33.19,85.35,158.48,11.55,7.4,113.0,52.8,83.6,98.0,Healthy,Low,Optimal Conditions
Banana,25.96,75.47,129.31,16.1,5.35,113.3,51.9,55.4,98.0,Healthy,Low,Optimal Conditions
Banana,29.13,76.35,142.95,16.09,6.56,109.8,67.0,100.6,98.0,Healthy,Low,Optimal Conditions
Banana,33.95,79.52,171.82,15.17,6.42,139.5,27.4,59.3,98.0,Healthy,Low,Optimal Conditions
Banana,25.82,84.26,100.48,18.35,6.58,72.9,36.5,28.3,98.0,Healthy,Low,Optimal Conditions
Banana,33.8,95.68,7.86,45.24,5.56,74.7,10.9,85.2,43.9,High Risk,High,Rainfall Deviation
Banana,30.56,88.53,159.16,9.92,5.52,50.2,89.0,79.6,98.0,Healthy,Low,Optimal Conditions
Banana,26.31,85.46,138.74,9.52,5.56,42.3,31.9,80.9,98.0,Healthy,Low,Optimal Conditions
Banana,24.61,77.18,158.49,5.9,6.13,26.3,71.5,106.5,98.0,Healthy,Low,Optimal Conditions
Banana,39.94,17.04,430.21,31.58,6.27,23.6,32.7,78.8,6.2,High Risk,High,Rainfall Deviation
Banana,31.08,77.82,197.93,19.48,7.0,134.5,26.4,93.8,98.0,Healthy,Low,Optimal Conditions
Banana,31.25,77.48,128.94,19.38,5.52,111.0,64.0,46.9,98.0,Healthy,Low,Optimal Conditions
Banana,38.77,66.0,88.33,15.21,6.42,28.2,78.2,83.2,72.0,At Risk,Moderate,Temperature Deviation
Banana,26.74,88.06,184.09,16.45,6.04,124.7,29.8,17.5,98.0,Healthy,Low,Optimal Conditions
Banana,33.2,81.42,122.94,14.76,6.86,86.0,77.4,77.2,98.0,Healthy,Low,Optimal Conditions
Banana,32.1,72.93,188.28,12.83,6.83,136.7,44.6,63.3,98.0,Healthy,Low,Optimal Conditions
Banana,14.83,12.61,430.63,36.89,6.0,106.4,56.2,70.4,5.0,High Risk,High,Rainfall Deviation
Banana,28.45,98.0,107.69,12.36,7.27,105.6,74.4,70.8,88.0,Healthy,Low,Humidity Deviation
Banana,29.37,76.58,101.01,14.23,7.13,105.3,27.9,101.0,98.0,Healthy,Low,Optimal Conditions
Banana,26.18,89.22,101.66,7.51,6.17,40.0,23.3,81.6,98.0,Healthy,Low,Optimal Conditions
Banana,13.22,98.44,5.53,44.78,6.4,21.9,62.3,97.8,5.0,High Risk,High,Temperature Deviation
Banana,39.28,53.31,265.77,29.16,5.85,53.3,44.5,93.5,45.7,High Risk,High,Temperature Deviation
Banana,33.95,87.67,102.38,10.73,6.72,49.0,21.4,81.1,98.0,Healthy,Low,Optimal Conditions
Banana,17.09,13.09,499.16,54.04,6.01,34.6,60.4,52.0,5.0,High Risk,High,Rainfall Deviation
Banana,28.26,88.73,106.89,7.9,6.52,126.1,83.4,73.7,98.0,Healthy,Low,Optimal Conditions
Banana,27.63,88.38,149.99,15.9,5.67,23.0,56.3,102.7,98.0,Healthy,Low,Optimal Conditions
Banana,45.5,24.1,406.24,31.75,5.83,110.9,78.1,58.8,5.0,High Risk,High,Temperature Deviation
Banana,22.35,64.63,171.44,27.82,5.43,101.5,62.9,110.5,87.8,Healthy,Low,Humidity Deviation
Banana,25.09,87.29,133.16,8.49,6.22,37.5,33.8,55.5,98.0,Healthy,Low,Optimal Conditions
Banana,28.5,77.69,177.46,18.78,5.25,118.8,84.5,87.1,98.0,Healthy,Low,Optimal Conditions
Banana,43.33,98.86,337.79,57.14,5.93,37.5,32.3,82.8,5.0,High Risk,High,Temperature Deviation
Banana,24.92,79.15,108.37,10.89,5.81,67.0,49.0,34.5,98.0,Healthy,Low,Optimal Conditions
Banana,27.62,85.91,169.47,18.09,6.67,34.5,50.6,93.0,98.0,Healthy,Low,Optimal Conditions
Banana,15.77,90.15,334.67,43.67,6.05,72.8,85.6,105.5,31.0,High Risk,High,Temperature Deviation
Banana,44.13,98.47,402.15,42.65,5.44,128.5,38.0,24.2,5.0,High Risk,High,Temperature Deviation
Banana,29.13,87.63,162.82,8.22,5.74,137.1,14.2,119.4,98.0,Healthy,Low,Optimal Conditions
Banana,21.93,10.98,397.75,49.72,5.18,127.4,49.0,83.5,5.0,High Risk,High,Rainfall Deviation
Banana,17.87,19.74,9.29,52.2,5.61,25.7,55.2,103.4,5.0,High Risk,High,Rainfall Deviation
Banana,31.67,78.28,133.57,7.59,7.34,47.1,32.3,49.8,98.0,Healthy,Low,Optimal Conditions
Banana,25.63,77.09,147.18,13.28,5.39,113.5,34.9,111.4,98.0,Healthy,Low,Optimal Conditions
Banana,32.63,77.05,150.58,10.59,5.97,94.2,65.4,106.4,98.0,Healthy,Low,Optimal Conditions
Banana,31.98,98.0,213.4,19.4,6.59,116.7,69.0,18.7,85.3,Healthy,Low,Humidity Deviation
Banana,37.11,59.36,59.83,13.57,5.95,48.6,68.9,110.0,60.7,At Risk,Moderate,Rainfall Deviation
Banana,34.85,93.92,3.5,28.61,6.15,65.1,76.3,102.9,56.9,At Risk,Moderate,Rainfall Deviation
Banana,32.12,81.28,150.36,6.42,6.85,27.2,32.2,25.0,98.0,Healthy,Low,Optimal Conditions
Banana,25.79,98.0,58.04,30.91,5.51,61.9,51.4,28.2,73.3,At Risk,Moderate,Rainfall Deviation
Banana,26.06,60.82,53.87,25.65,5.53,115.3,34.9,65.2,72.8,At Risk,Moderate,Rainfall Deviation
Banana,13.43,17.46,481.82,44.58,7.26,117.8,83.5,63.9,5.0,High Risk,High,Rainfall Deviation
Banana,22.05,98.0,93.98,12.46,6.85,35.7,25.4,28.3,79.1,Healthy,Low,Humidity Deviation
Banana,30.62,75.42,114.95,9.8,6.25,80.4,39.4,67.0,98.0,Healthy,Low,Optimal Conditions
Banana,32.23,70.59,186.8,8.66,6.8,68.6,33.5,79.6,98.0,Healthy,Low,Optimal Conditions
Banana,37.46,63.08,74.89,14.25,6.35,52.8,57.5,43.5,69.1,At Risk,Moderate,Temperature Deviation
Banana,12.5,14.34,7.78,46.26,6.81,47.2,42.6,34.7,5.0,High Risk,High,Temperature Deviation
Banana,21.56,68.01,158.92,12.99,6.02,84.4,14.3,16.2,89.1,Healthy,Low,Temperature Deviation
Banana,28.88,70.81,173.32,7.28,6.93,44.6,37.7,65.3,98.0,Healthy,Low,Optimal Conditions
Banana,24.24,88.17,128.65,7.04,5.33,137.0,19.8,51.4,98.0,Healthy,Low,Optimal Conditions
Banana,31.35,81.94,153.36,17.84,6.43,134.7,59.8,52.2,98.0,Healthy,Low,Optimal Conditions
Banana,31.25,77.47,159.92,18.15,5.02,111.2,44.8,28.0,98.0,Healthy,Low,Optimal Conditions
Banana,17.85,98.0,241.15,21.34,7.14,114.2,22.6,40.8,58.2,At Risk,Moderate,Temperature Deviation
Banana,38.47,50.96,109.67,23.48,5.97,51.3,73.9,46.6,59.3,At Risk,Moderate,Humidity Deviation
Banana,27.88,72.63,169.04,15.65,5.04,103.4,33.9,83.9,98.0,Healthy,Low,Optimal Conditions
Banana,25.26,65.66,190.9,18.35,5.07,114.8,46.5,70.8,94.8,Healthy,Low,Humidity Deviation
Banana,31.84,85.87,155.29,18.57,5.29,114.4,54.7,39.3,98.0,Healthy,Low,Optimal Conditions
Banana,27.01,87.13,178.76,14.68,5.23,134.6,34.4,78.7,98.0,Healthy,Low,Optimal Conditions
Banana,22.78,89.37,1.55,51.38,6.55,44.9,81.0,41.1,36.7,High Risk,High,Rainfall Deviation
Banana,27.01,79.66,120.72,10.01,6.28,58.8,17.1,35.7,98.0,Healthy,Low,Optimal Conditions
Banana,30.42,98.0,172.11,18.61,6.54,65.5,66.7,98.5,88.0,Healthy,Low,Humidity Deviation
Banana,28.05,89.15,124.98,10.2,5.09,59.9,39.7,25.5,98.0,Healthy,Low,Optimal Conditions
Banana,29.75,76.03,101.78,17.9,6.46,40.5,79.2,41.6,98.0,Healthy,Low,Optimal Conditions
Banana,32.95,73.59,187.9,17.04,5.77,24.1,16.6,26.5,98.0,Healthy,Low,Optimal Conditions
Banana,34.17,91.5,452.4,32.49,5.27,90.0,86.1,78.8,57.1,At Risk,Moderate,Rainfall Deviation
Banana,32.33,57.71,240.09,22.03,5.46,118.7,72.6,117.1,77.2,Healthy,Low,Humidity Deviation
Banana,29.91,79.83,167.09,19.7,6.33,102.3,37.8,46.4,98.0,Healthy,Low,Optimal Conditions
Banana,24.39,75.69,117.29,11.86,6.15,111.8,50.2,63.6,98.0,Healthy,Low,Optimal Conditions
Banana,32.52,71.82,198.23,12.14,5.46,62.5,11.2,32.5,98.0,Healthy,Low,Optimal Conditions
Banana,29.54,72.59,167.6,17.66,6.43,55.6,19.7,16.6,98.0,Healthy,Low,Optimal Conditions
Banana,37.97,73.2,123.58,25.03,5.74,83.4,20.4,39.2,84.1,Healthy,Low,Temperature Deviation
Banana,24.73,87.7,112.26,15.45,6.26,119.8,69.3,94.8,98.0,Healthy,Low,Optimal Conditions
Banana,32.34,71.89,144.44,19.92,7.37,29.9,55.8,48.1,98.0,Healthy,Low,Optimal Conditions
Banana,20.04,75.96,108.33,28.71,7.46,100.1,69.6,42.6,86.1,Healthy,Low,Temperature Deviation
Banana,32.88,95.5,221.33,30.03,7.22,80.2,58.6,85.6,87.5,Healthy,Low,Humidity Deviation
Banana,41.77,21.25,399.99,36.32,5.2,23.3,18.8,15.4,5.0,High Risk,High,Rainfall Deviation
Banana,26.99,72.21,165.11,19.88,7.25,50.3,71.6,113.4,98.0,Healthy,Low,Optimal Conditions
Banana,23.91,13.7,499.69,45.35,6.24,20.2,38.1,16.2,14.2,High Risk,High,Rainfall Deviation
Banana,40.94,66.72,222.52,14.36,6.37,73.6,36.1,79.9,63.8,At Risk,Moderate,Temperature Deviation
Banana,25.5,98.0,177.73,24.01,5.13,40.5,84.0,66.3,88.0,Healthy,Low,Humidity Deviation
Banana,14.18,92.61,485.41,36.26,6.15,63.4,11.1,75.8,19.8,High Risk,High,Rainfall Deviation
Banana,26.11,72.41,152.04,6.43,5.64,74.2,23.4,61.9,98.0,Healthy,Low,Optimal Conditions
Banana,32.61,85.9,199.29,12.93,6.44,133.6,42.0,73.3,98.0,Healthy,Low,Optimal Conditions
Banana,29.46,71.62,178.38,19.78,5.16,116.1,29.3,35.7,98.0,Healthy,Low,Optimal Conditions
Banana,27.42,60.93,83.71,12.28,7.21,36.4,33.0,92.7,83.4,Healthy,Low,Humidity Deviation
Banana,37.64,98.0,150.18,22.11,5.95,50.0,88.8,60.0,73.4,At Risk,Moderate,Temperature Deviation
Banana,28.63,72.32,139.31,10.05,6.16,122.8,25.4,78.8,98.0,Healthy,Low,Optimal Conditions
Banana,27.17,79.45,107.43,13.16,5.78,139.1,60.5,40.6,98.0,Healthy,Low,Optimal Conditions
Banana,24.41,71.82,168.01,17.82,5.39,68.3,38.3,82.7,98.0,Healthy,Low,Optimal Conditions
Banana,33.53,84.57,195.51,9.16,6.47,107.9,66.9,17.2,98.0,Healthy,Low,Optimal Conditions
Banana,42.67,96.37,344.7,59.95,7.27,33.0,77.3,82.2,5.0,High Risk,High,Temperature Deviation
Banana,33.84,73.01,139.68,5.45,5.77,88.2,84.5,119.0,98.0,Healthy,Low,Optimal Conditions
Banana,28.28,73.21,149.84,19.1,5.41,52.0,81.3,80.8,98.0,Healthy,Low,Optimal Conditions
Banana,32.13,72.18,185.84,12.77,6.89,82.2,29.7,82.3,98.0,Healthy,Low,Optimal Conditions
Banana,26.3,80.99,139.0,16.18,6.46,65.8,36.1,110.9,98.0,Healthy,Low,Optimal Conditions
Banana,30.91,77.84,137.74,14.78,7.13,106.9,63.6,67.1,98.0,Healthy,Low,Optimal Conditions
Banana,19.0,67.63,132.31,13.59,6.87,89.6,46.9,117.6,79.7,Healthy,Low,Temperature Deviation
Banana,46.14,17.33,342.44,52.97,5.43,128.1,61.4,34.0,5.0,High Risk,High,Temperature Deviation
Banana,30.95,82.12,161.13,12.23,6.54,124.8,86.2,51.2,98.0,Healthy,Low,Optimal Conditions
Banana,33.06,94.21,82.79,19.32,5.12,91.9,58.2,76.2,87.7,Healthy,Low,Humidity Deviation
Banana,17.09,98.49,6.57,38.68,5.58,84.1,37.7,22.6,24.8,High Risk,High,Rainfall Deviation
Banana,28.08,65.87,217.34,31.71,6.35,135.5,26.1,45.4,91.6,Healthy,Low,Optimal Conditions
Banana,23.44,88.56,152.84,27.06,5.29,93.9,23.4,103.0,98.0,Healthy,Low,Optimal Conditions
Banana,24.45,79.04,199.98,17.2,6.43,42.7,19.4,103.0,98.0,Healthy,Low,Optimal Conditions
Banana,34.83,96.12,161.97,18.74,6.39,24.9,62.4,93.0,87.5,Healthy,Low,Humidity Deviation
Banana,43.26,18.83,403.4,54.97,5.16,128.0,26.4,16.0,5.0,High Risk,High,Rainfall Deviation
Banana,32.84,71.47,135.52,8.75,5.09,83.8,89.9,104.6,98.0,Healthy,Low,Optimal Conditions
Banana,32.84,79.04,127.33,14.6,5.54,125.6,59.9,29.3,98.0,Healthy,Low,Optimal Conditions
Banana,19.29,98.0,176.48,19.53,6.62,116.3,29.3,111.0,71.5,At Risk,Moderate,Temperature Deviation
Banana,32.66,80.25,151.54,10.61,5.26,61.7,44.1,65.3,98.0,Healthy,Low,Optimal Conditions
Banana,28.71,49.17,207.21,12.07,6.35,126.2,56.8,98.3,73.6,At Risk,Moderate,Humidity Deviation
Banana,30.73,71.58,155.64,12.47,7.36,35.9,10.8,29.4,98.0,Healthy,Low,Optimal Conditions
Banana,26.51,86.3,137.69,17.61,5.68,123.3,10.6,113.1,98.0,Healthy,Low,Optimal Conditions
Banana,34.18,55.83,128.15,23.65,5.79,108.4,28.4,77.6,82.3,Healthy,Low,Humidity Deviation
Banana,25.5,78.26,131.03,6.68,7.06,79.8,37.7,68.0,98.0,Healthy,Low,Optimal Conditions
Banana,21.29,98.0,39.61,11.04,5.55,131.6,71.5,86.0,57.4,At Risk,Moderate,Rainfall Deviation
Banana,30.31,98.0,155.57,26.68,6.81,25.3,51.8,75.4,88.0,Healthy,Low,Humidity Deviation
Banana,27.22,87.04,102.3,14.38,5.99,99.9,25.8,40.1,98.0,Healthy,Low,Optimal Conditions
Banana,28.58,70.27,154.48,10.61,5.12,110.7,45.6,103.7,98.0,Healthy,Low,Optimal Conditions
Banana,31.75,71.56,163.51,10.41,5.69,117.8,14.2,114.7,98.0,Healthy,Low,Optimal Conditions
Banana,39.06,71.66,124.59,11.09,5.35,72.5,75.7,92.0,79.8,Healthy,Low,Temperature Deviation
Banana,41.7,94.26,384.01,41.1,6.15,23.4,51.1,92.5,16.9,High Risk,High,Rainfall Deviation
Banana,25.0,58.92,194.99,24.89,6.38,45.5,48.6,57.0,86.7,Healthy,Low,Humidity Deviation
Banana,18.68,10.26,4.93,34.63,5.7,59.4,36.9,80.1,18.1,High Risk,High,Rainfall Deviation
Banana,24.05,67.61,142.15,24.96,6.14,35.6,49.5,61.3,97.1,Healthy,Low,Optimal Conditions
Banana,29.04,68.09,70.82,17.22,6.56,27.1,29.0,20.6,87.5,Healthy,Low,Rainfall Deviation
Banana,32.7,88.19,130.94,7.81,5.34,67.3,76.1,104.5,98.0,Healthy,Low,Optimal Conditions
Banana,26.09,74.06,182.84,11.84,5.92,134.8,84.0,61.2,98.0,Healthy,Low,Optimal Conditions
Banana,25.71,72.24,168.05,13.32,6.39,31.8,73.5,71.2,98.0,Healthy,Low,Optimal Conditions
Banana,31.47,89.63,144.12,6.73,5.25,23.1,71.6,87.9,98.0,Healthy,Low,Optimal Conditions
Banana,34.89,56.96,59.17,31.74,6.23,74.2,89.6,105.7,66.5,At Risk,Moderate,Humidity Deviation
Banana,23.96,98.0,110.46,24.37,7.37,88.2,31.6,100.2,87.9,Healthy,Low,Humidity Deviation
Banana,26.39,81.13,128.9,10.94,6.73,139.5,61.6,44.0,98.0,Healthy,Low,Optimal Conditions
Banana,27.62,70.39,146.48,14.9,6.28,123.8,49.5,63.5,98.0,Healthy,Low,Optimal Conditions
Banana,32.38,88.07,197.79,19.72,7.45,105.4,55.0,33.1,98.0,Healthy,Low,Optimal Conditions
Banana,24.48,60.99,227.19,14.89,5.3,132.9,76.4,95.3,83.7,Healthy,Low,Humidity Deviation
Banana,32.08,82.18,173.19,19.67,5.49,80.5,70.3,60.5,98.0,Healthy,Low,Optimal Conditions
Banana,25.11,82.04,128.5,7.07,5.85,44.1,11.9,30.9,98.0,Healthy,Low,Optimal Conditions
Banana,15.64,21.5,8.78,43.84,6.56,74.7,21.7,30.8,5.0,High Risk,High,Rainfall Deviation
Banana,19.8,88.22,228.53,29.6,6.48,42.2,47.3,68.0,79.6,Healthy,Low,Temperature Deviation
Banana,26.62,79.45,144.65,8.14,7.26,126.2,70.8,57.1,98.0,Healthy,Low,Optimal Conditions
Banana,31.16,82.16,160.06,6.86,6.55,128.2,16.9,50.6,98.0,Healthy,Low,Optimal Conditions
Banana,23.03,76.55,174.08,26.39,6.17,127.9,38.5,89.0,96.6,Healthy,Low,Optimal Conditions
Banana,20.76,60.44,174.89,31.97,5.87,128.6,85.9,114.6,77.2,Healthy,Low,Humidity Deviation
Banana,29.75,71.22,197.44,10.16,7.46,47.6,29.0,92.6,98.0,Healthy,Low,Optimal Conditions
Banana,27.96,80.88,102.19,17.56,6.28,57.6,42.0,20.9,98.0,Healthy,Low,Optimal Conditions
Banana,24.31,96.19,100.46,24.32,6.63,50.6,29.7,53.9,90.7,Healthy,Low,Humidity Deviation
Banana,30.83,82.06,121.64,18.26,6.15,35.2,27.0,71.7,98.0,Healthy,Low,Optimal Conditions
Banana,32.51,79.89,191.53,6.53,6.67,126.3,33.4,29.2,98.0,Healthy,Low,Optimal Conditions
Banana,34.69,50.72,262.48,19.83,5.93,92.8,64.6,89.0,61.6,At Risk,Moderate,Humidity Deviation
Banana,29.62,98.0,137.84,29.54,5.39,105.8,32.2,24.9,88.0,Healthy,Low,Humidity Deviation
Banana,18.37,94.57,381.75,52.82,6.72,26.8,55.5,54.5,12.1,High Risk,High,Rainfall Deviation
Banana,32.41,98.0,196.79,29.03,6.82,99.7,73.1,25.9,88.0,Healthy,Low,Humidity Deviation
Banana,24.38,72.9,191.32,8.33,6.66,103.0,61.6,73.2,98.0,Healthy,Low,Optimal Conditions
Banana,37.28,69.05,210.8,14.03,5.55,65.8,58.9,117.5,83.6,Healthy,Low,Temperature Deviation
Banana,38.71,89.06,148.27,16.44,6.54,103.3,27.1,76.8,81.2,Healthy,Low,Temperature Deviation
Banana,32.54,84.3,182.63,8.0,5.09,122.1,40.9,33.9,98.0,Healthy,Low,Optimal Conditions
Banana,29.17,73.0,156.67,15.91,6.34,128.4,22.4,66.9,98.0,Healthy,Low,Optimal Conditions
Banana,32.76,88.64,140.0,9.59,5.7,123.2,64.6,107.5,98.0,Healthy,Low,Optimal Conditions
Banana,28.76,83.52,189.71,10.73,5.78,129.6,13.8,65.4,98.0,Healthy,Low,Optimal Conditions
Banana,26.8,60.69,70.17,30.69,5.61,31.3,71.6,58.5,78.4,Healthy,Low,Humidity Deviation
Banana,46.85,96.37,5.26,30.64,7.0,62.8,24.7,41.9,12.3,High Risk,High,Temperature Deviation
Banana,24.91,81.85,186.62,11.73,6.57,117.2,38.5,83.7,98.0,Healthy,Low,Optimal Conditions
Banana,30.43,74.35,197.78,6.14,6.26,54.4,58.1,60.0,98.0,Healthy,Low,Optimal Conditions
Banana,26.5,73.65,178.29,8.33,6.93,78.2,15.8,32.4,98.0,Healthy,Low,Optimal Conditions
Banana,19.21,97.75,5.57,54.83,6.82,62.2,82.9,66.0,13.5,High Risk,High,Rainfall Deviation
Banana,26.8,88.78,175.86,10.25,5.64,45.4,29.6,26.7,98.0,Healthy,Low,Optimal Conditions
Banana,34.79,98.0,86.24,12.87,6.18,130.4,31.1,71.9,80.0,Healthy,Low,Humidity Deviation
Banana,27.36,81.44,155.89,10.39,7.13,26.4,16.8,119.0,98.0,Healthy,Low,Optimal Conditions
Banana,26.22,52.41,87.23,24.37,6.86,103.4,45.1,111.4,74.4,At Risk,Moderate,Humidity Deviation
Banana,45.27,98.48,8.66,44.98,5.54,118.1,80.4,88.8,5.0,High Risk,High,Temperature Deviation
Banana,25.91,82.49,148.28,15.03,5.28,36.3,39.0,42.2,98.0,Healthy,Low,Optimal Conditions
Banana,40.35,98.0,78.47,27.55,6.3,120.4,58.1,77.0,55.1,At Risk,Moderate,Temperature Deviation
Banana,31.9,83.66,133.88,19.9,6.16,58.0,65.0,38.4,98.0,Healthy,Low,Optimal Conditions
Banana,47.74,14.9,338.83,41.32,7.41,84.6,28.8,117.3,5.0,High Risk,High,Temperature Deviation
Banana,32.82,73.46,167.48,11.17,7.43,42.2,42.7,82.2,98.0,Healthy,Low,Optimal Conditions
Banana,46.18,15.21,440.96,34.14,5.94,73.6,50.8,18.7,5.0,High Risk,High,Temperature Deviation
Banana,30.55,78.85,108.97,10.79,6.19,96.3,19.5,119.5,98.0,Healthy,Low,Optimal Conditions
Banana,26.45,98.0,182.93,20.8,7.25,137.6,87.7,39.1,88.0,Healthy,Low,Humidity Deviation
Banana,38.05,90.35,185.65,13.81,5.91,79.0,85.8,80.6,83.3,Healthy,Low,Temperature Deviation
Banana,25.13,84.94,146.69,6.02,6.64,62.0,42.3,103.1,98.0,Healthy,Low,Optimal Conditions
Mango,27.74,57.27,50.17,17.68,7.51,99.4,81.9,43.7,98.0,Healthy,Low,Optimal Conditions
Mango,24.75,61.84,74.82,17.16,6.44,44.4,74.8,62.8,98.0,Healthy,Low,Optimal Conditions
Mango,18.55,91.05,152.97,58.4,5.9,64.7,63.4,78.0,5.0,High Risk,High,Humidity Deviation
Mango,27.44,55.08,92.0,17.99,5.85,32.2,26.4,33.5,98.0,Healthy,Low,Optimal Conditions
Mango,26.58,59.6,65.98,13.4,6.03,117.8,86.1,57.4,98.0,Healthy,Low,Optimal Conditions
Mango,26.64,52.04,67.24,14.68,6.56,49.1,71.4,28.8,98.0,Healthy,Low,Optimal Conditions
Mango,31.44,53.94,83.94,19.65,7.49,39.2,51.6,59.3,98.0,Healthy,Low,Optimal Conditions
Mango,24.68,97.74,3.53,37.21,7.73,137.6,17.0,56.7,29.2,High Risk,High,Humidity Deviation
Mango,27.06,69.62,99.22,12.08,5.55,85.6,35.7,112.5,98.0,Healthy,Low,Optimal Conditions
Mango,39.74,14.65,2.88,30.42,5.69,81.1,73.3,22.5,18.0,High Risk,High,Rainfall Deviation
Mango,35.75,27.88,64.36,10.4,7.75,105.7,80.8,115.8,70.5,At Risk,Moderate,Humidity Deviation
Mango,30.36,59.72,76.88,5.71,7.74,134.6,64.8,42.1,98.0,Healthy,Low,Optimal Conditions
Mango,20.66,74.81,85.22,12.96,7.43,46.5,43.3,16.7,81.1,Healthy,Low,Temperature Deviation
Mango,33.86,66.74,92.05,11.17,5.42,32.9,58.4,102.0,98.0,Healthy,Low,Optimal Conditions
Mango,23.16,93.02,4.81,35.15,6.86,36.9,75.7,70.3,30.7,High Risk,High,Humidity Deviation
Mango,17.4,91.75,9.09,31.19,5.36,43.1,71.7,108.4,15.6,High Risk,High,Humidity Deviation
Mango,39.6,11.5,162.76,55.03,6.64,133.7,65.5,64.6,5.0,High Risk,High,Humidity Deviation
Mango,32.25,62.61,90.87,16.71,6.57,133.5,66.3,36.1,98.0,Healthy,Low,Optimal Conditions
Mango,38.86,40.83,105.2,19.58,5.94,92.8,87.3,109.6,71.5,At Risk,Moderate,Temperature Deviation
Mango,29.29,56.59,75.53,14.09,5.6,113.8,48.0,119.2,98.0,Healthy,Low,Optimal Conditions
Mango,26.09,63.79,84.76,13.73,7.92,69.8,43.4,110.6,98.0,Healthy,Low,Optimal Conditions
Mango,27.69,70.55,42.57,10.58,7.92,78.8,62.0,35.9,94.0,Healthy,Low,Rainfall Deviation
Mango,29.33,67.12,55.1,16.71,6.74,80.0,80.1,27.4,98.0,Healthy,Low,Optimal Conditions
Mango,47.12,92.64,242.66,52.35,5.85,55.0,72.0,28.5,5.0,High Risk,High,Temperature Deviation
Mango,38.14,88.67,188.92,44.35,5.46,54.5,33.7,80.5,9.9,High Risk,High,Rainfall Deviation
Mango,40.24,38.71,20.38,21.52,6.52,92.8,36.5,112.2,44.7,High Risk,High,Temperature Deviation
Mango,31.15,59.92,63.33,7.83,7.87,87.4,58.3,97.2,98.0,Healthy,Low,Optimal Conditions
Mango,31.85,53.3,87.02,7.12,7.5,101.7,40.9,52.7,98.0,Healthy,Low,Optimal Conditions
Mango,33.94,52.37,73.6,8.55,7.99,90.3,22.0,85.1,98.0,Healthy,Low,Optimal Conditions
Mango,21.71,92.77,225.38,39.97,7.79,52.6,47.2,96.7,10.4,High Risk,High,Rainfall Deviation
Mango,21.7,36.44,73.29,30.89,7.94,127.9,88.9,89.1,75.7,Healthy,Low,Humidity Deviation
Mango,14.52,17.86,5.4,43.54,5.16,66.7,83.8,51.8,5.0,High Risk,High,Temperature Deviation
Mango,37.28,71.86,102.39,10.2,5.56,129.1,81.9,62.6,87.1,Healthy,Low,Temperature Deviation
Mango,27.33,67.94,66.24,12.67,7.19,45.1,30.3,52.6,98.0,Healthy,Low,Optimal Conditions
Mango,21.54,35.86,36.98,12.9,5.65,51.2,79.4,89.6,65.3,At Risk,Moderate,Humidity Deviation
Mango,29.93,70.72,63.76,20.24,7.79,39.3,67.0,86.6,98.0,Healthy,Low,Optimal Conditions
Mango,23.67,18.18,6.19,52.75,5.89,44.5,11.8,80.5,13.2,High Risk,High,Rainfall Deviation
Mango,26.85,60.4,85.03,8.71,6.83,51.2,88.9,91.9,98.0,Healthy,Low,Optimal Conditions
Mango,34.59,44.5,99.99,29.87,5.11,107.5,62.2,83.2,93.4,Healthy,Low,Humidity Deviation
Mango,24.17,63.78,91.47,6.28,6.32,39.5,58.9,97.5,98.0,Healthy,Low,Optimal Conditions
Mango,30.78,65.3,39.01,29.35,5.17,31.2,75.3,73.5,92.3,Healthy,Low,Rainfall Deviation
Mango,30.09,67.57,87.86,15.37,7.93,82.6,10.5,60.0,98.0,Healthy,Low,Optimal Conditions
Mango,25.28,55.1,69.07,12.22,5.51,57.4,32.1,53.4,98.0,Healthy,Low,Optimal Conditions
Mango,28.37,61.09,54.85,12.81,7.27,21.0,13.8,64.0,98.0,Healthy,Low,Optimal Conditions
Mango,25.32,89.97,5.72,30.38,5.19,50.2,31.7,67.4,39.1,High Risk,High,Rainfall Deviation
Mango,29.21,62.32,61.55,7.02,7.64,96.1,14.9,115.9,98.0,Healthy,Low,Optimal Conditions
Mango,34.95,76.83,40.85,22.86,5.54,62.7,84.3,48.0,83.3,Healthy,Low,Humidity Deviation
Mango,24.61,51.94,79.24,14.9,6.92,84.8,49.3,22.6,98.0,Healthy,Low,Optimal Conditions
Mango,12.11,97.96,199.89,27.22,7.87,26.1,84.0,72.4,5.0,High Risk,High,Temperature Deviation
Mango,18.39,68.62,87.9,22.91,7.33,44.2,14.6,23.4,80.3,Healthy,Low,Temperature Deviation
Mango,26.45,54.48,72.93,6.27,7.99,103.5,12.4,87.6,98.0,Healthy,Low,Optimal Conditions
Mango,26.88,42.02,31.67,15.38,6.93,114.7,56.6,107.9,77.6,Healthy,Low,Rainfall Deviation
Mango,26.78,62.74,91.47,13.09,5.03,101.2,75.1,44.0,98.0,Healthy,Low,Optimal Conditions
Mango,29.7,50.84,70.8,5.27,5.67,66.7,18.9,27.0,98.0,Healthy,Low,Optimal Conditions
Mango,19.25,92.08,6.41,31.58,5.32,111.9,61.2,31.5,19.8,High Risk,High,Humidity Deviation
Mango,28.79,77.75,74.46,18.56,6.67,137.0,75.5,101.3,88.4,Healthy,Low,Humidity Deviation
Mango,24.96,62.06,76.06,12.75,5.33,79.3,22.0,59.3,98.0,Healthy,Low,Optimal Conditions
Mango,33.43,50.26,96.97,17.94,7.26,137.9,14.3,82.4,98.0,Healthy,Low,Optimal Conditions
Mango,33.46,18.92,5.39,42.44,6.54,72.3,30.2,105.2,27.6,High Risk,High,Rainfall Deviation
Mango,33.98,57.19,51.32,7.53,7.66,35.4,69.1,34.2,98.0,Healthy,Low,Optimal Conditions
Mango,31.9,38.98,71.89,12.34,5.81,113.9,14.1,84.3,86.8,Healthy,Low,Humidity Deviation
Mango,45.66,92.62,3.09,52.01,5.26,20.7,24.0,114.1,5.0,High Risk,High,Temperature Deviation
Mango,19.88,69.05,46.11,12.46,5.5,128.2,28.2,20.3,82.9,Healthy,Low,Temperature Deviation
Mango,39.63,76.94,116.88,18.83,5.63,109.2,57.4,109.3,64.3,At Risk,Moderate,Temperature Deviation
Mango,24.56,49.25,33.16,28.2,5.94,84.3,30.0,88.1,87.3,Healthy,Low,Rainfall Deviation
Mango,23.93,92.42,3.48,30.75,7.23,91.5,17.4,77.1,33.6,High Risk,High,Humidity Deviation
Mango,34.8,55.19,84.8,14.84,7.07,71.6,15.9,117.9,98.0,Healthy,Low,Optimal Conditions
Mango,32.47,52.75,64.06,13.4,6.24,135.0,77.8,111.8,98.0,Healthy,Low,Optimal Conditions
Mango,33.98,56.29,100.05,24.09,5.85,128.7,31.6,81.9,98.0,Healthy,Low,Optimal Conditions
Mango,24.23,18.28,9.19,31.63,7.03,52.0,65.1,79.3,41.4,High Risk,High,Humidity Deviation
Mango,26.47,82.45,86.82,10.73,7.88,23.3,10.2,49.0,81.3,Healthy,Low,Humidity Deviation
Mango,30.31,67.88,74.06,16.6,7.73,42.7,49.1,82.4,98.0,Healthy,Low,Optimal Conditions
Mango,32.14,64.11,71.05,6.32,5.03,64.3,16.6,97.1,98.0,Healthy,Low,Optimal Conditions
Mango,31.33,56.93,89.8,18.33,7.51,78.1,16.7,54.0,98.0,Healthy,Low,Optimal Conditions
Mango,34.56,61.31,82.04,16.73,6.7,91.8,29.6,21.2,98.0,Healthy,Low,Optimal Conditions
Mango,37.29,44.4,71.81,21.7,6.3,92.0,20.0,83.6,84.1,Healthy,Low,Temperature Deviation
Mango,30.34,64.29,70.58,18.66,5.46,40.5,51.4,112.8,98.0,Healthy,Low,Optimal Conditions
Mango,34.19,63.87,89.13,19.07,6.72,97.0,56.3,97.4,98.0,Healthy,Low,Optimal Conditions
Mango,32.67,64.27,80.1,5.58,7.32,35.9,87.0,23.6,98.0,Healthy,Low,Optimal Conditions
Mango,39.23,70.95,95.74,12.81,7.07,87.6,36.2,86.9,81.7,Healthy,Low,Temperature Deviation
Mango,24.52,57.09,59.69,15.78,7.84,99.4,62.4,15.7,98.0,Healthy,Low,Optimal Conditions
Mango,33.71,46.56,71.75,10.21,6.1,133.1,82.7,27.1,95.9,Healthy,Low,Optimal Conditions
Mango,32.26,56.13,91.73,8.23,6.48,24.0,81.6,33.7,98.0,Healthy,Low,Optimal Conditions
Mango,29.28,55.43,52.01,5.44,7.87,59.1,36.8,111.9,98.0,Healthy,Low,Optimal Conditions
Mango,18.11,16.73,162.65,35.64,5.66,29.7,12.1,26.1,23.4,High Risk,High,Humidity Deviation
Mango,35.89,76.61,64.84,13.95,5.34,136.4,77.5,46.7,86.5,Healthy,Low,Humidity Deviation
Mango,27.67,58.62,91.05,8.59,7.16,131.5,40.4,17.7,98.0,Healthy,Low,Optimal Conditions
Mango,42.08,21.52,2.23,30.79,5.38,56.9,40.4,98.9,8.3,High Risk,High,Rainfall Deviation
Mango,24.54,62.72,83.56,17.21,6.2,30.3,54.2,27.7,98.0,Healthy,Low,Optimal Conditions
Mango,32.56,58.07,76.25,14.94,6.2,26.1,30.2,35.4,98.0,Healthy,Low,Optimal Conditions
Mango,48.48,24.73,9.45,38.47,7.91,60.7,69.2,75.4,5.0,High Risk,High,Temperature Deviation
Mango,42.05,11.77,223.74,30.81,6.15,111.6,32.9,111.7,5.0,High Risk,High,Rainfall Deviation
Mango,43.6,14.19,242.49,27.65,7.24,61.3,27.0,70.1,5.0,High Risk,High,Rainfall Deviation
Mango,26.32,73.18,71.39,24.72,6.55,129.5,76.3,72.6,95.2,Healthy,Low,Optimal Conditions
Mango,39.77,53.07,102.61,25.01,5.79,20.3,75.0,101.5,79.9,Healthy,Low,Temperature Deviation
Mango,18.6,22.51,188.75,26.86,5.24,102.2,39.6,91.0,15.6,High Risk,High,Rainfall Deviation
Mango,34.65,63.89,52.33,9.96,6.69,37.0,10.2,23.3,98.0,Healthy,Low,Optimal Conditions
Mango,31.18,88.05,119.53,14.04,5.55,33.0,69.1,111.4,65.1,At Risk,Moderate,Humidity Deviation
Mango,24.68,53.12,55.12,13.89,5.85,127.7,23.0,112.7,98.0,Healthy,Low,Optimal Conditions
Mango,33.54,68.98,99.32,17.05,5.31,26.6,69.2,109.2,98.0,Healthy,Low,Optimal Conditions
Mango,34.35,62.2,56.2,7.51,5.2,37.2,68.6,38.0,98.0,Healthy,Low,Optimal Conditions
Mango,30.78,49.71,107.65,19.83,6.41,97.3,68.3,15.4,96.6,Healthy,Low,Optimal Conditions
Mango,45.23,94.95,2.85,42.81,6.75,95.7,80.1,21.5,5.0,High Risk,High,Temperature Deviation
Mango,30.5,61.4,51.09,7.84,7.54,81.8,43.1,109.5,98.0,Healthy,Low,Optimal Conditions
Mango,34.15,50.56,78.13,13.33,6.92,23.6,52.4,26.9,98.0,Healthy,Low,Optimal Conditions
Mango,26.37,62.26,69.5,6.28,5.87,29.2,63.1,73.5,98.0,Healthy,Low,Optimal Conditions
Mango,34.2,60.37,94.38,13.69,6.13,84.7,22.1,85.8,98.0,Healthy,Low,Optimal Conditions
Mango,48.33,88.92,180.25,36.56,7.2,30.2,20.3,86.3,5.0,High Risk,High,Temperature Deviation
Mango,43.76,11.24,204.28,58.65,7.06,106.0,62.1,33.6,5.0,High Risk,High,Rainfall Deviation
Mango,31.0,31.72,99.64,19.45,5.58,117.1,15.0,102.6,78.1,Healthy,Low,Humidity Deviation
Mango,29.45,57.62,78.53,16.94,7.97,56.7,54.3,63.9,98.0,Healthy,Low,Optimal Conditions
Mango,14.13,91.2,246.5,58.87,7.31,132.9,67.4,65.5,5.0,High Risk,High,Rainfall Deviation
Mango,29.68,64.23,92.71,9.86,6.53,94.4,57.1,20.5,98.0,Healthy,Low,Optimal Conditions
Mango,36.55,90.81,40.22,31.63,5.11,53.9,53.9,34.4,55.7,At Risk,Moderate,Humidity Deviation
Mango,27.88,55.39,90.17,12.5,5.84,57.6,13.2,20.2,98.0,Healthy,Low,Optimal Conditions
Mango,21.87,41.39,80.12,28.07,6.02,135.6,41.2,63.7,82.2,Healthy,Low,Humidity Deviation
Mango,14.04,14.25,191.39,35.67,7.38,82.5,61.0,44.2,5.0,High Risk,High,Rainfall Deviation
Mango,45.67,17.73,189.45,30.46,5.02,131.5,64.9,26.2,5.0,High Risk,High,Temperature Deviation
Mango,36.6,63.27,100.08,24.18,5.72,64.2,73.4,67.6,93.6,Healthy,Low,Temperature Deviation
Mango,19.25,16.04,4.73,37.58,7.26,130.6,35.9,45.6,17.8,High Risk,High,Rainfall Deviation
Mango,25.56,57.54,75.8,13.06,7.07,26.3,54.9,41.8,98.0,Healthy,Low,Optimal Conditions
Mango,32.69,53.07,66.46,14.56,6.93,25.8,15.8,83.8,98.0,Healthy,Low,Optimal Conditions
Mango,15.69,16.72,3.26,25.19,6.57,33.8,65.9,32.6,8.2,High Risk,High,Rainfall Deviation
Mango,42.34,93.4,188.59,29.65,7.44,98.1,73.3,114.8,5.0,High Risk,High,Rainfall Deviation
Mango,22.08,87.27,50.31,25.19,5.25,105.3,84.1,95.2,67.4,At Risk,Moderate,Humidity Deviation
Mango,24.96,59.81,97.82,17.29,6.69,37.2,67.1,100.4,98.0,Healthy,Low,Optimal Conditions
Mango,21.98,11.59,2.58,52.36,5.15,87.6,46.3,109.1,5.0,High Risk,High,Rainfall Deviation
Mango,29.31,46.06,105.35,11.65,5.43,123.7,81.5,70.9,93.1,Healthy,Low,Optimal Conditions
Mango,28.96,67.39,60.55,9.42,7.36,132.2,17.4,99.4,98.0,Healthy,Low,Optimal Conditions
Mango,29.19,47.91,96.65,12.66,6.3,65.1,44.3,26.3,97.5,Healthy,Low,Optimal Conditions
Mango,33.57,68.74,62.09,9.51,5.03,33.9,37.6,86.9,98.0,Healthy,Low,Optimal Conditions
Mango,24.83,64.62,73.34,12.79,5.98,93.6,81.3,73.1,98.0,Healthy,Low,Optimal Conditions
Mango,29.6,39.73,66.94,19.7,5.84,123.7,77.6,80.6,87.7,Healthy,Low,Humidity Deviation
Mango,33.99,53.57,52.18,16.95,6.69,49.6,63.7,95.5,98.0,Healthy,Low,Optimal Conditions
Mango,45.41,19.24,175.64,50.0,7.33,49.8,24.5,45.3,5.0,High Risk,High,Temperature Deviation
Mango,45.16,21.39,179.05,45.98,5.73,128.0,56.5,67.0,5.0,High Risk,High,Temperature Deviation
Mango,34.01,69.05,78.13,11.64,6.08,52.2,56.0,28.4,98.0,Healthy,Low,Optimal Conditions
Mango,36.23,92.54,7.65,36.3,6.66,93.9,24.3,92.3,29.7,High Risk,High,Humidity Deviation
Mango,32.17,53.55,82.83,5.4,5.48,126.9,46.9,68.3,98.0,Healthy,Low,Optimal Conditions
Mango,17.54,89.87,7.99,53.71,7.99,112.9,27.7,93.5,5.0,High Risk,High,Humidity Deviation
Mango,26.19,70.46,67.36,24.52,6.63,68.6,61.8,72.8,98.0,Healthy,Low,Optimal Conditions
Mango,25.15,57.73,75.62,12.63,6.28,59.3,38.0,42.9,98.0,Healthy,Low,Optimal Conditions
Mango,23.87,65.62,67.35,10.43,5.75,51.9,17.9,38.7,98.0,Healthy,Low,Optimal Conditions
Mango,34.34,67.21,97.3,6.81,5.08,33.2,83.1,31.5,98.0,Healthy,Low,Optimal Conditions
Mango,39.41,33.0,96.67,30.87,5.51,24.4,24.3,86.8,61.9,At Risk,Moderate,Humidity Deviation
Mango,41.22,52.96,102.59,26.94,7.97,89.3,48.4,88.5,74.1,At Risk,Moderate,Temperature Deviation
Mango,29.37,56.25,58.21,14.15,6.73,111.3,79.8,38.1,98.0,Healthy,Low,Optimal Conditions
Mango,20.6,75.86,33.5,10.26,6.23,97.8,49.6,20.5,67.8,At Risk,Moderate,Temperature Deviation
Mango,29.77,64.76,89.7,12.79,6.94,128.4,15.2,25.4,98.0,Healthy,Low,Optimal Conditions
Mango,39.45,50.31,79.25,19.59,7.68,98.5,39.0,66.5,82.2,Healthy,Low,Temperature Deviation
Mango,40.12,23.96,154.83,43.94,6.96,107.2,76.7,26.6,14.2,High Risk,High,Humidity Deviation
Mango,26.59,39.68,117.07,13.79,6.27,108.9,52.6,86.6,80.8,Healthy,Low,Humidity Deviation
Mango,24.36,50.58,97.14,19.17,5.63,37.7,11.5,39.3,98.0,Healthy,Low,Optimal Conditions
Mango,26.65,65.95,87.47,6.22,7.09,82.5,20.6,92.7,98.0,Healthy,Low,Optimal Conditions
Mango,25.95,52.98,96.95,15.47,6.23,118.7,27.3,112.8,98.0,Healthy,Low,Optimal Conditions
Mango,23.44,43.28,122.96,31.46,6.11,25.4,19.2,52.5,80.8,Healthy,Low,Rainfall Deviation
Mango,15.02,12.19,8.23,56.15,5.39,77.0,89.5,30.6,5.0,High Risk,High,Temperature Deviation
Mango,23.16,83.99,33.37,17.28,5.38,130.2,85.1,78.4,64.4,At Risk,Moderate,Humidity Deviation
Mango,38.36,90.47,189.62,51.0,6.0,100.6,80.6,24.0,5.0,High Risk,High,Rainfall Deviation
Mango,42.61,12.34,2.87,37.68,7.43,84.9,29.1,46.2,5.0,High Risk,High,Rainfall Deviation
Mango,29.7,41.02,59.16,13.33,7.12,95.2,32.1,38.9,89.2,Healthy,Low,Humidity Deviation
Mango,32.04,56.39,63.9,5.34,7.72,110.3,47.8,114.0,98.0,Healthy,Low,Optimal Conditions
Mango,31.42,56.1,65.73,17.67,7.36,55.3,16.5,52.5,98.0,Healthy,Low,Optimal Conditions
Mango,17.94,54.56,81.54,24.35,7.41,85.6,38.6,33.3,78.8,Healthy,Low,Temperature Deviation
Mango,29.75,55.11,88.9,6.98,6.55,79.5,21.1,119.5,98.0,Healthy,Low,Optimal Conditions
Mango,19.14,17.74,227.16,52.51,5.74,111.4,61.9,82.2,5.0,High Risk,High,Rainfall Deviation
Mango,39.91,93.91,4.06,47.26,7.72,102.9,72.7,87.0,5.0,High Risk,High,Humidity Deviation
Mango,46.97,95.48,3.0,46.87,7.31,52.1,57.7,69.5,5.0,High Risk,High,Temperature Deviation
Mango,24.87,55.85,64.0,15.86,7.76,47.7,16.0,120.0,98.0,Healthy,Low,Optimal Conditions
Mango,30.44,75.23,76.3,24.97,7.18,109.1,81.9,95.6,92.2,Healthy,Low,Humidity Deviation
Mango,26.88,69.78,82.61,6.02,6.4,137.7,89.4,60.4,98.0,Healthy,Low,Optimal Conditions
Mango,41.69,23.24,199.19,39.62,6.93,130.3,59.6,105.0,5.0,High Risk,High,Rainfall Deviation
Mango,26.32,69.41,94.37,8.53,6.86,63.5,47.5,105.4,98.0,Healthy,Low,Optimal Conditions
Mango,22.58,81.51,94.58,24.86,5.99,40.5,66.5,18.3,77.8,Healthy,Low,Humidity Deviation
Mango,35.85,69.45,47.51,21.17,5.95,114.0,19.2,98.8,94.9,Healthy,Low,Optimal Conditions
Mango,24.8,50.56,34.84,12.52,7.52,75.1,10.8,112.2,89.4,Healthy,Low,Rainfall Deviation
Mango,24.28,50.34,98.32,20.32,5.99,116.3,22.4,110.9,98.0,Healthy,Low,Optimal Conditions
Mango,29.07,68.58,88.06,6.11,6.73,57.2,50.7,93.0,98.0,Healthy,Low,Optimal Conditions
Mango,17.2,44.33,62.08,25.15,6.31,91.5,87.5,42.9,69.4,At Risk,Moderate,Temperature Deviation
Mango,23.88,86.54,113.17,12.15,7.74,120.9,69.1,42.6,69.5,At Risk,Moderate,Humidity Deviation
Mango,32.43,28.27,52.6,30.52,7.38,114.3,71.1,74.8,73.9,At Risk,Moderate,Humidity Deviation
Mango,10.55,92.87,0.01,26.18,5.13,26.6,18.3,66.1,5.0,High Risk,High,Temperature Deviation
Mango,24.95,29.36,130.05,23.06,7.53,122.4,67.1,35.2,63.2,At Risk,Moderate,Humidity Deviation
Mango,34.11,55.3,62.32,7.49,6.58,101.2,64.1,42.4,98.0,Healthy,Low,Optimal Conditions
Mango,27.41,60.07,80.62,9.06,5.55,121.0,78.6,44.4,98.0,Healthy,Low,Optimal Conditions
Mango,23.74,43.6,61.25,20.54,6.95,84.2,14.7,59.4,91.4,Healthy,Low,Humidity Deviation
Mango,31.28,60.16,56.34,13.13,7.7,60.9,88.6,115.7,98.0,Healthy,Low,Optimal Conditions
Mango,26.01,81.64,72.53,11.8,7.93,24.7,31.6,83.5,82.5,Healthy,Low,Humidity Deviation
Mango,35.73,17.72,171.41,28.7,5.34,121.9,29.6,89.4,38.5,High Risk,High,Humidity Deviation
Mango,25.03,62.19,59.12,5.42,6.4,59.7,74.2,101.0,98.0,Healthy,Low,Optimal Conditions
Mango,33.79,45.61,103.82,15.13,5.46,60.9,74.1,43.8,93.2,Healthy,Low,Humidity Deviation
Mango,30.21,50.67,94.25,15.17,5.77,76.3,69.1,111.1,98.0,Healthy,Low,Optimal Conditions
Mango,11.06,91.56,224.63,36.81,6.15,98.3,24.3,104.5,5.0,High Risk,High,Temperature Deviation
Mango,26.51,55.82,78.12,25.28,7.18,84.9,75.3,36.2,98.0,Healthy,Low,Optimal Conditions
Mango,32.88,62.07,99.72,6.04,5.73,43.9,88.1,106.3,98.0,Healthy,Low,Optimal Conditions
Mango,27.89,51.05,81.63,9.97,5.77,82.8,73.6,57.4,98.0,Healthy,Low,Optimal Conditions
Mango,35.89,41.16,93.28,21.59,7.2,110.8,15.9,99.5,85.8,Healthy,Low,Humidity Deviation
Mango,24.06,65.93,123.25,15.43,6.23,97.0,38.1,15.4,90.7,Healthy,Low,Rainfall Deviation
Mango,32.85,68.88,63.75,18.82,7.6,68.8,10.4,103.7,98.0,Healthy,Low,Optimal Conditions
Mango,32.31,61.43,61.08,14.72,7.29,76.9,69.8,57.5,98.0,Healthy,Low,Optimal Conditions
Mango,12.05,10.04,4.46,55.24,5.29,63.9,84.7,16.2,5.0,High Risk,High,Temperature Deviation
Mango,26.86,60.64,63.94,18.05,7.81,121.9,41.9,118.9,98.0,Healthy,Low,Optimal Conditions
Mango,36.16,73.38,60.05,27.06,5.02,71.7,69.7,70.5,90.3,Healthy,Low,Humidity Deviation
Mango,31.67,65.67,68.13,9.46,6.64,63.9,76.9,96.8,98.0,Healthy,Low,Optimal Conditions
Mango,29.03,67.79,57.37,16.31,5.95,34.3,19.4,44.0,98.0,Healthy,Low,Optimal Conditions
Mango,30.51,35.95,71.89,17.46,7.89,52.3,45.4,25.0,83.1,Healthy,Low,Humidity Deviation
Mango,9.85,23.75,218.16,35.47,6.26,85.4,46.8,17.4,5.0,High Risk,High,Temperature Deviation
Mango,38.62,88.29,217.18,58.51,6.87,103.4,41.7,74.1,5.0,High Risk,High,Rainfall Deviation
Mango,20.78,91.26,75.52,17.26,6.38,47.4,37.0,20.8,56.8,At Risk,Moderate,Humidity Deviation
Mango,14.03,96.98,218.48,30.32,7.06,55.9,20.2,111.4,5.0,High Risk,High,Rainfall Deviation
Mango,40.08,94.66,3.37,57.42,6.05,42.2,73.6,28.6,5.0,High Risk,High,Humidity Deviation
Mango,18.41,74.03,50.73,16.4,5.27,45.0,61.2,38.4,74.4,At Risk,Moderate,Temperature Deviation
Mango,34.14,41.92,36.38,19.07,5.96,127.9,63.1,36.9,80.8,Healthy,Low,Humidity Deviation
Mango,26.94,86.21,55.96,12.51,7.8,85.8,83.9,100.8,75.7,Healthy,Low,Humidity Deviation
Mango,25.46,67.23,76.81,5.3,7.8,76.8,34.1,69.2,98.0,Healthy,Low,Optimal Conditions
Mango,21.37,97.84,4.0,40.87,6.06,116.4,23.4,77.9,14.8,High Risk,High,Humidity Deviation
Mango,29.7,64.29,67.86,10.51,5.23,86.2,43.4,100.3,98.0,Healthy,Low,Optimal Conditions
Mango,34.68,53.44,63.35,10.88,5.51,136.7,61.3,16.2,98.0,Healthy,Low,Optimal Conditions
Mango,29.46,77.24,52.7,29.3,5.21,35.3,81.7,58.6,89.1,Healthy,Low,Humidity Deviation
Mango,25.53,67.65,74.51,7.44,7.68,121.4,11.8,76.0,98.0,Healthy,Low,Optimal Conditions
Mango,29.86,55.59,65.79,14.03,6.62,67.4,18.6,116.8,98.0,Healthy,Low,Optimal Conditions
Mango,30.96,51.65,84.42,6.42,5.69,97.6,32.6,70.9,98.0,Healthy,Low,Optimal Conditions
Mango,26.23,64.68,51.76,6.68,5.64,22.4,17.6,44.5,98.0,Healthy,Low,Optimal Conditions
Mango,33.53,51.32,93.05,17.34,5.3,23.0,14.0,77.0,98.0,Healthy,Low,Optimal Conditions
Mango,29.99,33.94,94.53,23.45,6.46,118.2,12.9,100.7,80.7,Healthy,Low,Humidity Deviation
Mango,24.17,61.91,62.93,15.64,6.41,92.7,65.2,112.3,98.0,Healthy,Low,Optimal Conditions
Mango,40.95,91.24,195.47,29.0,5.23,79.8,71.2,27.9,6.2,High Risk,High,Rainfall Deviation
Mango,24.63,32.79,52.61,15.86,6.19,34.4,30.3,103.3,79.4,Healthy,Low,Humidity Deviation
Mango,31.04,53.19,59.17,19.11,7.52,114.8,36.4,74.1,98.0,Healthy,Low,Optimal Conditions
Mango,36.51,37.67,53.5,13.48,7.86,39.4,70.9,50.8,79.2,Healthy,Low,Humidity Deviation
Mango,26.39,85.71,98.51,11.76,7.97,128.2,25.8,53.1,76.4,Healthy,Low,Humidity Deviation
Mango,47.07,12.24,5.26,54.85,6.92,117.4,38.1,36.9,5.0,High Risk,High,Temperature Deviation
Mango,42.26,89.26,206.86,31.84,6.43,54.5,67.7,85.9,5.0,High Risk,High,Rainfall Deviation
Mango,48.7,17.77,208.79,34.32,5.78,87.4,23.3,33.4,5.0,High Risk,High,Temperature Deviation
Mango,30.75,69.89,94.46,15.59,7.36,70.0,33.8,53.7,98.0,Healthy,Low,Optimal Conditions
Mango,30.97,53.5,88.14,7.85,5.68,134.9,18.4,67.4,98.0,Healthy,Low,Optimal Conditions
Mango,24.99,62.67,81.54,7.9,7.62,104.3,34.0,41.1,98.0,Healthy,Low,Optimal Conditions
Mango,28.73,42.63,45.15,10.41,7.19,132.4,22.6,22.1,87.8,Healthy,Low,Humidity Deviation
Mango,33.35,52.12,85.76,5.94,5.1,127.0,71.6,77.9,98.0,Healthy,Low,Optimal Conditions
Mango,27.07,50.97,82.27,15.29,5.98,60.6,60.3,114.3,98.0,Healthy,Low,Optimal Conditions
Mango,29.43,63.97,67.12,18.03,7.54,100.9,53.0,118.3,98.0,Healthy,Low,Optimal Conditions
Mango,27.76,66.4,34.44,31.35,6.65,128.9,27.3,118.3,89.1,Healthy,Low,Rainfall Deviation
Mango,11.45,89.81,2.84,45.31,6.23,27.7,68.1,67.6,5.0,High Risk,High,Temperature Deviation
Mango,24.93,60.95,65.3,19.2,6.77,54.2,52.3,71.6,98.0,Healthy,Low,Optimal Conditions
Mango,30.53,36.31,64.01,21.21,6.07,36.7,55.6,73.1,83.6,Healthy,Low,Humidity Deviation
Mango,30.6,58.79,90.28,13.39,7.8,82.2,81.0,69.7,98.0,Healthy,Low,Optimal Conditions
Mango,37.04,65.78,111.88,28.22,5.46,134.4,84.4,106.4,87.1,Healthy,Low,Temperature Deviation
Mango,33.26,62.56,60.27,16.62,6.22,55.1,80.3,105.5,98.0,Healthy,Low,Optimal Conditions
Mango,45.34,22.28,8.06,41.13,7.56,120.3,36.9,20.0,5.0,High Risk,High,Temperature Deviation
Mango,32.37,77.17,89.42,14.0,6.51,89.5,56.5,104.9,89.2,Healthy,Low,Humidity Deviation
Mango,27.96,61.86,90.25,11.62,7.99,134.7,20.5,49.9,98.0,Healthy,Low,Optimal Conditions
Mango,27.26,68.69,86.07,19.34,7.62,110.5,65.8,105.9,98.0,Healthy,Low,Optimal Conditions
Mango,35.65,84.93,119.2,23.13,5.6,117.0,34.0,75.6,67.3,At Risk,Moderate,Humidity Deviation
Mango,26.92,40.18,111.46,14.81,7.19,99.1,22.7,35.6,83.6,Healthy,Low,Humidity Deviation
Mango,32.33,50.78,70.35,14.98,5.51,34.3,41.2,45.1,98.0,Healthy,Low,Optimal Conditions
Mango,25.14,46.78,48.59,17.77,5.15,24.3,19.1,118.3,95.1,Healthy,Low,Optimal Conditions
Mango,38.98,39.49,116.17,22.66,7.91,21.9,89.9,87.6,65.0,At Risk,Moderate,Temperature Deviation
Mango,39.68,11.37,216.28,27.22,7.24,70.3,32.0,84.9,11.3,High Risk,High,Rainfall Deviation
Mango,13.83,11.06,2.86,50.11,5.83,29.7,44.0,20.8,5.0,High Risk,High,Temperature Deviation
Mango,36.4,41.93,92.47,31.27,7.53,126.7,21.0,115.7,84.7,Healthy,Low,Humidity Deviation
Mango,24.05,43.64,110.21,17.99,5.66,78.4,12.9,78.0,88.3,Healthy,Low,Humidity Deviation
Mango,30.58,62.28,90.46,8.45,6.39,135.4,68.2,117.4,98.0,Healthy,Low,Optimal Conditions
Mango,22.59,88.51,211.36,40.67,7.1,75.0,62.7,66.3,18.8,High Risk,High,Rainfall Deviation
Mango,27.16,38.18,105.28,31.1,5.62,75.9,89.3,112.8,83.7,Healthy,Low,Humidity Deviation
Mango,27.52,54.84,57.77,11.9,6.02,109.4,28.9,92.3,98.0,Healthy,Low,Optimal Conditions
Mango,30.52,62.77,83.59,7.63,5.85,49.5,56.1,23.0,98.0,Healthy,Low,Optimal Conditions
Mango,31.37,39.42,102.73,21.62,6.47,114.2,89.5,92.2,86.2,Healthy,Low,Humidity Deviation
Mango,31.66,62.32,60.51,8.61,6.96,116.9,71.0,78.7,98.0,Healthy,Low,Optimal Conditions
Mango,12.55,95.91,9.71,56.69,5.42,40.3,37.3,66.6,5.0,High Risk,High,Temperature Deviation
Mango,23.82,93.77,9.31,43.93,5.72,92.3,40.5,82.9,22.5,High Risk,High,Humidity Deviation
Mango,31.87,62.38,73.72,6.45,6.88,123.1,23.7,23.9,98.0,Healthy,Low,Optimal Conditions
Mango,24.35,66.84,86.38,8.03,7.75,36.2,39.9,62.5,98.0,Healthy,Low,Optimal Conditions
Mango,27.82,52.04,89.49,5.7,5.05,107.9,72.5,67.0,98.0,Healthy,Low,Optimal Conditions
Mango,26.6,52.34,74.21,12.37,6.37,113.4,18.0,85.4,98.0,Healthy,Low,Optimal Conditions
Mango,26.65,63.63,59.88,8.46,8.0,126.6,65.8,48.2,98.0,Healthy,Low,Optimal Conditions
Mango,30.58,48.0,74.09,21.82,6.67,97.8,71.0,113.6,97.6,Healthy,Low,Optimal Conditions
Mango,17.6,11.76,229.42,54.79,6.76,103.3,58.3,100.1,5.0,High Risk,High,Rainfall Deviation
Mango,42.88,21.91,6.29,47.95,7.83,21.3,31.6,88.9,5.0,High Risk,High,Temperature Deviation
Mango,15.16,11.8,3.59,54.35,6.95,107.9,73.3,65.7,5.0,High Risk,High,Rainfall Deviation
Mango,11.52,21.32,241.06,27.76,5.98,70.0,44.4,86.1,5.0,High Risk,High,Temperature Deviation
Mango,34.55,53.49,62.43,18.58,5.02,139.0,12.9,27.7,98.0,Healthy,Low,Optimal Conditions
Mango,28.83,60.37,55.24,6.11,5.1,50.8,83.7,55.9,98.0,Healthy,Low,Optimal Conditions
Mango,36.8,90.3,89.26,23.97,5.61,72.9,20.1,86.8,62.3,At Risk,Moderate,Humidity Deviation
Mango,30.24,60.47,84.7,18.43,5.84,91.4,55.9,48.1,98.0,Healthy,Low,Optimal Conditions
Mango,30.65,80.12,104.61,24.23,6.09,109.2,30.3,90.5,83.0,Healthy,Low,Humidity Deviation
Mango,31.94,55.87,63.93,17.17,7.44,103.0,83.9,31.4,98.0,Healthy,Low,Optimal Conditions
Mango,27.23,56.11,66.4,15.46,5.81,54.3,55.6,35.3,98.0,Healthy,Low,Optimal Conditions
Mango,24.64,69.05,65.87,17.75,6.59,47.4,25.5,88.0,98.0,Healthy,Low,Optimal Conditions
Mango,13.46,19.77,156.25,53.84,5.57,135.5,32.0,96.6,5.0,High Risk,High,Temperature Deviation
Mango,34.17,58.56,83.43,17.75,5.85,66.7,35.1,44.7,98.0,Healthy,Low,Optimal Conditions
Mango,24.01,84.09,99.44,25.37,7.36,53.8,38.5,68.5,78.9,Healthy,Low,Humidity Deviation
Mango,35.1,48.7,33.72,12.75,6.46,119.9,70.1,107.5,86.6,Healthy,Low,Rainfall Deviation
Mango,15.52,88.82,2.68,36.22,6.71,29.8,40.1,39.9,7.1,High Risk,High,Rainfall Deviation
Mango,28.38,62.62,81.44,11.2,5.54,89.8,87.3,34.5,98.0,Healthy,Low,Optimal Conditions
Mango,26.91,58.26,65.31,17.52,6.48,49.5,86.0,28.1,98.0,Healthy,Low,Optimal Conditions
Mango,26.7,51.54,87.58,9.69,7.19,111.5,29.0,69.4,98.0,Healthy,Low,Optimal Conditions
Mango,35.42,77.97,86.46,10.76,5.58,60.3,87.8,70.3,86.4,Healthy,Low,Humidity Deviation
Mango,19.88,74.78,45.15,13.56,6.02,116.4,49.3,63.1,75.0,At Risk,Moderate,Temperature Deviation
Mango,25.95,50.86,50.7,12.32,6.23,53.0,89.2,56.8,98.0,Healthy,Low,Optimal Conditions
Mango,28.27,40.29,32.17,26.2,5.27,103.1,78.9,114.8,75.9,Healthy,Low,Rainfall Deviation
Orange,18.87,73.61,107.38,16.61,6.86,106.1,59.1,100.3,98.0,Healthy,Low,Optimal Conditions
Orange,28.36,66.66,114.45,19.05,5.6,114.7,86.6,43.0,98.0,Healthy,Low,Optimal Conditions
Orange,14.73,12.46,7.94,57.4,6.11,120.7,60.3,117.6,5.0,High Risk,High,Rainfall Deviation
Orange,17.55,41.03,30.62,23.91,5.79,29.8,27.9,106.3,64.5,At Risk,Moderate,Rainfall Deviation
Orange,22.02,24.5,5.27,45.54,6.53,127.5,82.9,102.0,22.3,High Risk,High,Rainfall Deviation
Orange,33.56,44.58,133.15,20.58,5.59,40.2,76.9,90.5,76.9,Healthy,Low,Humidity Deviation
Orange,14.06,35.87,87.44,30.6,5.41,133.3,75.9,23.6,63.3,At Risk,Moderate,Humidity Deviation
Orange,19.03,61.6,81.09,13.99,7.44,40.4,36.3,76.6,98.0,Healthy,Low,Optimal Conditions
Orange,27.95,63.07,116.97,14.45,5.91,106.3,77.1,99.1,98.0,Healthy,Low,Optimal Conditions
Orange,23.84,64.04,83.3,9.66,6.88,21.5,33.5,29.9,98.0,Healthy,Low,Optimal Conditions
Orange,21.88,70.24,118.17,12.72,5.85,119.5,15.4,24.8,98.0,Healthy,Low,Optimal Conditions
Orange,24.28,70.96,115.52,12.97,6.24,45.6,46.1,112.0,98.0,Healthy,Low,Optimal Conditions
Orange,20.95,61.75,90.88,13.98,6.08,111.0,56.8,84.8,98.0,Healthy,Low,Optimal Conditions
Orange,31.69,16.18,8.43,33.02,5.01,126.8,20.7,57.3,39.9,High Risk,High,Rainfall Deviation
Orange,20.3,66.98,115.11,12.71,7.43,42.9,77.9,42.0,98.0,Healthy,Low,Optimal Conditions
Orange,19.65,72.27,103.5,10.12,5.87,121.4,84.2,78.3,98.0,Healthy,Low,Optimal Conditions
Orange,18.74,57.53,68.51,9.15,5.64,85.1,85.5,105.5,98.0,Healthy,Low,Optimal Conditions
Orange,19.84,47.11,134.23,18.06,6.58,111.7,24.7,78.1,85.8,Healthy,Low,Humidity Deviation
Orange,14.13,38.15,136.76,24.07,7.47,56.0,26.0,46.3,60.7,At Risk,Moderate,Humidity Deviation
Orange,9.09,89.79,259.62,51.28,5.43,35.7,84.2,87.3,5.0,High Risk,High,Rainfall Deviation
Orange,38.2,87.52,67.26,30.06,5.84,129.6,28.8,112.5,56.4,At Risk,Moderate,Temperature Deviation
Orange,23.24,66.06,80.82,11.75,6.25,78.9,86.9,44.6,98.0,Healthy,Low,Optimal Conditions
Orange,29.73,62.84,64.39,12.22,6.38,94.1,28.8,117.2,98.0,Healthy,Low,Optimal Conditions
Orange,25.52,52.16,148.54,17.07,7.25,100.4,23.0,19.8,87.1,Healthy,Low,Rainfall Deviation
Orange,29.02,67.36,91.63,5.06,6.09,38.9,46.4,119.1,98.0,Healthy,Low,Optimal Conditions
Orange,45.2,17.03,240.68,37.35,5.12,100.4,37.0,92.5,5.0,High Risk,High,Temperature Deviation
Orange,18.64,62.59,73.12,8.21,5.94,137.4,86.8,99.4,98.0,Healthy,Low,Optimal Conditions
Orange,28.7,55.31,63.38,17.54,6.41,64.8,69.2,27.0,98.0,Healthy,Low,Optimal Conditions
Orange,28.19,59.14,96.04,11.71,5.51,126.6,44.8,77.9,98.0,Healthy,Low,Optimal Conditions
Orange,22.86,55.98,88.99,10.17,5.82,126.8,66.3,63.0,98.0,Healthy,Low,Optimal Conditions
Orange,31.63,56.5,68.17,9.05,7.39,53.5,49.3,94.9,98.0,Healthy,Low,Optimal Conditions
Orange,41.83,24.03,2.77,58.52,6.74,58.9,63.6,103.8,5.0,High Risk,High,Temperature Deviation
Orange,29.81,24.08,1.11,38.28,5.93,97.8,57.9,21.3,30.7,High Risk,High,Rainfall Deviation
Orange,33.41,88.08,4.41,38.99,7.46,115.4,70.0,43.8,36.3,High Risk,High,Rainfall Deviation
Orange,25.81,92.73,111.39,13.02,6.69,122.2,61.9,42.3,73.4,At Risk,Moderate,Humidity Deviation
Orange,18.97,67.22,117.2,15.43,6.83,59.5,56.9,48.2,98.0,Healthy,Low,Optimal Conditions
Orange,6.8,88.4,259.6,28.71,5.02,50.7,54.1,22.9,5.0,High Risk,High,Rainfall Deviation
Orange,33.58,52.37,77.25,15.9,6.25,91.7,43.5,21.9,90.5,Healthy,Low,Temperature Deviation
Orange,24.16,70.96,65.08,8.09,5.67,87.1,13.5,105.3,98.0,Healthy,Low,Optimal Conditions
Orange,25.13,88.72,114.33,26.39,6.12,111.2,28.6,59.1,79.4,Healthy,Low,Humidity Deviation
Orange,21.49,61.29,79.38,19.33,6.33,75.4,50.3,119.6,98.0,Healthy,Low,Optimal Conditions
Orange,30.25,55.94,49.16,26.36,6.72,89.5,61.0,76.4,93.7,Healthy,Low,Rainfall Deviation
Orange,37.52,93.98,239.51,32.15,6.33,111.0,56.4,38.3,9.6,High Risk,High,Rainfall Deviation
Orange,18.52,63.53,85.97,8.55,6.91,66.4,63.6,82.2,98.0,Healthy,Low,Optimal Conditions
Orange,29.01,82.9,85.21,22.42,7.14,29.4,78.5,35.8,88.1,Healthy,Low,Humidity Deviation
Orange,22.48,61.75,115.12,11.62,5.67,55.3,74.3,71.6,98.0,Healthy,Low,Optimal Conditions
Orange,30.98,73.6,105.37,12.77,5.29,105.0,75.2,104.5,98.0,Healthy,Low,Optimal Conditions
Orange,32.02,55.58,76.26,18.99,5.2,101.9,59.0,82.5,98.0,Healthy,Low,Optimal Conditions
Orange,30.67,12.24,265.64,32.57,7.08,66.0,48.6,91.9,30.0,High Risk,High,Rainfall Deviation
Orange,21.67,58.1,106.08,6.46,6.22,110.0,50.6,68.4,98.0,Healthy,Low,Optimal Conditions
Orange,28.96,67.08,100.05,16.49,6.4,81.0,63.1,109.5,98.0,Healthy,Low,Optimal Conditions
Orange,27.59,52.07,58.85,19.0,5.01,52.5,49.9,94.9,95.8,Healthy,Low,Optimal Conditions
Orange,29.41,70.79,111.09,20.65,5.06,29.4,28.2,99.7,98.0,Healthy,Low,Optimal Conditions
Orange,28.07,56.2,132.51,12.4,6.47,96.0,80.8,105.3,95.8,Healthy,Low,Optimal Conditions
Orange,30.13,56.02,69.25,6.67,5.45,116.4,64.9,87.1,98.0,Healthy,Low,Optimal Conditions
Orange,9.02,11.24,278.66,38.06,7.17,58.6,68.6,85.1,5.0,High Risk,High,Rainfall Deviation
Orange,19.74,57.23,99.05,5.19,6.65,113.8,34.2,93.3,98.0,Healthy,Low,Optimal Conditions
Orange,31.45,59.64,89.3,19.71,7.27,99.1,39.5,88.5,98.0,Healthy,Low,Optimal Conditions
Orange,26.15,52.2,56.16,10.35,5.03,95.3,15.9,92.4,94.4,Healthy,Low,Optimal Conditions
Orange,29.86,52.45,117.15,21.17,5.53,111.6,54.2,41.8,96.9,Healthy,Low,Optimal Conditions
Orange,22.11,68.99,95.71,17.33,6.43,56.8,87.0,108.0,98.0,Healthy,Low,Optimal Conditions
Orange,30.78,69.4,84.88,12.0,6.12,115.6,24.0,21.2,98.0,Healthy,Low,Optimal Conditions
Orange,16.23,94.26,65.35,20.21,5.89,53.3,24.9,106.7,64.9,At Risk,Moderate,Humidity Deviation
Orange,5.87,97.64,2.19,46.1,7.1,87.9,20.4,47.1,5.0,High Risk,High,Temperature Deviation
Orange,22.85,78.74,127.86,28.25,7.27,82.0,43.2,102.2,91.8,Healthy,Low,Humidity Deviation
Orange,31.47,79.93,100.7,19.34,7.01,23.6,54.6,36.4,92.6,Healthy,Low,Humidity Deviation
Orange,23.34,60.77,63.25,31.33,5.3,123.9,41.3,55.6,98.0,Healthy,Low,Optimal Conditions
Orange,19.75,64.57,107.24,18.13,7.41,114.2,59.8,67.2,98.0,Healthy,Low,Optimal Conditions
Orange,27.97,91.24,258.31,52.12,6.06,28.1,41.5,108.0,10.6,High Risk,High,Rainfall Deviation
Orange,30.53,68.13,119.74,18.74,7.17,24.5,32.4,54.3,98.0,Healthy,Low,Optimal Conditions
Orange,22.52,76.46,98.68,15.64,5.97,43.5,58.3,73.6,97.8,Healthy,Low,Optimal Conditions
Orange,22.12,63.68,77.47,8.32,5.88,92.3,61.9,46.2,98.0,Healthy,Low,Optimal Conditions
Orange,43.77,92.96,202.09,53.19,7.31,73.0,41.1,78.0,5.0,High Risk,High,Temperature Deviation
Orange,25.74,76.2,59.11,21.0,7.33,88.3,48.6,106.3,97.7,Healthy,Low,Optimal Conditions
Orange,27.18,57.26,109.19,16.89,6.26,99.3,71.8,65.7,98.0,Healthy,Low,Optimal Conditions
Orange,37.73,93.07,2.96,42.94,5.35,100.6,60.3,80.3,5.0,High Risk,High,Rainfall Deviation
Orange,35.5,46.77,66.82,15.26,6.34,56.0,67.8,113.4,76.1,Healthy,Low,Temperature Deviation
Orange,34.34,43.31,75.6,22.22,7.13,82.2,89.0,29.0,76.6,Healthy,Low,Humidity Deviation
Orange,18.26,40.41,86.74,19.02,5.55,34.0,11.0,59.9,82.5,Healthy,Low,Humidity Deviation
Orange,27.75,74.53,72.41,8.65,5.84,75.9,65.8,52.0,98.0,Healthy,Low,Optimal Conditions
Orange,28.22,70.89,74.86,7.05,6.32,45.0,39.9,96.6,98.0,Healthy,Low,Optimal Conditions
Orange,29.29,68.48,73.18,12.9,6.54,44.0,21.6,70.8,98.0,Healthy,Low,Optimal Conditions
Orange,32.71,87.85,44.02,20.1,5.87,62.8,22.5,84.3,68.6,At Risk,Moderate,Humidity Deviation
Orange,23.09,66.97,45.7,10.84,6.61,43.4,54.2,55.4,91.7,Healthy,Low,Rainfall Deviation
Orange,29.66,42.8,72.06,10.82,5.39,22.6,52.8,66.6,85.4,Healthy,Low,Humidity Deviation
Orange,27.8,67.52,96.02,10.04,5.82,124.8,53.5,43.6,98.0,Healthy,Low,Optimal Conditions
Orange,23.96,45.88,37.83,24.93,5.4,67.1,15.4,101.0,76.1,Healthy,Low,Rainfall Deviation
Orange,17.44,78.65,62.97,17.6,5.58,41.4,35.1,28.2,92.6,Healthy,Low,Humidity Deviation
Orange,28.87,56.28,86.36,11.07,7.4,75.9,22.9,24.3,98.0,Healthy,Low,Optimal Conditions
Orange,30.96,84.71,61.42,10.61,6.0,40.1,32.1,41.5,85.4,Healthy,Low,Humidity Deviation
Orange,24.45,65.45,94.26,11.93,7.17,24.5,59.1,105.9,98.0,Healthy,Low,Optimal Conditions
Orange,24.95,66.78,71.45,8.79,6.96,88.1,35.3,95.3,98.0,Healthy,Low,Optimal Conditions
Orange,21.16,52.43,154.43,17.6,6.42,117.3,24.9,102.1,85.4,Healthy,Low,Rainfall Deviation
Orange,21.93,40.59,103.95,24.22,6.39,112.1,18.8,61.6,82.7,Healthy,Low,Humidity Deviation
Orange,39.83,23.29,299.12,37.04,5.04,31.7,38.3,115.1,5.0,High Risk,High,Rainfall Deviation
Orange,21.81,74.88,88.84,8.93,6.54,72.3,78.7,15.8,98.0,Healthy,Low,Optimal Conditions
Orange,40.31,12.34,8.55,58.18,6.77,46.1,68.1,88.1,5.0,High Risk,High,Temperature Deviation
Orange,18.44,47.06,85.08,28.34,6.48,45.8,87.6,92.4,90.5,Healthy,Low,Humidity Deviation
Orange,31.47,49.04,109.84,31.22,6.89,56.0,85.5,96.8,92.9,Healthy,Low,Humidity Deviation
Orange,26.45,63.53,65.8,17.09,5.48,75.0,66.2,112.9,98.0,Healthy,Low,Optimal Conditions
Orange,23.51,67.29,106.76,18.81,5.0,95.3,10.6,97.7,98.0,Healthy,Low,Optimal Conditions
Orange,30.52,58.1,105.86,9.34,6.39,93.0,26.5,46.4,98.0,Healthy,Low,Optimal Conditions
Orange,18.07,59.79,90.96,15.7,6.98,28.4,31.8,95.9,98.0,Healthy,Low,Optimal Conditions
Orange,23.97,59.51,61.23,12.39,5.04,60.8,30.4,41.3,98.0,Healthy,Low,Optimal Conditions
Orange,18.28,19.16,231.98,28.22,5.26,67.2,47.8,36.0,32.7,High Risk,High,Rainfall Deviation
Orange,18.31,70.29,89.1,17.65,5.9,104.4,49.1,79.3,98.0,Healthy,Low,Optimal Conditions
Orange,19.14,73.95,110.17,9.68,7.4,56.1,45.4,94.3,98.0,Healthy,Low,Optimal Conditions
Orange,22.54,63.2,88.1,6.85,5.04,130.3,38.3,25.7,98.0,Healthy,Low,Optimal Conditions
Orange,29.6,80.92,42.88,14.26,7.29,120.7,62.8,51.7,81.1,Healthy,Low,Rainfall Deviation
Orange,25.96,80.81,71.44,13.99,5.62,51.1,85.2,57.7,91.3,Healthy,Low,Humidity Deviation
Orange,21.43,88.16,38.05,24.97,6.17,99.4,40.4,45.9,67.5,At Risk,Moderate,Humidity Deviation
Orange,27.7,90.38,84.04,19.09,5.67,40.2,82.7,59.8,76.9,Healthy,Low,Humidity Deviation
Orange,39.35,18.85,235.38,39.19,5.78,101.8,67.4,118.3,5.0,High Risk,High,Rainfall Deviation
Orange,18.79,70.26,62.13,13.82,6.97,123.3,29.9,27.9,98.0,Healthy,Low,Optimal Conditions
Orange,26.61,55.94,155.48,25.2,7.16,43.4,16.3,50.0,88.2,Healthy,Low,Rainfall Deviation
Orange,27.31,71.81,77.81,11.37,5.26,69.5,27.2,55.2,98.0,Healthy,Low,Optimal Conditions
Orange,29.32,55.08,80.32,19.54,6.7,112.7,78.8,53.0,98.0,Healthy,Low,Optimal Conditions
Orange,23.75,68.05,82.25,11.72,7.06,24.3,36.8,66.3,98.0,Healthy,Low,Optimal Conditions
Orange,24.24,63.04,115.43,12.4,6.19,50.5,13.7,46.4,98.0,Healthy,Low,Optimal Conditions
Orange,29.57,59.09,114.67,18.29,6.66,123.5,80.2,96.5,98.0,Healthy,Low,Optimal Conditions
Orange,27.24,82.09,121.63,24.89,7.11,127.9,47.4,118.2,88.8,Healthy,Low,Humidity Deviation
Orange,16.85,94.24,184.25,41.82,6.85,59.6,19.4,48.2,35.5,High Risk,High,Humidity Deviation
Orange,30.69,43.47,152.43,11.77,5.97,124.5,69.1,113.2,75.4,Healthy,Low,Humidity Deviation
Orange,30.08,70.84,108.9,13.96,5.13,84.7,42.6,70.3,98.0,Healthy,Low,Optimal Conditions
Orange,27.94,66.35,94.73,20.08,5.99,39.7,23.1,62.3,98.0,Healthy,Low,Optimal Conditions
Orange,22.13,56.42,77.84,13.01,6.86,119.6,37.0,113.6,98.0,Healthy,Low,Optimal Conditions
Orange,19.13,73.5,92.39,10.27,7.25,113.1,76.6,45.7,98.0,Healthy,Low,Optimal Conditions
Orange,36.88,21.25,259.92,51.75,5.31,70.2,60.3,87.6,5.0,High Risk,High,Rainfall Deviation
Orange,17.58,79.72,119.58,19.34,6.08,78.5,35.6,28.7,91.5,Healthy,Low,Humidity Deviation
Orange,13.95,17.16,293.11,40.71,6.43,85.6,56.0,89.0,7.3,High Risk,High,Rainfall Deviation
Orange,25.73,82.47,102.82,22.02,6.66,86.0,30.5,111.4,88.8,Healthy,Low,Humidity Deviation
Orange,24.43,74.35,112.1,17.09,5.46,120.6,46.4,37.0,98.0,Healthy,Low,Optimal Conditions
Orange,40.62,88.43,9.12,56.0,6.59,112.1,61.6,16.8,5.0,High Risk,High,Temperature Deviation
Orange,36.71,50.67,55.3,25.29,6.27,84.1,43.3,32.5,73.2,At Risk,Moderate,Temperature Deviation
Orange,22.12,64.37,109.45,11.7,7.24,34.5,31.7,22.4,98.0,Healthy,Low,Optimal Conditions
Orange,16.32,80.54,146.21,14.79,6.49,98.6,68.1,118.8,77.1,Healthy,Low,Rainfall Deviation
Orange,20.58,74.43,65.58,24.98,6.24,125.9,76.8,29.2,98.0,Healthy,Low,Optimal Conditions
Orange,23.93,55.56,110.51,28.46,6.5,72.3,80.6,35.7,98.0,Healthy,Low,Optimal Conditions
Orange,25.91,60.83,119.86,11.78,5.13,41.1,52.6,72.8,98.0,Healthy,Low,Optimal Conditions
Orange,35.96,19.04,250.48,43.94,6.78,45.8,72.2,76.6,5.0,High Risk,High,Rainfall Deviation
Orange,20.28,59.91,105.55,8.76,6.71,85.5,53.7,104.5,98.0,Healthy,Low,Optimal Conditions
Orange,33.2,21.05,8.35,38.07,5.84,137.6,44.6,86.2,30.5,High Risk,High,Rainfall Deviation
Orange,34.38,45.17,124.67,13.78,6.35,42.2,38.4,113.2,77.1,Healthy,Low,Humidity Deviation
Orange,32.3,19.73,9.78,38.84,5.08,89.1,37.1,62.1,33.7,High Risk,High,Humidity Deviation
Orange,17.01,48.73,127.2,21.23,7.34,35.7,11.1,69.8,86.6,Healthy,Low,Humidity Deviation
Orange,17.8,91.73,46.75,26.7,5.22,126.5,24.0,117.9,66.5,At Risk,Moderate,Humidity Deviation
Orange,31.33,93.39,201.83,35.2,6.62,31.7,36.6,117.8,44.8,High Risk,High,Humidity Deviation
Orange,31.53,57.1,107.64,11.6,5.49,114.5,10.6,51.4,98.0,Healthy,Low,Optimal Conditions
Orange,35.82,86.24,90.61,11.45,7.47,68.1,23.7,113.2,67.8,At Risk,Moderate,Humidity Deviation
Orange,24.58,70.4,79.01,12.93,6.75,134.2,18.2,31.5,98.0,Healthy,Low,Optimal Conditions
Orange,17.46,91.08,87.67,26.8,6.19,28.8,20.0,81.0,74.0,At Risk,Moderate,Humidity Deviation
Orange,38.45,44.69,130.16,11.11,5.5,44.2,23.7,84.2,58.4,At Risk,Moderate,Temperature Deviation
Orange,12.47,13.16,3.59,34.15,7.27,77.1,54.3,26.6,17.7,High Risk,High,Rainfall Deviation
Orange,30.42,73.0,103.81,13.18,7.33,124.6,77.7,107.6,98.0,Healthy,Low,Optimal Conditions
Orange,28.02,75.27,89.51,19.32,5.6,33.8,26.7,75.1,98.0,Healthy,Low,Optimal Conditions
Orange,27.16,62.64,113.21,13.38,6.56,86.8,80.8,21.7,98.0,Healthy,Low,Optimal Conditions
Orange,27.82,70.36,86.02,10.28,5.69,48.1,83.0,46.0,98.0,Healthy,Low,Optimal Conditions
Orange,25.24,53.92,87.34,20.09,6.08,67.6,80.9,41.4,98.0,Healthy,Low,Optimal Conditions
Orange,40.01,88.97,1.18,31.72,5.27,122.7,24.3,106.5,12.7,High Risk,High,Rainfall Deviation
Orange,33.71,24.3,0.7,55.91,5.72,138.5,53.8,65.0,5.0,High Risk,High,Rainfall Deviation
Orange,5.42,17.02,6.19,45.88,6.79,121.1,51.9,103.8,5.0,High Risk,High,Temperature Deviation
Orange,34.01,82.03,58.22,28.63,6.25,78.7,54.3,28.4,80.4,Healthy,Low,Humidity Deviation
Orange,21.59,32.28,138.28,31.0,5.4,128.2,48.6,39.8,66.6,At Risk,Moderate,Humidity Deviation
Orange,37.0,88.85,5.72,27.52,6.27,82.2,28.2,19.8,27.6,High Risk,High,Rainfall Deviation
Orange,21.23,68.76,74.03,10.1,5.12,94.9,47.9,51.2,98.0,Healthy,Low,Optimal Conditions
Orange,19.81,74.66,43.24,19.97,5.68,108.9,34.6,90.7,90.2,Healthy,Low,Rainfall Deviation
Orange,21.22,71.12,82.27,6.68,7.4,41.3,22.0,52.6,98.0,Healthy,Low,Optimal Conditions
Orange,20.18,71.93,70.29,6.67,7.2,73.3,22.6,76.1,98.0,Healthy,Low,Optimal Conditions
Orange,23.98,66.81,117.43,9.9,6.91,35.9,44.7,38.4,98.0,Healthy,Low,Optimal Conditions
Orange,26.41,77.26,65.56,22.58,5.15,21.8,18.4,49.3,96.6,Healthy,Low,Optimal Conditions
Orange,27.86,86.86,91.2,18.99,6.39,81.7,42.5,97.7,82.2,Healthy,Low,Humidity Deviation
Orange,34.69,80.08,126.91,10.96,5.4,80.8,70.3,78.1,79.3,Healthy,Low,Temperature Deviation
Orange,16.41,90.09,244.41,29.08,7.36,31.4,57.8,111.7,31.8,High Risk,High,Rainfall Deviation
Orange,27.0,46.43,140.73,14.37,6.12,93.5,17.8,37.3,82.8,Healthy,Low,Humidity Deviation
Orange,20.81,48.51,49.65,10.17,6.06,68.1,43.8,79.3,86.2,Healthy,Low,Humidity Deviation
Orange,21.77,64.96,95.54,13.51,7.2,112.3,14.2,74.2,98.0,Healthy,Low,Optimal Conditions
Orange,23.05,74.16,87.41,15.79,7.42,38.1,14.4,47.9,98.0,Healthy,Low,Optimal Conditions
Orange,19.63,74.83,117.61,15.37,6.88,36.9,57.6,31.2,98.0,Healthy,Low,Optimal Conditions
Orange,22.83,67.28,64.78,6.55,6.52,96.3,37.2,30.4,98.0,Healthy,Low,Optimal Conditions
Orange,30.77,23.28,8.04,40.56,7.2,96.6,89.9,110.1,31.3,High Risk,High,Rainfall Deviation
Orange,18.55,55.1,98.65,18.74,6.11,124.9,55.3,25.3,98.0,Healthy,Low,Optimal Conditions
Orange,22.71,85.51,84.92,10.88,6.81,57.7,11.9,101.7,84.2,Healthy,Low,Humidity Deviation
Orange,21.0,61.81,107.3,14.37,5.66,40.2,18.8,30.7,98.0,Healthy,Low,Optimal Conditions
Orange,37.37,10.36,281.48,33.98,6.6,67.1,47.3,36.7,8.5,High Risk,High,Rainfall Deviation
Orange,22.83,68.66,105.99,13.89,5.98,90.0,66.4,94.3,98.0,Healthy,Low,Optimal Conditions
Orange,29.24,56.27,112.23,10.88,6.37,54.8,44.1,103.7,98.0,Healthy,Low,Optimal Conditions
Orange,25.9,67.94,68.78,16.67,7.5,38.6,71.4,30.4,98.0,Healthy,Low,Optimal Conditions
Orange,46.5,24.12,269.75,33.99,7.24,41.6,58.8,98.9,5.0,High Risk,High,Temperature Deviation
Orange,23.19,82.56,77.29,26.07,7.05,54.7,63.5,36.6,88.7,Healthy,Low,Humidity Deviation
Orange,26.11,70.66,64.97,7.72,5.23,96.1,16.4,24.8,98.0,Healthy,Low,Optimal Conditions
Orange,21.78,66.15,61.93,14.23,6.03,41.4,62.3,49.6,98.0,Healthy,Low,Optimal Conditions
Orange,43.75,95.6,0.53,32.57,6.67,45.4,57.5,85.2,5.0,High Risk,High,Temperature Deviation
Orange,18.1,32.21,51.08,10.35,5.81,120.4,69.5,22.1,67.4,At Risk,Moderate,Humidity Deviation
Orange,7.51,90.35,7.11,59.48,6.52,86.6,64.6,45.4,5.0,High Risk,High,Temperature Deviation
Orange,21.51,58.52,115.41,17.78,5.79,120.3,26.9,36.0,98.0,Healthy,Low,Optimal Conditions
Orange,26.8,41.48,157.6,10.51,5.03,45.2,73.9,24.4,71.2,At Risk,Moderate,Humidity Deviation
Orange,20.94,57.92,39.82,27.72,5.94,111.6,27.7,95.2,88.2,Healthy,Low,Rainfall Deviation
Orange,24.87,57.27,91.67,17.31,6.89,26.1,49.4,104.5,98.0,Healthy,Low,Optimal Conditions
Orange,28.58,56.05,45.14,17.27,5.87,24.5,85.4,35.6,91.3,Healthy,Low,Rainfall Deviation
Orange,25.73,55.95,110.27,18.14,5.99,136.6,35.9,42.3,98.0,Healthy,Low,Optimal Conditions
Orange,37.96,94.32,7.21,47.46,6.82,82.4,82.0,63.7,5.0,High Risk,High,Rainfall Deviation
Orange,29.4,73.53,147.99,13.92,5.88,22.0,14.0,52.2,90.7,Healthy,Low,Rainfall Deviation
Orange,38.88,80.18,40.06,11.21,5.6,24.5,78.0,66.4,53.1,At Risk,Moderate,Temperature Deviation
Orange,12.34,91.29,277.98,40.12,6.9,139.0,57.1,93.9,8.1,High Risk,High,Rainfall Deviation
Orange,30.05,63.41,116.11,16.15,6.77,54.8,73.7,26.1,98.0,Healthy,Low,Optimal Conditions
Orange,34.12,58.1,82.02,18.83,6.9,83.0,84.9,49.4,91.5,Healthy,Low,Temperature Deviation
Orange,31.58,69.75,106.35,9.44,6.33,57.6,30.8,71.2,98.0,Healthy,Low,Optimal Conditions
Orange,34.35,16.4,281.25,45.37,5.6,44.3,66.8,27.8,5.1,High Risk,High,Rainfall Deviation
Orange,31.17,60.07,79.4,14.5,6.1,87.1,21.6,85.6,98.0,Healthy,Low,Optimal Conditions
Orange,28.47,65.47,108.97,7.59,5.94,121.6,73.9,116.4,98.0,Healthy,Low,Optimal Conditions
Orange,25.55,55.36,117.91,7.63,7.26,101.4,84.9,41.1,98.0,Healthy,Low,Optimal Conditions
Orange,20.3,63.45,116.85,13.57,6.04,59.0,56.8,90.9,98.0,Healthy,Low,Optimal Conditions
Orange,21.23,66.7,81.93,19.91,6.1,72.1,77.2,41.4,98.0,Healthy,Low,Optimal Conditions
Orange,29.95,66.78,75.61,10.14,6.06,101.6,47.5,56.6,98.0,Healthy,Low,Optimal Conditions
Orange,24.36,88.57,31.48,19.41,6.63,104.5,81.4,103.3,63.0,At Risk,Moderate,Humidity Deviation
Orange,26.52,66.93,78.22,7.76,5.5,41.3,74.5,30.6,98.0,Healthy,Low,Optimal Conditions
Orange,21.05,69.26,69.5,5.36,5.94,56.6,41.8,94.2,98.0,Healthy,Low,Optimal Conditions
Orange,18.53,60.11,113.35,7.54,7.49,116.7,46.5,93.5,98.0,Healthy,Low,Optimal Conditions
Orange,34.74,56.42,37.3,16.49,5.66,121.8,61.3,113.7,75.8,Healthy,Low,Rainfall Deviation
Orange,18.73,68.52,76.0,15.19,6.81,56.5,86.2,96.3,98.0,Healthy,Low,Optimal Conditions
Orange,23.77,69.32,78.24,9.43,6.56,36.2,89.5,45.2,98.0,Healthy,Low,Optimal Conditions
Orange,21.14,67.87,63.63,18.92,5.76,131.3,30.3,68.9,98.0,Healthy,Low,Optimal Conditions
Orange,19.22,78.72,67.24,25.38,6.13,124.5,43.9,76.3,94.4,Healthy,Low,Humidity Deviation
Orange,25.18,59.46,73.51,9.2,5.11,39.6,43.9,28.8,98.0,Healthy,Low,Optimal Conditions
Orange,31.55,63.54,84.22,9.02,6.28,91.5,43.5,56.3,98.0,Healthy,Low,Optimal Conditions
Orange,38.88,35.36,60.33,11.69,5.23,135.6,85.5,73.6,48.9,High Risk,High,Temperature Deviation
Orange,26.17,70.27,60.5,17.34,6.16,75.6,44.7,87.6,98.0,Healthy,Low,Optimal Conditions
Orange,26.49,55.88,108.68,17.23,5.78,32.7,69.8,64.4,98.0,Healthy,Low,Optimal Conditions
Orange,33.4,17.48,289.25,42.14,5.74,21.3,58.8,75.6,13.7,High Risk,High,Rainfall Deviation
Orange,24.15,50.35,67.94,21.72,6.3,77.0,29.6,83.7,94.4,Healthy,Low,Humidity Deviation
Orange,21.89,38.43,143.99,17.78,7.34,64.2,13.2,82.0,72.1,At Risk,Moderate,Humidity Deviation
Orange,20.15,73.69,98.23,19.11,6.46,27.7,12.4,109.6,98.0,Healthy,Low,Optimal Conditions
Orange,26.61,60.96,101.26,9.27,5.09,107.7,34.9,72.8,98.0,Healthy,Low,Optimal Conditions
Orange,35.8,91.08,49.62,26.84,5.84,134.7,59.9,65.7,54.6,At Risk,Moderate,Humidity Deviation
Orange,21.35,68.0,95.52,10.37,7.29,111.4,30.8,114.1,98.0,Healthy,Low,Optimal Conditions
Orange,14.43,46.57,32.35,24.93,7.24,80.5,49.5,119.1,61.3,At Risk,Moderate,Rainfall Deviation
Orange,21.23,82.58,64.25,13.78,7.35,112.7,12.7,67.7,88.6,Healthy,Low,Humidity Deviation
Orange,22.0,96.78,95.86,10.27,5.7,73.7,35.5,73.0,67.3,At Risk,Moderate,Humidity Deviation
Orange,39.52,89.21,56.41,31.21,5.92,78.9,29.9,41.6,46.5,High Risk,High,Temperature Deviation
Orange,30.95,62.93,93.14,13.19,6.46,118.4,82.1,36.9,98.0,Healthy,Low,Optimal Conditions
Orange,40.27,24.78,226.17,57.59,6.57,80.8,59.6,16.4,5.0,High Risk,High,Rainfall Deviation
Orange,23.37,88.28,120.73,15.39,7.14,125.9,38.5,35.5,79.8,Healthy,Low,Humidity Deviation
Orange,34.61,47.17,107.5,22.06,5.23,42.8,53.0,116.1,80.2,Healthy,Low,Temperature Deviation
Orange,30.77,72.97,111.43,10.66,6.23,68.4,85.8,69.7,98.0,Healthy,Low,Optimal Conditions
Orange,21.84,64.24,117.21,13.53,6.74,30.6,80.2,71.6,98.0,Healthy,Low,Optimal Conditions
Orange,32.57,92.49,0.67,48.08,6.82,21.3,20.7,52.6,17.2,High Risk,High,Rainfall Deviation
Orange,26.83,82.09,140.07,16.67,6.57,92.2,41.3,45.2,82.7,Healthy,Low,Humidity Deviation
Orange,21.04,68.06,113.15,10.77,5.3,21.5,42.5,39.4,98.0,Healthy,Low,Optimal Conditions
Orange,21.38,68.28,98.31,18.68,6.75,39.8,70.1,34.0,98.0,Healthy,Low,Optimal Conditions
Orange,30.51,49.56,139.18,29.1,6.93,45.1,27.3,42.2,87.1,Healthy,Low,Humidity Deviation
Orange,11.08,88.64,251.42,29.08,6.59,52.3,62.1,63.0,15.3,High Risk,High,Rainfall Deviation
Orange,21.46,59.39,69.88,12.03,7.39,99.0,76.9,118.0,98.0,Healthy,Low,Optimal Conditions
Orange,29.62,92.4,113.07,22.71,5.47,58.9,24.3,103.7,73.9,At Risk,Moderate,Humidity Deviation
Orange,24.57,50.96,118.66,28.29,5.65,34.9,85.9,89.0,95.1,Healthy,Low,Optimal Conditions
Orange,29.48,70.74,110.25,9.14,6.12,103.2,41.3,22.3,98.0,Healthy,Low,Optimal Conditions
Orange,26.36,62.5,60.32,16.5,6.04,57.7,67.1,62.8,98.0,Healthy,Low,Optimal Conditions
Orange,16.18,85.18,27.35,21.36,6.03,112.1,67.8,114.8,59.3,At Risk,Moderate,Rainfall Deviation
Orange,30.13,90.72,270.63,56.35,6.45,62.2,51.1,42.4,11.4,High Risk,High,Rainfall Deviation
Orange,25.31,75.81,136.41,14.11,6.56,27.8,54.2,29.8,93.3,Healthy,Low,Rainfall Deviation
Orange,25.79,92.95,41.76,28.59,7.31,100.3,18.3,50.9,62.4,At Risk,Moderate,Humidity Deviation
Orange,13.06,95.76,0.48,44.38,5.1,128.1,44.3,109.6,5.0,High Risk,High,Rainfall Deviation
Orange,20.27,73.17,116.3,16.5,5.56,40.6,69.8,81.7,98.0,Healthy,Low,Optimal Conditions
Orange,8.8,21.58,260.3,58.98,5.68,126.5,84.2,90.6,5.0,High Risk,High,Rainfall Deviation
Orange,42.61,20.75,5.41,41.7,7.36,64.3,67.8,85.4,5.0,High Risk,High,Temperature Deviation
Orange,19.81,40.14,90.46,15.29,6.86,41.2,62.9,109.0,82.2,Healthy,Low,Humidity Deviation
Orange,31.72,55.59,60.68,17.86,6.77,32.7,85.0,85.6,98.0,Healthy,Low,Optimal Conditions
Orange,30.05,64.62,76.69,17.38,6.85,94.8,81.9,105.4,98.0,Healthy,Low,Optimal Conditions
Orange,30.3,62.48,85.91,19.58,6.9,58.6,61.8,71.6,98.0,Healthy,Low,Optimal Conditions
Orange,30.43,71.44,106.66,13.39,5.55,126.1,38.2,17.1,98.0,Healthy,Low,Optimal Conditions
Orange,10.97,10.97,264.98,44.02,7.46,120.5,74.9,35.3,5.0,High Risk,High,Rainfall Deviation
Orange,21.08,98.9,7.07,29.66,5.32,124.0,44.6,73.8,34.1,High Risk,High,Humidity Deviation
Orange,15.6,98.65,6.8,55.78,5.08,126.0,50.6,97.5,5.0,High Risk,High,Humidity Deviation
Orange,36.24,21.12,9.49,28.91,5.82,85.0,66.1,91.7,23.6,High Risk,High,Humidity Deviation
Orange,18.19,68.88,114.55,16.96,6.56,137.3,44.6,70.1,98.0,Healthy,Low,Optimal Conditions
Orange,31.24,66.67,83.45,5.67,5.91,20.4,35.9,114.9,98.0,Healthy,Low,Optimal Conditions
Orange,25.64,58.73,107.0,13.44,5.51,123.9,72.7,114.9,98.0,Healthy,Low,Optimal Conditions
Orange,24.4,75.0,108.67,17.47,6.55,105.5,74.4,24.7,98.0,Healthy,Low,Optimal Conditions
Orange,26.36,86.95,117.48,10.04,5.57,32.2,35.8,39.8,82.1,Healthy,Low,Humidity Deviation
Orange,29.32,52.68,118.03,31.68,7.34,85.1,17.4,88.0,97.2,Healthy,Low,Optimal Conditions
Orange,7.82,15.57,9.5,33.15,7.23,134.7,56.1,54.1,5.0,High Risk,High,Temperature Deviation
Orange,23.67,42.91,114.66,27.64,6.13,82.9,31.7,92.3,85.5,Healthy,Low,Humidity Deviation
Orange,18.94,58.31,67.71,11.54,5.16,116.8,82.6,41.1,98.0,Healthy,Low,Optimal Conditions
Orange,26.86,41.9,153.04,27.05,5.03,132.3,79.3,43.5,73.3,At Risk,Moderate,Humidity Deviation
Orange,30.59,68.77,74.22,15.71,6.5,57.1,54.5,70.4,98.0,Healthy,Low,Optimal Conditions
Orange,36.09,74.01,136.13,11.76,5.73,132.8,27.9,64.6,78.3,Healthy,Low,Temperature Deviation
Orange,19.21,58.62,77.2,11.95,7.19,81.9,62.2,59.7,98.0,Healthy,Low,Optimal Conditions
Orange,17.66,92.99,9.05,51.02,7.21,39.4,78.3,97.8,18.1,High Risk,High,Rainfall Deviation
Orange,34.11,87.15,74.74,16.37,5.03,72.7,78.9,102.8,73.4,At Risk,Moderate,Humidity Deviation
Orange,18.01,84.28,70.07,12.23,7.04,29.0,45.3,66.2,86.1,Healthy,Low,Humidity Deviation
Orange,18.92,64.01,78.68,17.24,6.03,32.7,22.6,85.7,98.0,Healthy,Low,Optimal Conditions
Orange,37.55,13.23,4.86,37.48,5.59,46.4,13.2,34.4,11.9,High Risk,High,Rainfall Deviation
Orange,40.99,90.42,1.78,46.43,5.85,75.7,78.3,58.6,5.0,High Risk,High,Temperature Deviation
Orange,39.83,17.79,0.84,49.37,5.94,113.1,86.6,87.3,5.0,High Risk,High,Rainfall Deviation
Orange,29.15,67.19,112.66,15.7,6.92,100.1,17.4,65.9,98.0,Healthy,Low,Optimal Conditions
Orange,24.27,69.33,85.28,5.02,5.92,28.1,72.4,97.3,98.0,Healthy,Low,Optimal Conditions
Orange,36.57,92.42,233.74,49.48,5.27,87.2,36.5,117.0,5.0,High Risk,High,Rainfall Deviation
Orange,18.57,61.63,78.76,5.08,6.22,128.7,74.2,86.9,98.0,Healthy,Low,Optimal Conditions
Orange,21.25,61.85,67.38,6.49,6.44,117.7,18.0,50.2,98.0,Healthy,Low,Optimal Conditions
Orange,22.35,71.61,62.09,14.71,5.15,71.2,47.9,57.2,98.0,Healthy,Low,Optimal Conditions
Orange,19.01,59.67,113.07,15.88,6.67,107.1,86.8,104.2,98.0,Healthy,Low,Optimal Conditions
Papaya,41.21,20.12,3.14,46.97,6.2,22.5,70.5,27.6,5.0,High Risk,High,Rainfall Deviation
Papaya,34.88,88.1,306.27,39.52,6.91,55.2,20.6,28.9,41.0,High Risk,High,Rainfall Deviation
Papaya,23.38,64.41,126.32,8.85,6.19,26.3,81.4,29.5,98.0,Healthy,Low,Optimal Conditions
Papaya,26.55,75.44,118.68,10.74,6.89,91.6,16.3,47.8,98.0,Healthy,Low,Optimal Conditions
Papaya,37.45,92.06,1.05,28.05,6.49,117.4,84.3,73.8,33.6,High Risk,High,Rainfall Deviation
Papaya,30.73,75.93,95.7,15.16,7.36,106.3,43.2,61.5,98.0,Healthy,Low,Optimal Conditions
Papaya,28.31,76.05,158.28,10.99,6.37,26.6,72.0,90.2,98.0,Healthy,Low,Optimal Conditions
Papaya,30.51,72.46,141.52,9.71,6.8,95.1,17.2,44.5,98.0,Healthy,Low,Optimal Conditions
Papaya,47.94,23.39,3.48,36.96,6.43,127.0,74.5,115.0,5.0,High Risk,High,Temperature Deviation
Papaya,23.81,78.21,119.45,18.34,6.96,125.0,62.4,100.3,98.0,Healthy,Low,Optimal Conditions
Papaya,33.62,63.62,81.96,12.96,6.92,106.0,37.1,94.2,98.0,Healthy,Low,Optimal Conditions
Papaya,15.02,91.82,259.58,33.99,7.28,116.7,88.7,27.5,32.9,High Risk,High,Rainfall Deviation
Papaya,27.08,45.55,163.58,21.89,5.92,95.0,18.8,65.5,81.8,Healthy,Low,Humidity Deviation
Papaya,27.02,50.39,123.98,19.98,6.65,53.8,31.9,66.7,88.5,Healthy,Low,Humidity Deviation
Papaya,22.93,67.07,100.38,17.74,7.18,37.0,68.4,62.3,98.0,Healthy,Low,Optimal Conditions
Papaya,34.57,95.25,244.94,32.93,5.69,52.1,13.8,22.3,53.6,At Risk,Moderate,Humidity Deviation
Papaya,23.9,64.96,154.99,13.64,6.35,87.7,10.5,108.9,98.0,Healthy,Low,Optimal Conditions
Papaya,30.26,63.66,76.17,15.69,6.39,44.4,66.8,110.4,98.0,Healthy,Low,Optimal Conditions
Papaya,28.68,74.65,152.58,10.38,7.31,119.1,52.0,42.0,98.0,Healthy,Low,Optimal Conditions
Papaya,24.0,81.25,133.43,26.36,6.19,103.0,84.6,106.3,98.0,Healthy,Low,Optimal Conditions
Papaya,22.19,55.79,167.63,12.44,7.07,119.1,11.5,102.2,93.0,Healthy,Low,Humidity Deviation
Papaya,23.01,61.69,101.7,25.12,6.84,106.6,79.8,38.9,98.0,Healthy,Low,Optimal Conditions
Papaya,20.28,88.21,97.03,30.24,7.15,35.3,15.3,21.1,81.7,Healthy,Low,Humidity Deviation
Papaya,13.23,96.47,3.46,42.5,6.26,102.3,13.3,80.6,5.0,High Risk,High,Rainfall Deviation
Papaya,17.42,89.58,144.28,17.87,7.46,85.3,44.2,40.7,69.6,At Risk,Moderate,Temperature Deviation
Papaya,36.16,89.3,302.9,30.8,6.25,138.6,90.0,89.6,41.7,High Risk,High,Rainfall Deviation
Papaya,44.76,16.61,0.93,45.99,6.66,32.7,84.3,99.3,5.0,High Risk,High,Temperature Deviation
Papaya,23.1,82.1,93.14,29.24,5.86,112.2,13.9,49.3,96.8,Healthy,Low,Optimal Conditions
Papaya,32.99,63.56,126.29,7.47,6.45,69.6,13.3,101.7,98.0,Healthy,Low,Optimal Conditions
Papaya,30.35,52.31,79.56,13.73,6.88,75.8,19.1,16.9,90.6,Healthy,Low,Humidity Deviation
Papaya,29.95,89.01,177.74,24.09,6.22,71.9,66.3,71.1,82.0,Healthy,Low,Humidity Deviation
Papaya,40.68,91.03,5.05,55.62,7.42,93.5,81.6,45.6,5.0,High Risk,High,Rainfall Deviation
Papaya,27.6,61.79,145.98,6.79,7.1,130.7,55.4,32.4,98.0,Healthy,Low,Optimal Conditions
Papaya,23.67,62.38,140.49,10.9,5.5,25.8,75.4,80.1,98.0,Healthy,Low,Optimal Conditions
Papaya,37.6,95.7,367.87,44.95,7.19,25.3,50.6,104.4,7.1,High Risk,High,Rainfall Deviation
Papaya,25.31,78.4,86.52,14.1,6.51,38.2,13.4,67.8,98.0,Healthy,Low,Optimal Conditions
Papaya,23.56,88.66,86.7,23.3,6.02,101.4,37.8,21.8,87.0,Healthy,Low,Humidity Deviation
Papaya,26.67,79.93,140.81,9.19,7.02,62.9,58.6,95.3,98.0,Healthy,Low,Optimal Conditions
Papaya,20.68,53.09,189.6,13.05,6.3,84.5,20.0,53.7,79.7,Healthy,Low,Humidity Deviation
Papaya,33.51,75.03,129.66,8.07,6.17,37.3,52.9,101.2,98.0,Healthy,Low,Optimal Conditions
Papaya,23.24,64.59,137.13,18.41,7.01,83.0,18.4,94.3,98.0,Healthy,Low,Optimal Conditions
Papaya,26.17,66.16,108.74,9.94,7.04,40.6,77.7,105.1,98.0,Healthy,Low,Optimal Conditions
Papaya,18.28,91.1,138.66,20.19,6.46,109.2,88.0,34.5,70.3,At Risk,Moderate,Humidity Deviation
Papaya,29.87,77.69,125.2,6.2,6.34,98.6,36.2,103.7,98.0,Healthy,Low,Optimal Conditions
Papaya,26.37,78.33,125.88,5.09,5.99,110.4,14.2,119.3,98.0,Healthy,Low,Optimal Conditions
Papaya,38.66,95.71,335.05,41.83,7.26,87.4,80.1,60.6,7.5,High Risk,High,Rainfall Deviation
Papaya,26.92,82.07,78.75,30.16,5.74,105.1,84.2,63.6,96.3,Healthy,Low,Optimal Conditions
Papaya,18.37,96.65,280.68,44.52,7.26,135.6,80.8,26.2,17.8,High Risk,High,Rainfall Deviation
Papaya,35.05,51.57,120.0,19.4,7.35,32.1,45.0,46.3,85.7,Healthy,Low,Humidity Deviation
Papaya,31.26,68.7,132.03,19.58,6.73,60.5,41.8,88.1,98.0,Healthy,Low,Optimal Conditions
Papaya,19.47,53.46,45.63,31.69,7.11,54.7,69.2,29.3,68.2,At Risk,Moderate,Rainfall Deviation
Papaya,32.15,60.13,178.2,11.1,7.43,116.0,53.4,96.8,95.5,Healthy,Low,Optimal Conditions
Papaya,34.55,19.18,9.08,29.74,7.26,137.0,87.4,30.5,36.8,High Risk,High,Rainfall Deviation
Papaya,22.1,46.88,94.16,26.4,5.58,125.8,22.2,76.7,84.3,Healthy,Low,Humidity Deviation
Papaya,26.12,47.66,63.39,11.72,6.5,82.9,75.7,90.3,77.9,Healthy,Low,Humidity Deviation
Papaya,30.46,62.71,87.16,10.98,5.65,119.5,47.1,76.6,98.0,Healthy,Low,Optimal Conditions
Papaya,22.8,47.15,131.6,29.59,7.01,87.6,62.0,111.0,84.6,Healthy,Low,Humidity Deviation
Papaya,22.16,60.53,83.73,6.93,6.64,137.7,43.6,89.8,98.0,Healthy,Low,Optimal Conditions
Papaya,27.99,58.83,182.67,11.05,6.2,67.4,59.5,97.8,92.9,Healthy,Low,Rainfall Deviation
Papaya,31.43,76.43,156.11,23.33,5.86,23.5,16.0,26.4,98.0,Healthy,Low,Optimal Conditions
Papaya,27.54,64.65,126.8,19.97,6.5,110.8,33.4,116.1,98.0,Healthy,Low,Optimal Conditions
Papaya,29.16,79.67,144.66,19.88,6.26,29.3,29.5,115.5,98.0,Healthy,Low,Optimal Conditions
Papaya,23.5,71.86,120.03,5.94,6.41,95.9,28.6,28.1,98.0,Healthy,Low,Optimal Conditions
Papaya,8.72,21.89,259.96,34.3,6.07,84.9,47.0,115.3,5.0,High Risk,High,Temperature Deviation
Papaya,23.1,70.82,94.76,11.2,5.87,125.7,36.2,96.4,98.0,Healthy,Low,Optimal Conditions
Papaya,16.55,16.34,314.99,38.52,7.3,24.0,60.5,51.8,6.9,High Risk,High,Rainfall Deviation
Papaya,28.81,69.7,87.94,9.01,6.98,110.7,57.9,26.6,98.0,Healthy,Low,Optimal Conditions
Papaya,15.05,95.67,0.28,45.62,6.24,110.3,39.7,41.1,5.0,High Risk,High,Rainfall Deviation
Papaya,35.69,92.24,52.23,27.65,6.24,104.8,32.4,78.2,62.7,At Risk,Moderate,Humidity Deviation
Papaya,23.27,67.29,101.5,10.3,7.36,28.9,47.0,35.8,98.0,Healthy,Low,Optimal Conditions
Papaya,30.12,79.46,135.58,18.27,5.79,41.8,80.1,78.8,98.0,Healthy,Low,Optimal Conditions
Papaya,24.76,55.69,158.25,29.17,7.28,90.4,32.5,100.9,94.8,Healthy,Low,Humidity Deviation
Papaya,25.51,94.89,173.6,26.67,7.47,65.4,42.2,71.9,74.3,At Risk,Moderate,Humidity Deviation
Papaya,42.4,15.06,321.44,52.46,6.01,109.2,63.8,70.2,5.0,High Risk,High,Rainfall Deviation
Papaya,32.47,68.06,109.97,14.62,7.34,81.0,67.8,63.0,98.0,Healthy,Low,Optimal Conditions
Papaya,23.49,62.73,81.71,13.29,5.76,123.9,88.6,67.1,98.0,Healthy,Low,Optimal Conditions
Papaya,26.18,72.76,128.64,10.15,6.19,97.4,54.4,90.4,98.0,Healthy,Low,Optimal Conditions
Papaya,37.1,94.6,8.87,33.61,6.03,72.3,81.3,75.8,34.6,High Risk,High,Rainfall Deviation
Papaya,16.93,47.72,181.21,12.1,7.07,93.2,67.2,42.5,62.2,At Risk,Moderate,Temperature Deviation
Papaya,31.91,67.81,126.03,13.27,6.67,28.3,34.2,22.0,98.0,Healthy,Low,Optimal Conditions
Papaya,18.81,62.82,147.16,28.64,6.38,21.6,14.4,61.0,88.8,Healthy,Low,Temperature Deviation
Papaya,24.99,79.08,131.08,27.19,5.91,111.1,60.0,50.7,98.0,Healthy,Low,Optimal Conditions
Papaya,31.62,77.85,173.75,21.14,6.56,74.0,56.8,39.1,96.6,Healthy,Low,Optimal Conditions
Papaya,33.3,69.01,146.17,18.75,6.73,55.9,64.4,60.2,98.0,Healthy,Low,Optimal Conditions
Papaya,38.8,88.74,0.25,52.38,5.8,65.0,24.6,83.5,7.8,High Risk,High,Rainfall Deviation
Papaya,26.62,66.31,142.66,24.96,6.3,45.7,22.9,35.2,98.0,Healthy,Low,Optimal Conditions
Papaya,17.4,90.33,156.96,12.0,6.27,46.9,19.9,112.2,68.4,At Risk,Moderate,Temperature Deviation
Papaya,29.63,49.13,152.11,24.22,6.96,49.6,34.1,40.2,87.0,Healthy,Low,Humidity Deviation
Papaya,31.38,78.96,127.66,7.36,5.63,48.7,24.2,75.7,98.0,Healthy,Low,Optimal Conditions
Papaya,28.97,90.91,45.72,22.79,5.54,50.9,50.2,87.1,68.6,At Risk,Moderate,Humidity Deviation
Papaya,29.82,45.25,68.49,14.55,6.52,85.7,89.8,101.5,77.3,Healthy,Low,Humidity Deviation
Papaya,46.42,20.65,333.21,33.3,5.6,50.0,67.8,72.9,5.0,High Risk,High,Temperature Deviation
Papaya,26.92,75.04,156.37,18.12,5.5,46.2,26.6,58.4,98.0,Healthy,Low,Optimal Conditions
Papaya,38.54,87.97,70.11,13.88,6.17,77.3,30.5,64.9,65.5,At Risk,Moderate,Temperature Deviation
Papaya,28.66,68.57,114.73,12.36,7.48,86.8,67.9,58.8,98.0,Healthy,Low,Optimal Conditions
Papaya,33.0,74.85,126.59,10.05,6.02,50.2,50.3,106.9,98.0,Healthy,Low,Optimal Conditions
Papaya,34.71,97.92,322.25,48.69,5.84,108.4,72.9,24.5,9.8,High Risk,High,Rainfall Deviation
Papaya,27.55,72.75,131.0,15.02,6.93,80.7,56.0,15.9,98.0,Healthy,Low,Optimal Conditions
Papaya,27.98,74.91,144.71,15.93,6.47,53.8,45.6,16.0,98.0,Healthy,Low,Optimal Conditions
Papaya,19.22,61.27,54.81,29.75,5.9,46.7,63.1,25.8,79.3,Healthy,Low,Rainfall Deviation
Papaya,30.38,57.63,185.05,23.72,5.71,21.9,11.3,20.4,90.9,Healthy,Low,Rainfall Deviation
Papaya,40.17,18.93,0.92,50.18,5.54,114.5,63.7,52.7,5.0,High Risk,High,Rainfall Deviation
Papaya,25.92,70.49,88.69,17.67,6.46,25.2,54.2,112.7,98.0,Healthy,Low,Optimal Conditions
Papaya,23.48,67.74,138.85,14.07,6.42,139.1,24.9,101.3,98.0,Healthy,Low,Optimal Conditions
Papaya,24.16,65.91,149.85,11.66,6.29,78.9,60.5,59.5,98.0,Healthy,Low,Optimal Conditions
Papaya,43.25,90.78,2.88,28.03,7.35,131.3,10.6,68.2,13.1,High Risk,High,Temperature Deviation
Papaya,26.98,76.32,95.4,27.04,5.79,127.3,54.4,100.3,98.0,Healthy,Low,Optimal Conditions
Papaya,20.56,61.07,132.4,29.51,6.39,138.7,32.5,70.5,95.0,Healthy,Low,Temperature Deviation
Papaya,27.28,63.53,104.58,9.05,6.07,136.4,13.1,67.2,98.0,Healthy,Low,Optimal Conditions
Papaya,38.34,50.78,172.43,31.43,6.51,20.3,12.5,86.5,68.5,At Risk,Moderate,Temperature Deviation
Papaya,27.74,71.03,133.39,6.26,7.02,130.4,30.5,54.9,98.0,Healthy,Low,Optimal Conditions
Papaya,22.22,43.72,190.15,19.15,7.37,32.5,71.3,24.8,72.9,At Risk,Moderate,Humidity Deviation
Papaya,29.39,68.69,133.33,19.6,5.61,43.0,61.2,109.1,98.0,Healthy,Low,Optimal Conditions
Papaya,19.02,81.61,111.31,24.0,7.0,23.2,33.2,29.3,87.2,Healthy,Low,Temperature Deviation
Papaya,28.22,62.18,98.39,13.47,6.52,122.9,22.0,53.8,98.0,Healthy,Low,Optimal Conditions
Papaya,17.56,96.2,6.0,42.65,5.7,122.3,52.7,77.4,16.3,High Risk,High,Rainfall Deviation
Papaya,29.22,60.84,153.86,17.95,5.89,91.3,58.2,99.4,98.0,Healthy,Low,Optimal Conditions
Papaya,22.17,93.88,114.34,23.24,6.58,116.4,48.8,44.3,79.2,Healthy,Low,Humidity Deviation
Papaya,28.74,68.5,111.79,10.24,6.84,82.3,53.0,47.4,98.0,Healthy,Low,Optimal Conditions
Papaya,18.45,77.3,126.29,17.57,6.49,73.6,46.8,107.3,87.6,Healthy,Low,Temperature Deviation
Papaya,24.25,45.81,103.22,28.39,6.13,36.7,69.1,109.5,83.0,Healthy,Low,Humidity Deviation
Papaya,36.13,42.86,155.77,19.9,7.0,129.4,34.0,17.6,70.9,At Risk,Moderate,Humidity Deviation
Papaya,35.11,94.89,3.03,52.34,5.54,59.8,10.4,69.7,14.5,High Risk,High,Rainfall Deviation
Papaya,14.97,42.98,68.11,18.95,6.82,107.3,84.6,42.0,49.8,High Risk,High,Temperature Deviation
Papaya,21.71,46.81,134.5,23.77,6.53,28.3,56.5,23.3,83.2,Healthy,Low,Humidity Deviation
Papaya,27.5,54.72,144.42,27.85,6.33,110.7,33.6,91.1,93.7,Healthy,Low,Humidity Deviation
Papaya,16.02,48.32,115.34,30.0,5.65,89.6,85.1,82.6,65.1,At Risk,Moderate,Temperature Deviation
Papaya,39.0,95.45,4.06,56.58,6.65,82.8,66.5,118.8,5.0,High Risk,High,Rainfall Deviation
Papaya,23.6,65.9,152.32,11.17,7.09,44.4,49.5,28.4,98.0,Healthy,Low,Optimal Conditions
Papaya,25.15,70.99,142.43,19.08,6.07,109.2,80.8,28.1,98.0,Healthy,Low,Optimal Conditions
Papaya,23.74,85.55,134.05,14.26,6.96,114.3,16.0,119.0,91.7,Healthy,Low,Humidity Deviation
Papaya,29.03,71.87,107.68,13.17,6.67,111.3,62.9,61.9,98.0,Healthy,Low,Optimal Conditions
Papaya,22.3,73.04,118.22,19.48,5.7,28.7,24.5,54.6,98.0,Healthy,Low,Optimal Conditions
Papaya,27.57,66.79,159.96,19.5,6.23,115.1,29.3,21.1,98.0,Healthy,Low,Optimal Conditions
Papaya,22.35,74.72,107.38,17.36,7.25,56.7,33.1,47.3,98.0,Healthy,Low,Optimal Conditions
Papaya,18.72,86.21,119.54,13.01,5.64,113.7,42.1,63.9,79.2,Healthy,Low,Temperature Deviation
Papaya,40.28,16.24,369.29,58.27,7.28,62.4,29.7,81.0,5.0,High Risk,High,Rainfall Deviation
Papaya,27.95,73.45,112.53,19.58,6.94,132.1,82.6,28.8,98.0,Healthy,Low,Optimal Conditions
Papaya,40.46,52.94,151.94,28.62,6.13,85.8,10.8,118.6,65.7,At Risk,Moderate,Temperature Deviation
Papaya,37.21,44.21,117.11,16.83,7.27,35.8,10.3,16.6,68.2,At Risk,Moderate,Humidity Deviation
Papaya,23.37,71.08,115.87,14.09,5.89,110.5,58.8,38.2,98.0,Healthy,Low,Optimal Conditions
Papaya,30.62,73.61,124.99,19.69,5.76,78.6,59.9,119.4,98.0,Healthy,Low,Optimal Conditions
Papaya,26.96,98.0,105.58,26.97,6.75,38.0,84.6,96.6,73.0,At Risk,Moderate,Humidity Deviation
Papaya,27.62,61.35,132.72,6.88,6.8,100.6,36.0,114.6,98.0,Healthy,Low,Optimal Conditions
Papaya,31.94,42.68,105.11,10.36,6.93,127.4,69.1,58.7,79.2,Healthy,Low,Humidity Deviation
Papaya,37.75,97.21,156.61,23.86,6.11,115.4,35.7,22.5,59.2,At Risk,Moderate,Humidity Deviation
Papaya,26.9,78.16,113.26,6.35,5.89,85.3,24.2,21.7,98.0,Healthy,Low,Optimal Conditions
Papaya,19.5,59.0,174.1,28.79,7.04,65.1,27.4,25.5,86.5,Healthy,Low,Temperature Deviation
Papaya,33.61,94.6,306.91,59.19,5.74,68.0,32.0,29.1,16.4,High Risk,High,Rainfall Deviation
Papaya,38.9,12.53,1.47,39.46,7.04,126.4,48.1,48.9,9.4,High Risk,High,Rainfall Deviation
Papaya,17.37,95.71,73.12,12.28,5.59,36.5,26.2,58.7,57.2,At Risk,Moderate,Humidity Deviation
Papaya,38.99,92.56,169.44,23.61,6.53,138.0,45.0,48.3,58.8,At Risk,Moderate,Temperature Deviation
Papaya,18.66,51.99,78.31,21.4,5.52,32.4,73.1,55.9,77.9,Healthy,Low,Temperature Deviation
Papaya,31.91,66.05,110.9,19.62,5.53,106.6,85.9,21.7,98.0,Healthy,Low,Optimal Conditions
Papaya,40.38,16.87,6.27,37.03,6.15,30.7,34.3,118.7,9.2,High Risk,High,Rainfall Deviation
Papaya,19.7,95.58,370.97,27.9,5.81,94.9,45.1,73.9,28.6,High Risk,High,Rainfall Deviation
Papaya,42.27,19.16,5.57,51.35,6.51,24.5,41.6,57.2,5.0,High Risk,High,Temperature Deviation
Papaya,36.49,91.51,348.36,57.36,6.87,113.9,56.4,109.1,7.8,High Risk,High,Rainfall Deviation
Papaya,27.4,71.94,149.88,9.62,5.5,136.9,12.1,31.0,98.0,Healthy,Low,Optimal Conditions
Papaya,27.96,76.69,115.83,13.21,5.9,88.3,37.9,25.4,98.0,Healthy,Low,Optimal Conditions
Papaya,43.18,93.91,287.12,42.23,7.05,70.0,24.6,58.5,5.0,High Risk,High,Temperature Deviation
Papaya,26.22,85.9,80.86,21.78,5.9,54.0,49.0,86.2,91.2,Healthy,Low,Humidity Deviation
Papaya,31.67,76.21,101.91,13.4,6.2,42.9,74.5,119.1,98.0,Healthy,Low,Optimal Conditions
Papaya,30.29,47.51,127.65,16.61,5.74,61.8,32.6,23.5,85.0,Healthy,Low,Humidity Deviation
Papaya,45.52,95.84,9.07,46.64,7.29,129.6,18.1,15.9,5.0,High Risk,High,Temperature Deviation
Papaya,31.23,76.48,143.0,11.71,7.0,106.3,35.1,32.7,98.0,Healthy,Low,Optimal Conditions
Papaya,26.29,88.32,185.89,26.47,6.38,43.0,27.9,89.2,81.0,Healthy,Low,Humidity Deviation
Papaya,27.29,62.16,89.78,8.75,5.67,52.9,55.5,93.2,98.0,Healthy,Low,Optimal Conditions
Papaya,29.21,67.26,98.13,5.48,6.15,114.8,52.4,96.4,98.0,Healthy,Low,Optimal Conditions
Papaya,32.12,63.01,145.6,12.14,6.99,48.9,48.9,91.9,98.0,Healthy,Low,Optimal Conditions
Papaya,32.91,59.32,73.13,23.15,6.52,74.1,26.4,64.6,96.2,Healthy,Low,Optimal Conditions
Papaya,22.54,67.48,82.0,13.44,5.64,72.5,88.4,16.0,98.0,Healthy,Low,Optimal Conditions
Papaya,30.08,63.18,124.86,8.87,5.95,127.4,26.3,54.5,98.0,Healthy,Low,Optimal Conditions
Papaya,25.41,65.86,106.14,14.62,6.99,81.3,58.8,100.4,98.0,Healthy,Low,Optimal Conditions
Papaya,38.17,21.48,8.84,45.38,6.01,96.9,82.7,57.5,6.6,High Risk,High,Rainfall Deviation
Papaya,43.14,92.35,309.1,32.93,6.68,42.6,21.1,48.4,7.7,High Risk,High,Rainfall Deviation
Papaya,40.51,96.72,374.58,52.64,5.87,137.8,80.4,57.0,5.0,High Risk,High,Rainfall Deviation
Papaya,32.19,68.91,120.65,16.19,6.28,74.5,13.0,29.0,98.0,Healthy,Low,Optimal Conditions
Papaya,31.93,49.78,188.14,11.0,6.34,72.7,53.1,65.5,80.7,Healthy,Low,Humidity Deviation
Papaya,39.26,14.82,0.81,56.7,6.6,134.3,21.9,51.2,5.0,High Risk,High,Rainfall Deviation
Papaya,35.99,22.1,270.31,37.2,5.91,103.6,85.7,24.4,31.2,High Risk,High,Humidity Deviation
Papaya,24.85,70.18,116.16,15.9,6.97,88.7,57.3,103.4,98.0,Healthy,Low,Optimal Conditions
Papaya,22.15,64.26,82.83,10.9,6.22,31.8,70.4,73.1,98.0,Healthy,Low,Optimal Conditions
Papaya,31.11,73.36,95.33,19.74,5.85,112.6,87.5,91.2,98.0,Healthy,Low,Optimal Conditions
Papaya,33.37,97.26,56.75,21.64,7.29,35.0,66.3,26.9,63.9,At Risk,Moderate,Humidity Deviation
Papaya,30.21,71.2,134.26,19.45,7.44,129.8,49.6,50.8,98.0,Healthy,Low,Optimal Conditions
Papaya,28.91,69.07,159.56,13.03,6.16,96.3,13.5,26.6,98.0,Healthy,Low,Optimal Conditions
Papaya,31.47,54.66,73.13,10.22,6.03,134.3,82.8,27.1,90.6,Healthy,Low,Humidity Deviation
Papaya,17.62,14.06,298.71,55.26,7.13,45.2,44.3,33.0,5.0,High Risk,High,Rainfall Deviation
Papaya,18.46,41.55,169.88,27.37,6.59,137.3,28.8,111.6,63.0,At Risk,Moderate,Humidity Deviation
Papaya,28.38,69.12,109.83,19.44,6.04,101.0,74.3,35.7,98.0,Healthy,Low,Optimal Conditions
Papaya,46.32,92.55,244.77,35.01,5.59,86.2,76.9,87.5,15.0,High Risk,High,Temperature Deviation
Papaya,15.84,94.79,305.42,44.73,6.28,134.6,38.5,24.8,5.3,High Risk,High,Rainfall Deviation
Papaya,36.71,92.92,274.39,37.32,5.75,20.1,49.3,66.4,37.7,High Risk,High,Rainfall Deviation
Papaya,31.99,63.84,141.62,7.85,6.06,52.4,28.4,115.0,98.0,Healthy,Low,Optimal Conditions
Papaya,27.82,74.7,105.53,5.18,7.02,54.1,79.9,66.6,98.0,Healthy,Low,Optimal Conditions
Papaya,26.36,81.35,180.13,20.92,6.03,139.5,59.6,82.7,92.9,Healthy,Low,Rainfall Deviation
Papaya,39.39,55.5,132.26,26.63,6.93,28.7,30.2,100.9,73.0,At Risk,Moderate,Temperature Deviation
Papaya,11.17,24.54,5.48,30.9,7.3,110.5,16.5,110.9,5.0,High Risk,High,Temperature Deviation
Papaya,27.43,75.66,131.52,11.56,6.02,82.0,56.3,81.2,98.0,Healthy,Low,Optimal Conditions
Papaya,16.64,77.5,180.93,20.96,5.71,33.5,51.4,107.7,76.0,Healthy,Low,Temperature Deviation
Papaya,29.23,89.28,53.84,20.96,6.42,43.0,32.9,18.2,74.6,At Risk,Moderate,Humidity Deviation
Papaya,30.07,76.28,108.4,24.85,6.6,52.7,39.4,118.9,98.0,Healthy,Low,Optimal Conditions
Papaya,13.41,89.29,4.71,49.17,6.31,42.5,34.8,70.6,5.0,High Risk,High,Rainfall Deviation
Papaya,23.58,98.0,156.29,20.83,7.49,54.4,68.1,55.6,73.0,At Risk,Moderate,Humidity Deviation
Papaya,32.53,68.0,153.35,19.05,7.14,23.3,87.3,28.0,98.0,Healthy,Low,Optimal Conditions
Papaya,42.82,14.3,5.14,39.01,7.41,82.2,88.9,105.6,5.0,High Risk,High,Temperature Deviation
Papaya,37.92,48.12,139.1,29.73,6.7,64.8,71.8,89.8,70.1,At Risk,Moderate,Temperature Deviation
Papaya,22.71,82.42,64.32,27.71,7.07,43.9,46.3,102.7,89.5,Healthy,Low,Rainfall Deviation
Papaya,19.3,17.14,274.33,56.83,7.33,56.1,22.7,60.6,7.0,High Risk,High,Humidity Deviation
Papaya,22.53,79.56,157.75,10.28,7.14,46.8,43.4,91.3,98.0,Healthy,Low,Optimal Conditions
Papaya,21.74,92.14,195.44,13.6,5.75,30.5,68.5,39.8,72.0,At Risk,Moderate,Humidity Deviation
Papaya,27.06,74.17,104.36,12.24,5.89,71.5,38.7,60.6,98.0,Healthy,Low,Optimal Conditions
Papaya,30.46,76.79,193.3,12.52,5.75,96.7,21.5,95.7,91.7,Healthy,Low,Rainfall Deviation
Papaya,46.86,24.12,9.57,43.56,6.1,49.8,66.8,50.8,5.0,High Risk,High,Temperature Deviation
Papaya,40.34,38.96,182.11,11.48,6.4,82.9,27.2,71.8,43.9,High Risk,High,Temperature Deviation
Papaya,41.08,88.82,103.55,23.32,6.55,121.9,35.1,105.3,58.4,At Risk,Moderate,Temperature Deviation
Papaya,22.03,74.64,150.23,12.27,6.41,116.7,80.8,117.3,98.0,Healthy,Low,Optimal Conditions
Papaya,29.14,76.46,122.55,11.93,6.64,62.8,25.4,22.0,98.0,Healthy,Low,Optimal Conditions
Papaya,28.35,94.07,170.37,14.17,6.64,69.1,48.3,49.2,76.3,Healthy,Low,Humidity Deviation
Papaya,44.82,12.29,4.05,25.35,7.45,127.9,34.0,65.8,5.0,High Risk,High,Temperature Deviation
Papaya,33.47,47.64,161.41,25.56,6.71,49.0,68.8,112.6,84.8,Healthy,Low,Humidity Deviation
Papaya,37.36,12.24,315.97,47.28,7.02,103.5,27.4,45.6,5.0,High Risk,High,Rainfall Deviation
Papaya,33.05,70.44,158.09,11.74,6.61,114.7,73.8,39.3,98.0,Healthy,Low,Optimal Conditions
Papaya,23.17,76.11,143.51,6.22,6.01,74.0,53.3,69.9,98.0,Healthy,Low,Optimal Conditions
Papaya,11.57,14.95,7.86,40.49,6.3,23.1,64.3,70.9,5.0,High Risk,High,Temperature Deviation
Papaya,23.67,63.65,97.99,17.98,6.46,103.5,46.9,64.7,98.0,Healthy,Low,Optimal Conditions
Papaya,18.17,97.36,0.68,42.83,6.02,127.2,21.8,64.1,14.1,High Risk,High,Rainfall Deviation
Papaya,23.78,66.35,145.89,19.08,6.4,75.0,81.6,81.8,98.0,Healthy,Low,Optimal Conditions
Papaya,27.46,76.89,97.36,5.22,6.46,135.3,75.1,57.9,98.0,Healthy,Low,Optimal Conditions
Papaya,28.84,77.59,137.38,13.1,6.97,135.8,54.2,73.3,98.0,Healthy,Low,Optimal Conditions
Papaya,30.03,78.79,158.79,28.23,6.86,116.0,77.7,117.9,98.0,Healthy,Low,Optimal Conditions
Papaya,31.24,74.68,103.02,10.89,5.85,129.6,80.3,79.5,98.0,Healthy,Low,Optimal Conditions
Papaya,21.3,60.27,107.29,10.43,6.29,46.4,45.5,114.4,97.6,Healthy,Low,Optimal Conditions
Papaya,23.06,61.17,89.87,5.93,6.87,34.1,25.8,82.8,98.0,Healthy,Low,Optimal Conditions
Papaya,22.66,79.41,127.99,14.21,7.21,129.1,14.6,22.2,98.0,Healthy,Low,Optimal Conditions
Papaya,14.98,94.95,201.82,15.53,6.13,33.3,55.1,31.7,42.6,High Risk,High,Temperature Deviation
Papaya,46.24,22.16,4.0,39.16,7.43,37.6,79.2,48.8,5.0,High Risk,High,Temperature Deviation
Papaya,24.06,62.35,84.07,11.94,6.13,131.8,79.0,85.4,98.0,Healthy,Low,Optimal Conditions
Papaya,29.28,60.24,132.89,15.97,6.49,20.5,63.3,101.1,98.0,Healthy,Low,Optimal Conditions
Papaya,36.6,47.41,185.69,19.66,6.26,125.8,26.4,48.4,68.1,At Risk,Moderate,Humidity Deviation
Papaya,16.63,98.6,350.58,26.5,6.27,66.8,89.2,100.3,13.3,High Risk,High,Rainfall Deviation
Papaya,22.1,92.93,379.71,53.07,6.89,133.8,26.3,105.0,15.6,High Risk,High,Rainfall Deviation
Papaya,31.05,80.23,53.65,17.67,6.44,72.9,12.3,96.3,88.1,Healthy,Low,Rainfall Deviation
Papaya,38.06,96.1,316.83,40.13,6.07,118.3,80.3,91.8,12.7,High Risk,High,Rainfall Deviation
Papaya,24.77,74.26,84.6,10.87,7.02,90.2,68.7,75.2,98.0,Healthy,Low,Optimal Conditions
Papaya,27.8,75.46,98.43,19.45,5.91,21.7,72.2,112.5,98.0,Healthy,Low,Optimal Conditions
Papaya,23.86,64.48,130.23,13.69,6.74,20.9,22.6,40.5,98.0,Healthy,Low,Optimal Conditions
Papaya,26.84,98.0,48.11,24.74,5.62,99.0,73.6,78.5,59.0,At Risk,Moderate,Humidity Deviation
Papaya,25.96,76.1,114.56,8.83,7.37,96.5,74.5,17.6,98.0,Healthy,Low,Optimal Conditions
Papaya,27.51,71.75,95.2,12.47,6.87,61.5,65.3,55.9,98.0,Healthy,Low,Optimal Conditions
Papaya,25.73,48.64,160.3,22.61,7.04,35.9,79.7,48.8,86.3,Healthy,Low,Humidity Deviation
Papaya,29.88,77.19,108.3,12.91,6.32,25.1,70.3,113.9,98.0,Healthy,Low,Optimal Conditions
Papaya,23.73,70.1,152.38,14.09,5.92,86.4,36.1,17.5,98.0,Healthy,Low,Optimal Conditions
Papaya,42.47,88.7,2.05,52.98,7.12,77.3,78.6,64.2,5.0,High Risk,High,Rainfall Deviation
Papaya,27.87,52.0,136.79,23.54,5.66,39.1,88.1,79.9,90.4,Healthy,Low,Humidity Deviation
Papaya,28.6,64.82,157.89,10.83,5.78,93.6,21.0,69.4,98.0,Healthy,Low,Optimal Conditions
Papaya,12.9,93.57,3.27,40.58,7.23,78.7,44.8,70.3,5.8,High Risk,High,Rainfall Deviation
Papaya,28.18,62.71,157.44,5.51,6.47,45.2,14.7,83.4,98.0,Healthy,Low,Optimal Conditions
Papaya,17.28,91.74,367.14,26.28,6.65,51.3,19.5,78.5,25.9,High Risk,High,Rainfall Deviation
Papaya,28.74,60.3,109.3,17.98,6.8,124.1,69.2,90.6,98.0,Healthy,Low,Optimal Conditions
Papaya,41.46,22.41,389.38,45.91,6.06,102.0,66.8,35.6,5.0,High Risk,High,Rainfall Deviation
Papaya,27.07,74.98,133.32,12.14,6.81,51.5,28.6,40.2,98.0,Healthy,Low,Optimal Conditions
Papaya,30.29,79.72,104.72,18.95,6.71,47.0,10.9,91.0,98.0,Healthy,Low,Optimal Conditions
Papaya,18.58,89.07,78.65,15.87,7.01,90.1,31.4,53.6,73.8,At Risk,Moderate,Humidity Deviation
Papaya,39.28,64.0,78.29,16.27,6.57,116.4,80.2,90.9,78.1,Healthy,Low,Temperature Deviation
Papaya,35.3,86.54,76.57,30.14,7.2,86.3,69.0,49.6,83.5,Healthy,Low,Humidity Deviation
Papaya,19.47,98.0,212.45,14.78,5.63,59.7,49.1,24.7,51.0,At Risk,Moderate,Humidity Deviation
Papaya,33.66,74.75,150.0,19.57,6.26,102.5,24.7,72.9,98.0,Healthy,Low,Optimal Conditions
Papaya,23.93,61.97,126.38,19.25,5.74,80.3,65.0,67.1,98.0,Healthy,Low,Optimal Conditions
Papaya,22.07,97.31,368.77,54.35,5.85,29.2,66.8,15.1,9.0,High Risk,High,Rainfall Deviation
Papaya,25.2,91.35,163.21,15.76,7.26,84.3,48.3,96.1,82.2,Healthy,Low,Humidity Deviation
Papaya,29.01,98.0,194.2,13.05,6.6,136.3,68.8,117.2,64.5,At Risk,Moderate,Humidity Deviation
Papaya,29.34,54.02,166.43,15.18,7.1,131.6,73.4,66.8,91.2,Healthy,Low,Humidity Deviation
Papaya,44.81,95.97,5.85,39.49,6.34,128.8,69.5,80.1,5.0,High Risk,High,Temperature Deviation
Papaya,25.88,69.84,89.19,13.57,5.93,118.9,76.3,77.9,98.0,Healthy,Low,Optimal Conditions
Papaya,22.53,72.58,142.77,16.86,6.47,36.9,15.2,20.9,98.0,Healthy,Low,Optimal Conditions
Papaya,23.7,63.38,135.92,7.69,6.88,62.2,72.0,31.7,98.0,Healthy,Low,Optimal Conditions
Papaya,23.07,79.32,123.04,14.11,7.43,113.1,19.0,59.3,98.0,Healthy,Low,Optimal Conditions
Papaya,45.63,13.16,6.26,37.86,6.91,138.8,42.4,111.5,5.0,High Risk,High,Temperature Deviation
Papaya,31.89,54.12,66.91,23.83,6.83,113.6,24.9,80.0,87.2,Healthy,Low,Humidity Deviation
Papaya,25.87,69.66,118.5,14.59,6.62,95.8,88.4,100.1,98.0,Healthy,Low,Optimal Conditions
Papaya,28.4,64.59,121.51,15.68,5.63,36.5,10.6,54.8,98.0,Healthy,Low,Optimal Conditions
Papaya,29.32,52.15,160.71,18.16,7.31,129.4,41.0,38.3,90.4,Healthy,Low,Humidity Deviation
Papaya,33.58,65.63,158.51,17.29,6.03,114.9,14.0,72.5,98.0,Healthy,Low,Optimal Conditions
Papaya,27.12,69.46,120.22,14.85,6.89,137.1,71.0,87.2,98.0,Healthy,Low,Optimal Conditions
Papaya,23.41,61.18,118.21,15.02,6.8,134.3,40.6,80.9,98.0,Healthy,Low,Optimal Conditions
Papaya,40.48,96.65,9.36,56.7,7.29,48.6,53.1,118.5,5.0,High Risk,High,Rainfall Deviation
Papaya,22.88,74.36,120.26,19.09,6.65,81.4,83.2,54.9,98.0,Healthy,Low,Optimal Conditions
Papaya,24.86,87.02,91.34,24.91,6.13,35.7,73.9,105.1,89.5,Healthy,Low,Humidity Deviation
Papaya,27.05,61.64,98.22,16.51,6.23,92.6,85.7,91.0,98.0,Healthy,Low,Optimal Conditions
Papaya,29.37,49.54,135.46,30.23,6.61,104.1,41.0,27.8,87.4,Healthy,Low,Humidity Deviation
Papaya,25.24,49.23,77.77,30.62,6.94,75.1,36.6,24.8,86.1,Healthy,Low,Humidity Deviation
Papaya,39.43,19.12,0.11,43.24,6.43,29.6,70.9,87.2,5.0,High Risk,High,Rainfall Deviation
Papaya,18.22,95.35,7.94,43.92,6.07,73.6,44.9,45.3,18.8,High Risk,High,Rainfall Deviation
Papaya,18.69,92.35,142.32,19.74,7.25,85.8,74.5,104.1,69.9,At Risk,Moderate,Humidity Deviation
Papaya,31.33,72.97,120.59,6.33,6.64,38.6,75.3,113.1,98.0,Healthy,Low,Optimal Conditions
Papaya,37.36,92.37,97.89,27.28,5.68,46.5,83.1,39.1,68.0,At Risk,Moderate,Humidity Deviation
Papaya,22.61,72.56,125.06,19.43,7.28,80.7,58.7,58.4,98.0,Healthy,Low,Optimal Conditions
Papaya,32.41,70.99,114.03,6.03,6.83,68.0,30.3,107.1,98.0,Healthy,Low,Optimal Conditions
Pomegranate,28.24,55.92,73.96,17.28,8.06,37.1,85.2,16.1,98.0,Healthy,Low,Optimal Conditions
Pomegranate,21.34,58.91,56.96,9.73,6.38,38.7,59.1,19.9,98.0,Healthy,Low,Optimal Conditions
Pomegranate,41.66,27.56,79.65,30.43,6.56,98.3,87.6,38.1,62.4,At Risk,Moderate,Temperature Deviation
Pomegranate,26.71,71.49,35.11,22.89,7.94,82.9,27.7,59.4,78.5,Healthy,Low,Humidity Deviation
Pomegranate,26.73,37.01,89.34,21.53,6.08,102.0,80.9,92.4,91.7,Healthy,Low,Optimal Conditions
Pomegranate,28.64,54.66,72.02,5.24,6.65,126.2,30.7,64.6,98.0,Healthy,Low,Optimal Conditions
Pomegranate,31.09,26.3,18.72,22.02,6.06,43.7,32.5,64.6,64.9,At Risk,Moderate,Rainfall Deviation
Pomegranate,19.62,93.98,1.76,39.91,7.48,103.3,17.8,106.8,22.9,High Risk,High,Humidity Deviation
Pomegranate,20.17,48.59,43.59,19.34,6.65,46.8,31.0,44.8,98.0,Healthy,Low,Optimal Conditions
Pomegranate,28.64,40.36,69.87,16.52,6.92,136.5,72.5,27.9,98.0,Healthy,Low,Optimal Conditions
Pomegranate,14.14,21.28,4.78,46.68,6.1,66.5,43.0,104.8,8.7,High Risk,High,Rainfall Deviation
Pomegranate,30.3,43.85,77.95,12.94,7.63,97.6,34.3,109.6,98.0,Healthy,Low,Optimal Conditions
Pomegranate,37.03,58.67,26.61,10.83,7.02,91.7,23.7,83.4,84.1,Healthy,Low,Rainfall Deviation
Pomegranate,20.33,42.98,63.48,14.53,7.99,27.5,86.2,69.8,98.0,Healthy,Low,Optimal Conditions
Pomegranate,25.85,41.11,44.4,18.24,6.24,26.7,57.9,55.2,98.0,Healthy,Low,Optimal Conditions
Pomegranate,21.92,40.88,74.63,10.84,6.25,44.0,18.2,65.2,98.0,Healthy,Low,Optimal Conditions
Pomegranate,39.23,17.97,158.27,31.65,8.03,118.2,34.4,55.1,21.5,High Risk,High,Rainfall Deviation
Pomegranate,25.54,53.08,40.51,18.2,6.69,124.7,46.4,96.5,98.0,Healthy,Low,Optimal Conditions
Pomegranate,32.64,90.81,3.05,41.16,6.06,27.6,88.1,58.3,23.4,High Risk,High,Humidity Deviation
Pomegranate,31.52,57.64,50.68,13.57,6.56,118.7,16.9,54.1,98.0,Healthy,Low,Optimal Conditions
Pomegranate,30.19,43.56,59.0,13.28,8.05,83.2,20.6,25.6,98.0,Healthy,Low,Optimal Conditions
Pomegranate,12.74,98.41,0.97,51.46,7.19,27.8,88.5,54.6,5.0,High Risk,High,Humidity Deviation
Pomegranate,35.7,57.44,53.21,9.62,7.66,60.1,30.1,117.9,98.0,Healthy,Low,Optimal Conditions
Pomegranate,25.41,26.46,80.0,29.35,6.75,88.4,80.6,51.0,83.8,Healthy,Low,Humidity Deviation
Pomegranate,25.4,66.14,19.59,16.98,6.37,27.5,86.9,105.1,72.9,At Risk,Moderate,Rainfall Deviation
Pomegranate,10.23,98.76,2.19,56.46,7.35,126.6,84.4,73.3,5.0,High Risk,High,Humidity Deviation
Pomegranate,39.76,72.43,52.47,13.39,7.14,88.4,19.1,22.6,66.3,At Risk,Moderate,Humidity Deviation
Pomegranate,45.29,17.66,144.51,55.13,8.17,102.5,21.7,64.2,5.0,High Risk,High,Temperature Deviation
Pomegranate,38.37,72.11,78.25,12.14,7.64,88.9,34.0,53.9,72.3,At Risk,Moderate,Humidity Deviation
Pomegranate,25.16,59.34,59.45,12.11,7.45,78.1,38.4,29.6,98.0,Healthy,Low,Optimal Conditions
Pomegranate,35.87,46.99,56.76,21.97,6.64,101.3,48.2,97.4,98.0,Healthy,Low,Optimal Conditions
Pomegranate,17.9,26.91,51.91,15.55,7.94,86.8,36.6,105.9,77.0,Healthy,Low,Humidity Deviation
Pomegranate,16.07,27.19,59.53,31.37,6.74,32.8,84.8,111.0,70.9,At Risk,Moderate,Humidity Deviation
Pomegranate,36.92,31.06,49.86,20.45,6.96,100.6,32.9,110.4,85.6,Healthy,Low,Humidity Deviation
Pomegranate,30.1,59.65,71.42,12.97,7.98,87.3,45.3,106.7,98.0,Healthy,Low,Optimal Conditions
Pomegranate,26.52,46.86,68.56,5.19,7.52,61.6,17.8,117.9,98.0,Healthy,Low,Optimal Conditions
Pomegranate,25.59,44.14,66.48,16.74,7.98,57.3,52.0,84.6,98.0,Healthy,Low,Optimal Conditions
Pomegranate,37.56,42.16,34.21,28.21,6.64,96.0,69.2,38.4,88.7,Healthy,Low,Temperature Deviation
Pomegranate,28.26,55.84,62.18,6.01,6.81,59.7,74.6,45.4,98.0,Healthy,Low,Optimal Conditions
Pomegranate,30.88,95.57,9.16,48.44,7.5,46.7,49.0,37.7,17.9,High Risk,High,Humidity Deviation
Pomegranate,30.22,55.96,79.51,25.54,6.23,65.5,59.0,112.3,98.0,Healthy,Low,Optimal Conditions
Pomegranate,43.07,21.81,191.11,32.44,7.3,121.3,20.6,95.7,9.9,High Risk,High,Rainfall Deviation
Pomegranate,23.03,58.34,40.39,7.96,6.5,53.8,39.1,25.8,98.0,Healthy,Low,Optimal Conditions
Pomegranate,31.94,36.46,25.55,29.58,7.46,43.3,72.9,110.9,83.1,Healthy,Low,Rainfall Deviation
Pomegranate,17.54,71.62,55.4,17.33,6.34,109.4,32.3,107.1,74.0,At Risk,Moderate,Humidity Deviation
Pomegranate,29.06,71.4,94.92,26.17,6.78,104.5,47.8,31.0,75.4,Healthy,Low,Humidity Deviation
Pomegranate,20.42,46.64,69.12,19.54,6.31,62.4,24.5,94.9,98.0,Healthy,Low,Optimal Conditions
Pomegranate,8.99,14.28,0.8,42.15,6.54,100.2,28.8,78.2,5.0,High Risk,High,Temperature Deviation
Pomegranate,24.02,53.9,78.61,18.04,6.2,74.5,65.6,74.1,98.0,Healthy,Low,Optimal Conditions
Pomegranate,22.93,68.81,40.83,31.05,6.58,56.0,41.8,63.8,86.8,Healthy,Low,Humidity Deviation
Pomegranate,36.06,14.08,140.68,34.54,7.99,111.8,63.7,30.4,39.4,High Risk,High,Rainfall Deviation
Pomegranate,14.27,77.21,62.6,11.1,7.18,129.3,47.6,103.2,54.1,At Risk,Moderate,Humidity Deviation
Pomegranate,43.33,88.14,133.03,47.22,6.35,29.8,87.7,119.7,5.0,High Risk,High,Humidity Deviation
Pomegranate,38.39,38.78,64.19,25.43,6.86,66.8,17.2,63.0,89.0,Healthy,Low,Temperature Deviation
Pomegranate,27.52,28.4,72.72,27.54,6.62,72.7,23.8,49.4,86.1,Healthy,Low,Humidity Deviation
Pomegranate,21.07,65.19,28.09,10.65,6.35,84.1,75.3,53.2,81.8,Healthy,Low,Rainfall Deviation
Pomegranate,27.57,40.35,47.08,12.51,6.64,82.8,18.6,99.3,98.0,Healthy,Low,Optimal Conditions
Pomegranate,22.35,35.4,59.85,26.01,7.95,72.8,82.4,91.9,94.5,Healthy,Low,Humidity Deviation
Pomegranate,25.44,71.4,40.58,21.99,6.95,108.6,84.8,59.4,82.9,Healthy,Low,Humidity Deviation
Pomegranate,35.77,42.16,68.38,31.73,8.17,64.4,56.2,108.3,98.0,Healthy,Low,Optimal Conditions
Pomegranate,39.81,29.49,95.73,27.9,8.12,37.8,24.6,89.6,64.3,At Risk,Moderate,Temperature Deviation
Pomegranate,38.35,22.46,0.56,42.12,8.25,82.2,76.4,84.7,24.4,High Risk,High,Rainfall Deviation
Pomegranate,31.13,52.94,70.34,6.12,6.56,112.3,39.6,110.6,98.0,Healthy,Low,Optimal Conditions
Pomegranate,17.34,25.65,87.3,10.43,6.47,48.7,77.9,76.2,69.8,At Risk,Moderate,Humidity Deviation
Pomegranate,17.18,69.68,37.92,19.05,7.83,38.4,75.0,53.4,73.8,At Risk,Moderate,Humidity Deviation
Pomegranate,22.59,59.67,64.93,7.61,6.62,64.6,14.5,26.4,98.0,Healthy,Low,Optimal Conditions
Pomegranate,19.17,69.68,90.36,29.26,7.31,43.0,88.2,71.1,77.4,Healthy,Low,Humidity Deviation
Pomegranate,32.45,49.28,40.5,9.8,7.05,64.7,54.1,34.3,98.0,Healthy,Low,Optimal Conditions
Pomegranate,32.17,64.64,90.02,23.66,8.28,49.5,64.4,116.3,88.0,Healthy,Low,Humidity Deviation
Pomegranate,21.54,52.68,54.64,9.1,8.29,110.5,48.8,20.3,98.0,Healthy,Low,Optimal Conditions
Pomegranate,24.78,49.74,59.89,5.37,8.17,85.1,11.6,88.6,98.0,Healthy,Low,Optimal Conditions
Pomegranate,31.54,54.03,79.4,10.13,6.33,31.0,15.7,100.1,98.0,Healthy,Low,Optimal Conditions
Pomegranate,29.58,46.68,60.86,15.1,7.54,50.4,89.2,110.7,98.0,Healthy,Low,Optimal Conditions
Pomegranate,35.8,52.52,69.14,9.24,6.5,123.0,32.0,111.3,98.0,Healthy,Low,Optimal Conditions
Pomegranate,20.15,51.84,54.15,19.64,6.89,57.7,55.3,91.6,98.0,Healthy,Low,Optimal Conditions
Pomegranate,23.17,88.49,8.07,39.52,6.02,126.3,31.5,69.8,30.3,High Risk,High,Humidity Deviation
Pomegranate,26.13,65.85,86.19,27.09,6.05,51.8,42.4,60.0,88.1,Healthy,Low,Humidity Deviation
Pomegranate,28.18,45.73,47.66,15.07,6.19,124.0,82.0,49.2,98.0,Healthy,Low,Optimal Conditions
Pomegranate,37.65,96.09,5.84,42.2,6.69,30.1,71.5,102.0,17.7,High Risk,High,Humidity Deviation
Pomegranate,23.83,48.6,72.46,6.16,7.86,130.7,54.9,21.3,98.0,Healthy,Low,Optimal Conditions
Pomegranate,21.78,45.19,72.47,5.84,6.65,82.0,79.9,41.2,98.0,Healthy,Low,Optimal Conditions
Pomegranate,32.54,60.99,70.55,20.36,6.08,125.9,70.7,43.1,98.0,Healthy,Low,Optimal Conditions
Pomegranate,20.41,47.98,50.18,14.28,7.26,134.9,73.6,23.5,98.0,Healthy,Low,Optimal Conditions
Pomegranate,33.66,36.43,38.89,30.9,6.31,106.4,13.0,40.9,94.8,Healthy,Low,Optimal Conditions
Pomegranate,26.92,59.31,42.7,7.53,6.47,70.9,14.9,116.4,98.0,Healthy,Low,Optimal Conditions
Pomegranate,19.13,34.48,22.21,20.75,8.05,37.8,87.3,17.0,74.8,At Risk,Moderate,Rainfall Deviation
Pomegranate,22.84,49.4,51.97,11.27,8.16,61.0,77.8,22.6,98.0,Healthy,Low,Optimal Conditions
Pomegranate,39.51,14.81,170.39,33.84,6.37,45.2,78.8,111.1,16.0,High Risk,High,Rainfall Deviation
Pomegranate,14.28,70.19,29.38,15.68,6.97,83.1,12.9,47.5,55.4,At Risk,Moderate,Temperature Deviation
Pomegranate,27.78,62.37,75.98,28.93,7.12,49.1,66.8,103.4,96.4,Healthy,Low,Optimal Conditions
Pomegranate,37.91,32.99,43.27,14.55,7.58,129.6,56.1,109.9,84.0,Healthy,Low,Humidity Deviation
Pomegranate,20.68,48.9,40.16,7.32,6.44,84.1,86.0,17.1,98.0,Healthy,Low,Optimal Conditions
Pomegranate,35.51,57.63,73.39,6.38,7.48,44.4,62.1,59.9,98.0,Healthy,Low,Optimal Conditions
Pomegranate,27.06,69.53,104.44,21.09,6.16,114.8,79.7,32.1,73.5,At Risk,Moderate,Humidity Deviation
Pomegranate,22.17,46.48,76.97,5.04,7.85,122.6,74.9,23.6,98.0,Healthy,Low,Optimal Conditions
Pomegranate,28.61,76.0,68.26,25.88,7.28,84.0,12.4,50.1,76.0,Healthy,Low,Humidity Deviation
Pomegranate,27.77,47.27,78.71,30.21,6.76,110.0,84.1,28.5,98.0,Healthy,Low,Optimal Conditions
Pomegranate,30.98,97.64,180.53,34.64,6.77,48.3,88.4,81.6,25.0,High Risk,High,Rainfall Deviation
Pomegranate,15.84,22.81,146.25,27.68,8.18,28.6,57.3,66.8,31.7,High Risk,High,Rainfall Deviation
Pomegranate,10.98,88.86,186.49,30.02,6.68,122.1,16.7,105.6,5.0,High Risk,High,Rainfall Deviation
Pomegranate,22.57,31.95,51.94,20.56,7.37,97.8,54.7,79.4,90.3,Healthy,Low,Humidity Deviation
Pomegranate,41.3,97.89,6.31,27.33,6.34,78.8,26.2,47.8,14.3,High Risk,High,Humidity Deviation
Pomegranate,34.77,40.67,54.07,8.87,6.02,131.4,35.1,67.7,98.0,Healthy,Low,Optimal Conditions
Pomegranate,15.42,37.77,77.15,24.07,7.37,104.9,11.5,102.8,81.3,Healthy,Low,Temperature Deviation
Pomegranate,20.64,24.2,37.33,14.1,7.18,111.9,55.1,83.9,78.7,Healthy,Low,Humidity Deviation
Pomegranate,14.61,23.64,37.42,12.18,7.9,34.9,40.8,20.3,59.2,At Risk,Moderate,Humidity Deviation
Pomegranate,30.41,27.93,76.5,22.59,6.16,77.7,87.8,24.3,85.5,Healthy,Low,Humidity Deviation
Pomegranate,13.76,42.2,40.3,11.65,6.67,30.0,70.2,85.5,78.2,Healthy,Low,Temperature Deviation
Pomegranate,14.33,89.89,123.36,42.2,7.08,70.5,17.1,83.8,12.7,High Risk,High,Humidity Deviation
Pomegranate,15.63,83.33,28.4,30.4,8.01,81.9,89.1,46.4,39.6,High Risk,High,Humidity Deviation
Pomegranate,23.25,55.42,101.06,11.08,6.51,121.0,87.8,45.9,89.5,Healthy,Low,Rainfall Deviation
Pomegranate,25.99,62.15,32.6,12.8,6.92,57.0,86.8,114.1,90.3,Healthy,Low,Rainfall Deviation
Pomegranate,38.77,63.46,73.58,25.44,8.12,35.0,87.5,39.6,83.7,Healthy,Low,Temperature Deviation
Pomegranate,21.83,59.8,62.44,9.06,6.73,134.0,82.0,51.7,98.0,Healthy,Low,Optimal Conditions
Pomegranate,33.34,58.29,73.5,18.69,7.32,120.8,85.5,108.4,98.0,Healthy,Low,Optimal Conditions
Pomegranate,25.48,26.61,49.82,15.26,6.46,81.1,26.9,90.7,83.9,Healthy,Low,Humidity Deviation
Pomegranate,50.41,93.83,169.85,50.52,7.25,72.6,48.2,92.9,5.0,High Risk,High,Temperature Deviation
Pomegranate,27.08,51.45,63.55,14.28,6.12,87.0,54.0,104.8,98.0,Healthy,Low,Optimal Conditions
Pomegranate,17.57,72.23,74.01,24.42,7.11,48.3,80.4,95.3,73.1,At Risk,Moderate,Humidity Deviation
Pomegranate,29.24,68.47,50.21,23.35,6.02,86.7,74.2,48.0,87.3,Healthy,Low,Humidity Deviation
Pomegranate,41.63,90.76,141.69,50.4,7.57,139.9,73.6,80.9,5.0,High Risk,High,Humidity Deviation
Pomegranate,25.8,45.01,74.15,11.69,7.23,135.8,76.9,97.9,98.0,Healthy,Low,Optimal Conditions
Pomegranate,20.36,42.51,69.61,11.16,6.27,108.7,25.6,76.8,98.0,Healthy,Low,Optimal Conditions
Pomegranate,29.74,29.35,49.7,18.82,7.24,55.8,44.2,115.5,87.2,Healthy,Low,Humidity Deviation
Pomegranate,35.82,44.31,52.77,6.31,7.73,22.1,73.0,75.6,98.0,Healthy,Low,Optimal Conditions
Pomegranate,25.33,35.15,75.31,30.81,7.89,23.2,72.6,32.9,94.2,Healthy,Low,Humidity Deviation
Pomegranate,39.68,31.28,28.38,10.53,7.57,33.4,26.2,59.0,64.7,At Risk,Moderate,Temperature Deviation
Pomegranate,33.07,52.47,53.33,9.77,7.57,40.5,32.4,52.1,98.0,Healthy,Low,Optimal Conditions
Pomegranate,31.41,74.17,80.89,16.29,7.83,134.7,89.2,81.6,78.3,Healthy,Low,Humidity Deviation
Pomegranate,41.74,31.09,90.59,15.9,8.28,54.3,56.0,106.6,61.1,At Risk,Moderate,Temperature Deviation
Pomegranate,29.7,54.4,65.07,11.09,8.17,93.5,27.9,99.6,98.0,Healthy,Low,Optimal Conditions
Pomegranate,23.43,55.69,95.02,28.3,6.03,50.8,24.5,63.5,92.5,Healthy,Low,Rainfall Deviation
Pomegranate,20.15,96.9,145.93,37.19,7.0,115.0,15.6,32.6,28.8,High Risk,High,Humidity Deviation
Pomegranate,34.14,48.1,50.08,15.18,6.07,113.0,65.8,20.8,98.0,Healthy,Low,Optimal Conditions
Pomegranate,26.53,39.59,38.6,28.15,8.17,47.4,38.0,38.0,98.0,Healthy,Low,Optimal Conditions
Pomegranate,31.72,42.91,43.71,10.36,6.14,41.5,15.6,107.1,98.0,Healthy,Low,Optimal Conditions
Pomegranate,27.97,70.8,81.0,25.71,6.33,101.7,83.5,86.7,83.3,Healthy,Low,Humidity Deviation
Pomegranate,28.1,54.53,41.73,16.43,6.65,90.7,87.3,119.5,98.0,Healthy,Low,Optimal Conditions
Pomegranate,30.77,70.48,74.96,10.6,7.43,112.0,73.2,80.6,84.3,Healthy,Low,Humidity Deviation
Pomegranate,20.36,57.92,57.16,14.02,6.45,37.0,16.9,98.9,98.0,Healthy,Low,Optimal Conditions
Pomegranate,27.85,31.24,54.22,20.79,6.42,74.1,13.5,117.6,89.5,Healthy,Low,Humidity Deviation
Pomegranate,23.32,20.68,43.76,13.55,7.15,26.1,85.9,40.9,76.8,Healthy,Low,Humidity Deviation
Pomegranate,40.15,64.24,74.81,22.43,7.2,119.8,41.9,30.0,77.0,Healthy,Low,Temperature Deviation
Pomegranate,15.47,80.2,45.55,24.63,6.54,62.3,21.6,28.2,53.8,At Risk,Moderate,Humidity Deviation
Pomegranate,46.39,89.9,127.73,52.1,6.84,130.2,72.3,83.9,5.0,High Risk,High,Temperature Deviation
Pomegranate,30.43,51.86,71.27,8.38,8.04,91.0,74.5,51.5,98.0,Healthy,Low,Optimal Conditions
Pomegranate,35.0,52.44,52.71,6.23,7.0,121.9,30.1,105.3,98.0,Healthy,Low,Optimal Conditions
Pomegranate,22.08,52.11,72.19,16.7,7.25,96.6,30.7,72.9,98.0,Healthy,Low,Optimal Conditions
Pomegranate,34.85,53.56,62.59,8.71,6.94,113.6,29.2,28.5,98.0,Healthy,Low,Optimal Conditions
Pomegranate,32.71,57.66,56.57,16.72,6.76,81.1,11.6,89.8,98.0,Healthy,Low,Optimal Conditions
Pomegranate,27.09,34.86,76.37,26.39,7.06,80.7,66.1,103.4,93.8,Healthy,Low,Humidity Deviation
Pomegranate,26.32,23.12,80.05,15.5,8.14,80.5,15.9,119.7,79.7,Healthy,Low,Humidity Deviation
Pomegranate,39.51,69.7,78.47,26.66,7.03,48.9,83.1,63.7,71.4,At Risk,Moderate,Humidity Deviation
Pomegranate,27.64,34.97,27.98,27.2,8.05,73.7,76.3,104.0,83.5,Healthy,Low,Rainfall Deviation
Pomegranate,26.03,43.76,66.8,10.81,7.54,125.1,43.0,117.1,98.0,Healthy,Low,Optimal Conditions
Pomegranate,23.42,50.59,55.96,6.88,6.05,109.3,84.6,61.2,98.0,Healthy,Low,Optimal Conditions
Pomegranate,31.85,57.34,52.95,8.33,6.78,129.0,43.4,83.7,98.0,Healthy,Low,Optimal Conditions
Pomegranate,24.5,44.56,42.5,6.81,6.96,87.0,35.0,59.0,98.0,Healthy,Low,Optimal Conditions
Pomegranate,28.83,64.18,91.57,21.13,6.04,53.7,22.7,20.4,87.9,Healthy,Low,Humidity Deviation
Pomegranate,30.29,26.69,86.78,17.27,7.13,55.0,23.3,42.4,80.6,Healthy,Low,Humidity Deviation
Pomegranate,32.13,58.15,57.38,17.34,6.98,73.6,48.8,101.1,98.0,Healthy,Low,Optimal Conditions
Pomegranate,42.92,14.3,176.42,39.75,6.14,130.0,85.2,62.1,5.0,High Risk,High,Rainfall Deviation
Pomegranate,27.53,42.0,55.91,6.1,7.62,53.1,51.7,16.4,98.0,Healthy,Low,Optimal Conditions
Pomegranate,27.6,35.32,99.64,20.29,7.34,25.4,87.2,53.1,84.6,Healthy,Low,Rainfall Deviation
Pomegranate,32.01,78.09,19.94,20.51,7.36,27.9,79.2,48.0,55.3,At Risk,Moderate,Humidity Deviation
Pomegranate,18.19,38.81,64.27,17.58,8.17,104.0,39.4,98.1,92.2,Healthy,Low,Temperature Deviation
Pomegranate,43.35,89.67,5.04,29.01,6.78,112.8,76.5,51.3,5.0,High Risk,High,Humidity Deviation
Pomegranate,35.33,55.22,72.28,8.34,6.98,28.2,18.8,38.2,98.0,Healthy,Low,Optimal Conditions
Pomegranate,35.95,48.44,67.92,18.57,6.57,37.4,29.5,107.7,98.0,Healthy,Low,Optimal Conditions
Pomegranate,22.52,64.93,73.03,25.77,6.63,89.6,68.5,88.3,92.6,Healthy,Low,Humidity Deviation
Pomegranate,15.73,42.57,82.38,28.12,6.94,116.4,12.6,29.1,83.8,Healthy,Low,Temperature Deviation
Pomegranate,30.15,76.3,35.5,27.22,8.24,68.7,88.4,40.8,71.6,At Risk,Moderate,Humidity Deviation
Pomegranate,44.91,95.55,162.78,30.03,7.08,23.3,44.4,88.5,5.0,High Risk,High,Rainfall Deviation
Pomegranate,32.96,41.06,41.38,5.41,6.64,76.1,18.6,119.7,98.0,Healthy,Low,Optimal Conditions
Pomegranate,36.89,10.17,138.48,52.33,7.98,127.0,75.5,104.4,12.2,High Risk,High,Humidity Deviation
Pomegranate,36.21,18.44,97.73,28.43,7.07,47.1,81.2,82.0,64.4,At Risk,Moderate,Humidity Deviation
Pomegranate,21.79,55.04,52.68,14.09,7.31,104.0,53.0,81.2,98.0,Healthy,Low,Optimal Conditions
Pomegranate,30.64,43.88,55.68,12.69,7.58,109.1,66.4,25.0,98.0,Healthy,Low,Optimal Conditions
Pomegranate,24.49,47.97,65.87,7.89,7.15,126.2,68.5,91.2,98.0,Healthy,Low,Optimal Conditions
Pomegranate,40.44,98.53,1.97,28.73,6.38,137.9,71.6,17.7,14.0,High Risk,High,Humidity Deviation
Pomegranate,18.35,30.23,77.05,11.38,7.66,74.2,81.9,111.9,82.5,Healthy,Low,Humidity Deviation
Pomegranate,35.94,59.4,65.09,17.38,6.04,136.4,46.5,110.5,98.0,Healthy,Low,Optimal Conditions
Pomegranate,32.61,48.36,54.51,19.2,7.61,120.8,53.5,111.4,98.0,Healthy,Low,Optimal Conditions
Pomegranate,33.67,24.2,60.34,30.64,7.86,134.2,81.8,109.0,81.0,Healthy,Low,Humidity Deviation
Pomegranate,23.7,56.19,59.66,19.13,8.06,127.2,36.1,29.0,98.0,Healthy,Low,Optimal Conditions
Pomegranate,21.04,27.42,30.17,15.46,6.91,135.1,43.9,42.3,76.3,Healthy,Low,Humidity Deviation
Pomegranate,21.78,66.86,50.02,19.42,7.0,97.5,67.8,103.9,89.7,Healthy,Low,Humidity Deviation
Pomegranate,28.08,70.78,22.06,12.14,7.96,25.9,32.7,113.5,68.1,At Risk,Moderate,Humidity Deviation
Pomegranate,22.43,70.4,34.39,16.26,7.89,115.5,76.1,38.0,79.5,Healthy,Low,Humidity Deviation
Pomegranate,45.12,13.93,7.12,40.1,7.76,132.5,23.3,105.5,5.0,High Risk,High,Temperature Deviation
Pomegranate,16.76,91.89,9.53,45.88,7.36,36.4,58.8,46.0,10.7,High Risk,High,Humidity Deviation
Pomegranate,38.56,31.85,74.43,24.11,6.09,60.9,21.6,39.1,80.0,Healthy,Low,Temperature Deviation
Pomegranate,27.89,41.86,44.05,15.11,6.93,41.2,28.8,90.6,98.0,Healthy,Low,Optimal Conditions
Pomegranate,28.14,47.21,72.45,16.85,7.59,66.2,60.5,82.2,98.0,Healthy,Low,Optimal Conditions
Pomegranate,34.08,59.7,52.58,17.02,7.15,75.6,40.9,45.7,98.0,Healthy,Low,Optimal Conditions
Pomegranate,5.48,13.08,1.76,38.87,8.24,101.1,13.0,38.2,5.0,High Risk,High,Temperature Deviation
Pomegranate,16.34,28.13,17.36,19.74,8.2,80.3,20.6,45.6,53.1,At Risk,Moderate,Rainfall Deviation
Pomegranate,18.75,29.42,49.07,13.68,8.17,26.4,44.7,25.2,82.9,Healthy,Low,Humidity Deviation
Pomegranate,34.62,58.08,64.61,19.49,7.13,113.9,17.8,56.5,98.0,Healthy,Low,Optimal Conditions
Pomegranate,29.07,29.64,98.95,23.79,7.32,121.1,40.3,48.2,78.1,Healthy,Low,Humidity Deviation
Pomegranate,39.64,29.51,76.24,29.45,8.01,43.5,48.5,38.4,72.8,At Risk,Moderate,Temperature Deviation
Pomegranate,37.69,19.33,148.99,26.15,7.46,72.0,24.7,69.9,34.0,High Risk,High,Rainfall Deviation
Pomegranate,27.84,75.48,80.97,11.4,6.41,126.3,81.7,36.2,76.3,Healthy,Low,Humidity Deviation
Pomegranate,33.28,44.08,75.23,17.35,7.86,127.0,81.0,111.3,98.0,Healthy,Low,Optimal Conditions
Pomegranate,32.76,93.43,7.28,56.23,6.27,29.9,35.6,72.4,11.4,High Risk,High,Humidity Deviation
Pomegranate,31.46,51.12,69.94,10.37,6.92,116.9,31.4,55.0,98.0,Healthy,Low,Optimal Conditions
Pomegranate,28.89,57.03,41.12,14.21,7.94,79.3,35.0,119.6,98.0,Healthy,Low,Optimal Conditions
Pomegranate,23.37,57.7,51.89,17.3,6.77,117.4,64.9,64.2,98.0,Healthy,Low,Optimal Conditions
Pomegranate,32.35,77.17,84.55,20.79,7.54,40.5,74.8,53.4,72.0,At Risk,Moderate,Humidity Deviation
Pomegranate,23.05,45.06,47.12,8.63,8.29,84.5,58.2,32.4,98.0,Healthy,Low,Optimal Conditions
Pomegranate,24.97,55.4,62.35,5.16,7.81,32.5,45.2,119.9,98.0,Healthy,Low,Optimal Conditions
Pomegranate,33.04,55.98,57.8,19.82,6.71,57.9,22.2,53.8,98.0,Healthy,Low,Optimal Conditions
Pomegranate,29.67,40.81,52.41,5.07,6.01,118.4,70.0,93.1,98.0,Healthy,Low,Optimal Conditions
Pomegranate,31.19,45.13,52.38,13.44,7.61,51.9,64.3,116.1,98.0,Healthy,Low,Optimal Conditions
Pomegranate,38.17,40.95,31.6,14.73,6.97,60.2,73.0,93.5,84.0,Healthy,Low,Temperature Deviation
Pomegranate,35.88,59.48,76.71,13.8,6.95,57.6,11.2,81.3,98.0,Healthy,Low,Optimal Conditions
Pomegranate,39.2,67.64,89.56,23.15,6.84,120.4,73.0,33.2,71.0,At Risk,Moderate,Temperature Deviation
Pomegranate,25.06,48.08,46.97,17.83,6.08,78.0,14.4,71.3,98.0,Healthy,Low,Optimal Conditions
Pomegranate,29.95,38.28,64.83,11.29,7.44,137.8,48.7,58.4,97.9,Healthy,Low,Optimal Conditions
Pomegranate,24.49,14.07,185.6,55.99,7.5,83.9,36.2,45.7,5.0,High Risk,High,Rainfall Deviation
Pomegranate,26.85,76.03,26.71,11.48,7.55,92.6,89.1,39.3,64.3,At Risk,Moderate,Humidity Deviation
Pomegranate,27.38,57.23,56.58,16.58,6.36,69.2,22.4,114.7,98.0,Healthy,Low,Optimal Conditions
Pomegranate,26.71,41.65,76.86,14.36,8.21,25.1,24.0,54.9,98.0,Healthy,Low,Optimal Conditions
Pomegranate,35.32,66.97,69.02,31.23,8.22,33.6,66.4,39.0,89.5,Healthy,Low,Humidity Deviation
Pomegranate,31.12,67.78,87.83,10.49,7.26,55.8,70.6,64.2,84.4,Healthy,Low,Humidity Deviation
Pomegranate,33.96,24.09,4.86,29.68,6.47,88.2,32.4,111.3,50.2,At Risk,Moderate,Rainfall Deviation
Pomegranate,18.55,88.97,9.65,56.52,6.2,64.8,17.6,110.8,8.4,High Risk,High,Humidity Deviation
Pomegranate,26.81,57.24,50.06,6.58,6.29,68.6,44.3,90.4,98.0,Healthy,Low,Optimal Conditions
Pomegranate,31.23,59.98,74.57,14.53,8.16,138.9,55.6,43.7,98.0,Healthy,Low,Optimal Conditions
Pomegranate,38.9,10.45,3.43,31.47,7.59,64.1,30.5,50.5,26.4,High Risk,High,Rainfall Deviation
Pomegranate,28.7,42.67,60.35,9.68,8.15,70.6,18.0,113.0,98.0,Healthy,Low,Optimal Conditions
Pomegranate,41.68,94.55,122.26,44.2,6.73,87.2,59.8,47.7,7.4,High Risk,High,Humidity Deviation
Pomegranate,28.53,28.55,64.82,19.46,6.38,132.6,73.3,29.6,86.3,Healthy,Low,Humidity Deviation
Pomegranate,21.29,54.93,47.65,17.07,6.17,88.8,58.7,50.1,98.0,Healthy,Low,Optimal Conditions
Pomegranate,25.18,49.91,78.76,11.7,6.44,23.1,10.7,58.8,98.0,Healthy,Low,Optimal Conditions
Pomegranate,21.84,43.44,54.0,15.3,7.4,29.6,21.4,110.4,98.0,Healthy,Low,Optimal Conditions
Pomegranate,23.18,46.36,49.2,9.36,7.67,31.4,38.2,79.2,98.0,Healthy,Low,Optimal Conditions
Pomegranate,20.71,49.97,75.99,11.67,6.94,21.2,68.6,32.2,98.0,Healthy,Low,Optimal Conditions
Pomegranate,19.0,75.26,49.5,23.46,7.29,66.9,15.8,80.2,73.6,At Risk,Moderate,Humidity Deviation
Pomegranate,26.86,44.68,49.98,16.81,7.1,33.1,13.7,38.6,98.0,Healthy,Low,Optimal Conditions
Pomegranate,18.8,51.84,75.16,15.15,8.18,55.9,43.9,88.7,95.8,Healthy,Low,Optimal Conditions
Pomegranate,34.44,51.78,62.69,13.31,6.26,114.9,55.8,20.6,98.0,Healthy,Low,Optimal Conditions
Pomegranate,10.33,94.96,195.36,30.97,7.97,108.2,37.3,109.2,5.0,High Risk,High,Rainfall Deviation
Pomegranate,14.11,30.42,45.23,28.26,6.67,64.1,29.2,52.2,67.9,At Risk,Moderate,Temperature Deviation
Pomegranate,20.81,46.75,23.51,30.75,6.96,35.2,13.3,49.6,85.6,Healthy,Low,Rainfall Deviation
Pomegranate,14.34,18.38,125.46,25.63,7.48,87.9,88.3,68.3,31.5,High Risk,High,Humidity Deviation
Pomegranate,32.91,79.52,90.32,29.83,6.65,128.3,62.9,23.2,65.6,At Risk,Moderate,Humidity Deviation
Pomegranate,27.63,47.05,44.64,13.27,6.3,129.8,79.2,64.9,98.0,Healthy,Low,Optimal Conditions
Pomegranate,28.84,51.84,75.54,6.01,7.59,87.5,24.0,27.8,98.0,Healthy,Low,Optimal Conditions
Pomegranate,18.18,34.35,50.49,20.89,6.72,42.8,11.8,76.7,86.8,Healthy,Low,Humidity Deviation
Pomegranate,33.73,59.66,58.31,6.73,7.34,88.9,20.7,82.9,98.0,Healthy,Low,Optimal Conditions
Pomegranate,33.53,51.76,57.32,19.45,7.13,126.5,31.1,61.4,98.0,Healthy,Low,Optimal Conditions
Pomegranate,26.76,57.89,73.18,19.64,7.72,52.6,22.9,33.8,98.0,Healthy,Low,Optimal Conditions
Pomegranate,36.38,65.09,98.48,18.19,6.35,62.9,68.1,50.2,81.6,Healthy,Low,Rainfall Deviation
Pomegranate,28.74,30.83,32.47,19.4,7.37,129.3,84.9,118.1,82.4,Healthy,Low,Humidity Deviation
Pomegranate,40.72,70.79,25.56,23.8,6.1,42.5,60.6,57.3,52.3,At Risk,Moderate,Temperature Deviation
Pomegranate,30.49,57.33,67.14,11.95,7.52,103.5,72.0,47.2,98.0,Healthy,Low,Optimal Conditions
Pomegranate,30.91,42.42,58.48,8.46,6.76,76.5,81.7,86.4,98.0,Healthy,Low,Optimal Conditions
Pomegranate,34.07,50.01,48.17,12.91,6.44,64.1,74.4,84.2,98.0,Healthy,Low,Optimal Conditions
Pomegranate,32.97,37.18,28.93,26.24,7.74,119.4,10.4,51.9,86.9,Healthy,Low,Rainfall Deviation
Pomegranate,28.12,58.18,56.32,18.1,8.18,48.5,10.8,92.7,98.0,Healthy,Low,Optimal Conditions
Pomegranate,21.47,21.78,77.65,30.59,7.93,111.7,71.1,70.4,78.1,Healthy,Low,Humidity Deviation
Pomegranate,24.57,51.56,52.65,16.72,6.86,33.7,72.6,88.3,98.0,Healthy,Low,Optimal Conditions
Pomegranate,35.7,48.06,67.22,18.66,6.36,125.5,66.3,32.6,98.0,Healthy,Low,Optimal Conditions
Pomegranate,26.26,31.39,35.71,29.91,8.06,99.3,66.7,80.2,85.9,Healthy,Low,Humidity Deviation
Pomegranate,37.51,72.48,39.48,31.71,7.83,91.4,58.5,41.1,74.8,At Risk,Moderate,Humidity Deviation
Pomegranate,39.56,74.78,74.77,12.72,6.22,33.7,29.8,97.1,63.6,At Risk,Moderate,Humidity Deviation
Pomegranate,24.5,57.61,57.69,12.63,6.01,29.9,69.2,50.0,98.0,Healthy,Low,Optimal Conditions
Pomegranate,26.86,40.9,68.38,6.2,6.13,70.4,57.0,95.2,98.0,Healthy,Low,Optimal Conditions
Pomegranate,25.36,45.37,69.75,10.54,7.44,78.7,55.6,53.4,98.0,Healthy,Low,Optimal Conditions
Pomegranate,20.96,43.47,46.9,19.02,8.16,50.7,18.5,44.6,98.0,Healthy,Low,Optimal Conditions
Pomegranate,34.79,60.54,78.97,15.76,6.49,118.2,36.6,100.5,98.0,Healthy,Low,Optimal Conditions
Pomegranate,25.69,42.05,59.86,10.72,6.01,75.8,16.0,102.9,98.0,Healthy,Low,Optimal Conditions
Pomegranate,24.92,55.56,44.11,13.44,7.39,85.0,46.2,96.6,98.0,Healthy,Low,Optimal Conditions
Pomegranate,25.65,50.82,77.77,10.16,7.02,52.0,64.4,53.2,98.0,Healthy,Low,Optimal Conditions
Pomegranate,14.34,20.13,84.69,22.23,7.78,86.9,58.2,41.1,54.0,At Risk,Moderate,Humidity Deviation
Pomegranate,22.91,40.42,69.89,10.5,7.14,52.6,50.4,24.5,98.0,Healthy,Low,Optimal Conditions
Pomegranate,47.78,97.27,158.58,49.34,7.31,51.7,39.6,62.1,5.0,High Risk,High,Temperature Deviation
Pomegranate,34.08,50.23,70.04,7.58,7.28,131.1,27.1,51.3,98.0,Healthy,Low,Optimal Conditions
Pomegranate,26.13,52.01,55.75,15.11,7.11,38.9,85.9,40.1,98.0,Healthy,Low,Optimal Conditions
Pomegranate,25.5,57.89,77.81,11.22,7.84,27.6,89.7,105.5,98.0,Healthy,Low,Optimal Conditions
Pomegranate,23.5,96.79,3.05,49.22,6.15,44.1,61.4,110.3,11.3,High Risk,High,Humidity Deviation
Pomegranate,36.79,58.72,66.91,30.08,7.36,39.0,28.4,27.7,96.8,Healthy,Low,Optimal Conditions
Pomegranate,47.17,90.45,0.0,39.68,7.83,86.2,16.6,55.5,5.0,High Risk,High,Temperature Deviation
Pomegranate,32.96,52.5,71.1,10.58,7.59,27.8,12.9,45.2,98.0,Healthy,Low,Optimal Conditions
Pomegranate,40.99,34.81,32.34,27.94,7.96,62.2,37.5,110.9,67.1,At Risk,Moderate,Temperature Deviation
Pomegranate,31.31,47.56,69.25,7.6,7.92,138.0,71.3,52.7,98.0,Healthy,Low,Optimal Conditions
Pomegranate,12.84,36.88,85.47,30.99,7.84,103.3,84.0,31.8,68.5,At Risk,Moderate,Temperature Deviation
Pomegranate,33.49,42.03,77.42,16.18,7.01,60.6,21.8,24.8,98.0,Healthy,Low,Optimal Conditions
Pomegranate,33.49,50.64,58.05,9.79,6.36,138.8,12.1,47.7,98.0,Healthy,Low,Optimal Conditions
Pomegranate,28.23,65.19,68.39,11.8,7.58,130.0,70.5,80.0,92.2,Healthy,Low,Humidity Deviation
Pomegranate,33.24,59.31,50.51,11.31,6.03,119.8,11.7,66.1,98.0,Healthy,Low,Optimal Conditions
Pomegranate,16.18,40.71,95.84,18.05,6.58,102.2,34.2,112.3,78.7,Healthy,Low,Temperature Deviation
Pomegranate,20.46,44.42,64.26,17.52,6.39,90.2,21.5,74.1,98.0,Healthy,Low,Optimal Conditions
Pomegranate,28.92,50.44,41.71,15.34,7.32,94.8,52.4,90.8,98.0,Healthy,Low,Optimal Conditions
Pomegranate,12.33,82.14,26.62,22.3,6.9,69.1,36.3,30.2,28.3,High Risk,High,Humidity Deviation
Pomegranate,34.09,20.86,40.11,25.71,7.65,57.0,34.3,48.7,77.0,Healthy,Low,Humidity Deviation
Pomegranate,31.48,96.29,170.27,41.46,7.46,105.6,61.6,116.0,15.3,High Risk,High,Rainfall Deviation
Pomegranate,37.81,42.37,37.67,27.95,6.09,81.7,83.6,107.9,90.7,Healthy,Low,Temperature Deviation
Pomegranate,23.29,95.46,4.9,27.31,7.5,53.9,16.6,23.3,34.3,High Risk,High,Humidity Deviation
Watermelon,29.95,57.95,57.03,18.47,5.81,119.5,52.3,105.4,98.0,Healthy,Low,Optimal Conditions
Watermelon,29.3,53.45,42.89,7.18,6.54,84.0,47.4,16.3,98.0,Healthy,Low,Optimal Conditions
Watermelon,28.98,27.31,85.11,13.28,6.4,96.4,85.6,109.4,70.1,At Risk,Moderate,Humidity Deviation
Watermelon,27.56,86.11,68.31,31.74,6.05,66.0,70.2,38.8,68.3,At Risk,Moderate,Humidity Deviation
Watermelon,20.36,84.8,28.59,24.22,7.09,26.7,39.9,82.4,47.6,High Risk,High,Humidity Deviation
Watermelon,19.24,14.41,3.86,30.28,6.3,86.2,31.4,59.3,21.7,High Risk,High,Rainfall Deviation
Watermelon,28.68,68.66,66.57,15.75,6.81,33.5,82.8,65.1,94.5,Healthy,Low,Humidity Deviation
Watermelon,47.11,92.88,4.74,32.03,5.83,28.2,76.4,110.2,5.0,High Risk,High,Temperature Deviation
Watermelon,29.32,70.18,80.28,17.85,6.25,64.0,11.6,91.7,86.4,Healthy,Low,Humidity Deviation
Watermelon,38.13,73.47,62.4,25.28,6.39,108.4,12.9,75.3,74.8,At Risk,Moderate,Humidity Deviation
Watermelon,28.73,55.35,43.71,19.03,6.91,30.2,16.4,37.1,98.0,Healthy,Low,Optimal Conditions
Watermelon,29.41,55.73,44.37,19.6,7.15,96.0,32.2,110.6,98.0,Healthy,Low,Optimal Conditions
Watermelon,27.51,52.06,41.44,5.93,6.45,125.8,85.4,96.5,98.0,Healthy,Low,Optimal Conditions
Watermelon,27.42,49.31,56.15,12.24,6.43,57.9,56.6,78.8,98.0,Healthy,Low,Optimal Conditions
Watermelon,20.66,88.11,1.09,44.85,5.69,70.5,51.1,88.3,5.0,High Risk,High,Humidity Deviation
Watermelon,29.72,79.45,83.31,12.04,6.54,116.1,78.3,56.6,70.7,At Risk,Moderate,Humidity Deviation
Watermelon,21.16,79.41,55.8,22.38,6.47,136.1,21.2,72.1,68.4,At Risk,Moderate,Humidity Deviation
Watermelon,48.33,13.49,134.29,31.81,5.93,104.5,56.6,109.8,5.0,High Risk,High,Temperature Deviation
Watermelon,24.46,64.9,49.38,7.43,7.47,87.5,21.9,102.8,98.0,Healthy,Low,Optimal Conditions
Watermelon,12.18,95.5,160.93,28.33,6.73,118.0,23.8,28.4,5.0,High Risk,High,Temperature Deviation
Watermelon,27.08,64.3,63.41,5.9,7.07,40.4,38.6,48.4,98.0,Healthy,Low,Optimal Conditions
Watermelon,27.4,60.08,48.0,17.01,5.68,91.4,79.0,23.3,98.0,Healthy,Low,Optimal Conditions
Watermelon,30.99,31.04,29.57,21.06,7.05,91.2,29.9,119.9,74.1,At Risk,Moderate,Humidity Deviation
Watermelon,31.51,54.79,43.66,19.38,6.17,98.8,69.0,56.4,98.0,Healthy,Low,Optimal Conditions
Watermelon,24.65,64.03,57.46,15.75,6.44,48.0,89.6,116.6,98.0,Healthy,Low,Optimal Conditions
Watermelon,23.0,18.32,135.83,46.93,5.7,94.6,52.2,89.8,11.0,High Risk,High,Rainfall Deviation
Watermelon,25.58,49.72,60.51,12.17,6.58,58.8,76.9,119.9,98.0,Healthy,Low,Optimal Conditions
Watermelon,31.91,48.42,62.27,11.46,6.71,48.5,78.1,33.2,98.0,Healthy,Low,Optimal Conditions
Watermelon,41.13,97.49,2.16,25.96,6.28,65.3,59.8,106.0,7.4,High Risk,High,Humidity Deviation
Watermelon,37.81,72.38,75.1,26.91,6.78,130.7,47.9,70.8,74.8,At Risk,Moderate,Temperature Deviation
Watermelon,33.9,50.25,69.35,8.03,6.01,78.2,62.8,61.3,98.0,Healthy,Low,Optimal Conditions
Watermelon,29.94,64.17,68.86,9.92,6.86,106.6,62.3,26.9,98.0,Healthy,Low,Optimal Conditions
Watermelon,35.08,49.68,78.19,21.94,7.25,75.5,60.7,40.9,95.0,Healthy,Low,Optimal Conditions
Watermelon,29.97,57.26,59.67,16.53,7.35,48.8,59.6,61.5,98.0,Healthy,Low,Optimal Conditions
Watermelon,28.99,60.81,42.37,14.09,6.32,98.5,75.7,71.9,98.0,Healthy,Low,Optimal Conditions
Watermelon,24.99,50.77,50.94,14.62,6.28,68.3,33.2,53.1,98.0,Healthy,Low,Optimal Conditions
Watermelon,32.08,64.66,62.04,6.1,6.77,104.3,72.3,95.1,98.0,Healthy,Low,Optimal Conditions
Watermelon,38.24,53.7,56.64,23.46,6.46,70.0,52.0,106.6,87.0,Healthy,Low,Temperature Deviation
Watermelon,29.98,59.02,69.12,16.1,6.6,112.0,89.8,108.3,98.0,Healthy,Low,Optimal Conditions
Watermelon,30.32,60.73,60.16,11.25,6.14,95.2,43.0,56.2,98.0,Healthy,Low,Optimal Conditions
Watermelon,44.31,94.89,152.71,25.1,5.72,23.0,23.5,22.6,5.0,High Risk,High,Rainfall Deviation
Watermelon,29.92,58.39,67.56,16.09,5.56,76.2,64.1,48.1,98.0,Healthy,Low,Optimal Conditions
Watermelon,32.83,45.94,56.19,17.07,7.09,34.5,77.6,23.1,98.0,Healthy,Low,Optimal Conditions
Watermelon,40.82,12.38,156.31,43.25,6.16,103.6,50.1,75.7,5.0,High Risk,High,Rainfall Deviation
Watermelon,34.19,47.21,60.71,18.29,5.67,23.5,36.7,97.9,98.0,Healthy,Low,Optimal Conditions
Watermelon,27.24,76.6,33.81,11.63,7.07,53.1,67.8,21.2,77.2,Healthy,Low,Humidity Deviation
Watermelon,39.69,85.96,24.75,18.44,7.08,51.3,48.3,21.6,36.4,High Risk,High,Humidity Deviation
Watermelon,26.3,54.27,64.63,10.32,6.26,56.1,35.6,57.4,98.0,Healthy,Low,Optimal Conditions
Watermelon,18.76,97.84,128.7,31.65,6.49,66.0,37.9,97.3,13.1,High Risk,High,Humidity Deviation
Watermelon,29.91,51.73,66.8,7.33,5.85,33.3,70.6,32.0,98.0,Healthy,Low,Optimal Conditions
Watermelon,32.72,46.59,38.72,18.42,6.6,105.3,47.2,50.0,98.0,Healthy,Low,Optimal Conditions
Watermelon,21.28,98.2,8.93,42.8,5.63,37.2,33.6,114.7,16.6,High Risk,High,Humidity Deviation
Watermelon,22.66,77.07,47.82,25.35,7.09,103.9,20.3,117.8,77.2,Healthy,Low,Humidity Deviation
Watermelon,27.85,59.14,44.21,7.56,7.25,59.8,63.2,105.2,98.0,Healthy,Low,Optimal Conditions
Watermelon,48.33,23.71,144.19,49.53,5.93,74.1,35.8,39.4,5.0,High Risk,High,Temperature Deviation
Watermelon,30.73,46.12,61.08,18.42,6.19,69.6,57.2,85.0,98.0,Healthy,Low,Optimal Conditions
Watermelon,24.34,72.58,43.36,29.24,6.4,65.2,24.3,55.7,88.6,Healthy,Low,Humidity Deviation
Watermelon,34.94,45.61,47.17,6.03,7.21,70.1,73.7,87.7,98.0,Healthy,Low,Optimal Conditions
Watermelon,42.53,15.7,145.67,28.31,6.04,56.6,36.7,102.8,5.0,High Risk,High,Rainfall Deviation
Watermelon,40.09,53.19,30.38,17.68,7.24,136.8,40.9,82.2,71.2,At Risk,Moderate,Temperature Deviation
Watermelon,34.15,35.23,39.29,18.67,7.18,70.0,24.1,68.6,87.7,Healthy,Low,Humidity Deviation
Watermelon,25.01,58.25,64.36,10.34,7.02,90.3,31.8,51.1,98.0,Healthy,Low,Optimal Conditions
Watermelon,18.84,96.21,158.6,46.69,5.65,25.8,34.5,113.6,5.0,High Risk,High,Rainfall Deviation
Watermelon,36.83,44.3,54.19,16.42,7.36,109.7,54.7,40.2,91.8,Healthy,Low,Temperature Deviation
Watermelon,18.74,35.23,85.37,26.77,5.55,71.6,78.6,66.4,61.1,At Risk,Moderate,Temperature Deviation
Watermelon,21.69,25.22,22.7,16.43,6.76,34.7,27.5,60.1,53.1,At Risk,Moderate,Humidity Deviation
Watermelon,26.83,59.0,48.4,14.56,6.49,112.1,70.1,35.7,98.0,Healthy,Low,Optimal Conditions
Watermelon,16.48,20.55,4.78,56.05,7.35,78.8,43.0,44.2,5.0,High Risk,High,Rainfall Deviation
Watermelon,13.29,96.25,106.44,59.38,6.64,26.1,79.1,115.0,5.0,High Risk,High,Temperature Deviation
Watermelon,19.44,65.34,39.2,18.96,6.53,74.8,89.0,18.7,82.8,Healthy,Low,Temperature Deviation
Watermelon,34.65,52.39,51.95,14.47,7.31,55.3,85.8,44.7,98.0,Healthy,Low,Optimal Conditions
Watermelon,9.34,14.29,147.81,50.34,6.79,98.1,81.0,115.5,5.0,High Risk,High,Temperature Deviation
Watermelon,35.57,39.18,31.74,24.51,6.67,42.5,42.8,86.0,83.5,Healthy,Low,Rainfall Deviation
Watermelon,29.6,50.1,42.15,10.82,6.96,45.7,70.4,85.3,98.0,Healthy,Low,Optimal Conditions
Watermelon,31.7,32.19,89.67,14.07,5.93,52.2,76.7,83.0,73.4,At Risk,Moderate,Humidity Deviation
Watermelon,29.04,64.5,61.97,19.01,7.12,107.0,76.4,87.7,98.0,Healthy,Low,Optimal Conditions
Watermelon,28.81,85.44,39.31,14.18,7.02,58.5,45.3,94.3,68.7,At Risk,Moderate,Humidity Deviation
Watermelon,39.4,69.81,17.64,20.83,6.88,68.8,81.1,70.6,55.6,At Risk,Moderate,Rainfall Deviation
Watermelon,29.83,56.55,68.61,11.33,7.29,58.4,46.2,85.9,98.0,Healthy,Low,Optimal Conditions
Watermelon,37.65,14.31,4.4,26.65,6.9,94.3,85.6,57.2,28.2,High Risk,High,Rainfall Deviation
Watermelon,24.75,48.05,60.75,8.53,7.05,104.7,69.8,87.5,98.0,Healthy,Low,Optimal Conditions
Watermelon,19.04,62.44,34.93,17.35,7.02,99.0,79.1,15.5,78.2,Healthy,Low,Temperature Deviation
Watermelon,36.04,65.91,27.99,31.5,6.03,53.9,68.6,76.1,84.0,Healthy,Low,Rainfall Deviation
Watermelon,21.97,41.85,43.41,16.14,5.51,80.2,81.6,82.6,89.1,Healthy,Low,Temperature Deviation
Watermelon,28.17,49.94,60.11,11.85,5.85,74.8,84.5,58.1,98.0,Healthy,Low,Optimal Conditions
Watermelon,21.22,91.57,170.0,31.74,6.03,73.7,35.2,28.6,15.3,High Risk,High,Rainfall Deviation
Watermelon,39.6,56.05,86.23,20.23,5.89,71.6,26.5,45.2,72.3,At Risk,Moderate,Temperature Deviation
Watermelon,32.37,55.16,63.79,18.16,6.72,68.9,78.5,74.6,98.0,Healthy,Low,Optimal Conditions
Watermelon,19.89,97.08,149.74,35.04,7.03,35.2,54.5,98.4,10.5,High Risk,High,Rainfall Deviation
Watermelon,24.95,30.12,27.82,24.19,6.5,127.4,34.1,97.7,71.5,At Risk,Moderate,Humidity Deviation
Watermelon,32.98,63.42,58.82,16.04,7.48,65.4,12.3,86.7,98.0,Healthy,Low,Optimal Conditions
Watermelon,30.25,56.95,57.54,7.49,5.65,128.9,53.3,48.9,98.0,Healthy,Low,Optimal Conditions
Watermelon,34.64,42.76,81.62,14.13,6.5,32.7,71.1,47.7,90.7,Healthy,Low,Rainfall Deviation
Watermelon,34.4,53.44,63.69,14.56,6.13,34.9,73.8,95.1,98.0,Healthy,Low,Optimal Conditions
Watermelon,26.74,60.32,69.51,17.65,6.87,129.9,32.8,16.0,98.0,Healthy,Low,Optimal Conditions
Watermelon,34.69,62.64,41.51,12.53,5.66,114.7,39.8,110.8,98.0,Healthy,Low,Optimal Conditions
Watermelon,32.07,52.99,48.05,12.76,6.47,61.9,61.9,84.4,98.0,Healthy,Low,Optimal Conditions
Watermelon,30.55,59.21,42.28,14.89,7.11,119.8,13.3,88.2,98.0,Healthy,Low,Optimal Conditions
Watermelon,19.35,40.38,45.4,20.74,6.39,36.9,88.4,33.6,78.2,Healthy,Low,Temperature Deviation
Watermelon,38.09,64.85,81.46,15.44,7.11,43.9,54.7,110.8,81.1,Healthy,Low,Temperature Deviation
Watermelon,24.9,56.05,45.17,15.93,6.68,61.6,66.5,40.0,98.0,Healthy,Low,Optimal Conditions
Watermelon,20.8,24.42,2.96,37.13,6.2,43.9,59.8,84.5,28.5,High Risk,High,Rainfall Deviation
Watermelon,37.58,91.67,149.72,29.5,6.13,76.1,34.1,116.9,14.7,High Risk,High,Rainfall Deviation
Watermelon,21.18,71.57,85.14,21.63,6.2,114.9,71.7,102.2,71.6,At Risk,Moderate,Temperature Deviation
Watermelon,47.72,92.04,8.84,50.16,5.61,76.6,31.0,23.9,5.0,High Risk,High,Temperature Deviation
Watermelon,23.9,83.29,37.34,31.34,6.98,46.7,60.7,51.3,69.9,At Risk,Moderate,Humidity Deviation
Watermelon,41.23,93.13,0.42,37.16,5.93,52.1,88.3,46.9,5.0,High Risk,High,Humidity Deviation
Watermelon,20.57,98.61,121.78,42.99,5.98,45.1,31.7,28.6,11.4,High Risk,High,Humidity Deviation
Watermelon,37.85,38.43,24.21,17.06,6.25,50.7,18.1,69.8,66.9,At Risk,Moderate,Rainfall Deviation
Watermelon,23.56,24.57,154.65,42.23,7.28,44.9,89.5,62.9,23.1,High Risk,High,Rainfall Deviation
Watermelon,33.82,46.53,59.27,5.93,7.39,96.8,41.8,59.6,98.0,Healthy,Low,Optimal Conditions
Watermelon,27.96,63.08,64.16,14.92,7.44,88.8,24.1,89.9,98.0,Healthy,Low,Optimal Conditions
Watermelon,39.43,39.91,66.53,19.78,5.56,129.8,86.7,23.8,76.2,Healthy,Low,Temperature Deviation
Watermelon,24.72,36.74,81.03,19.39,6.23,46.6,30.2,33.5,83.8,Healthy,Low,Humidity Deviation
Watermelon,12.79,97.61,8.56,37.89,5.9,24.5,43.3,97.9,5.0,High Risk,High,Temperature Deviation
Watermelon,40.08,20.57,1.79,47.25,6.29,94.4,28.8,43.8,5.0,High Risk,High,Rainfall Deviation
Watermelon,30.74,61.82,51.35,8.13,7.15,97.3,81.5,15.7,98.0,Healthy,Low,Optimal Conditions
Watermelon,33.91,58.51,54.07,11.22,7.29,119.8,11.0,27.7,98.0,Healthy,Low,Optimal Conditions
Watermelon,39.67,38.23,40.64,10.91,6.15,122.0,30.0,117.5,73.2,At Risk,Moderate,Temperature Deviation
Watermelon,21.96,78.12,29.07,16.87,6.45,37.7,76.2,21.9,63.6,At Risk,Moderate,Humidity Deviation
Watermelon,23.92,15.63,124.79,53.54,6.16,106.9,15.2,70.0,13.4,High Risk,High,Rainfall Deviation
Watermelon,13.23,21.93,9.75,47.3,7.11,47.1,57.1,20.6,5.0,High Risk,High,Temperature Deviation
Watermelon,25.21,67.99,75.5,21.67,6.7,107.9,32.2,57.1,92.4,Healthy,Low,Optimal Conditions
Watermelon,20.15,84.79,66.53,11.05,6.62,95.5,73.3,58.5,56.8,At Risk,Moderate,Humidity Deviation
Watermelon,31.17,62.8,43.59,7.74,6.16,98.0,51.9,89.8,98.0,Healthy,Low,Optimal Conditions
Watermelon,32.92,64.75,41.4,12.43,6.98,77.2,57.4,111.7,98.0,Healthy,Low,Optimal Conditions
Watermelon,22.67,64.24,77.25,13.43,6.37,88.0,50.8,75.3,91.2,Healthy,Low,Optimal Conditions
Watermelon,38.07,81.43,91.05,22.65,6.18,45.0,27.0,50.5,51.1,At Risk,Moderate,Humidity Deviation
Watermelon,37.02,34.84,77.51,27.68,7.15,122.9,57.1,88.4,75.4,Healthy,Low,Humidity Deviation
Watermelon,25.1,55.66,40.32,11.99,5.7,33.0,79.7,82.3,98.0,Healthy,Low,Optimal Conditions
Watermelon,33.96,73.26,42.7,15.12,7.33,136.1,82.1,51.4,87.6,Healthy,Low,Humidity Deviation
Watermelon,26.01,62.46,43.56,14.63,6.16,42.6,24.8,106.5,98.0,Healthy,Low,Optimal Conditions
Watermelon,15.33,22.73,8.22,41.91,5.84,84.2,79.6,55.9,5.0,High Risk,High,Temperature Deviation
Watermelon,30.34,61.69,43.64,5.62,5.61,47.7,10.6,60.0,98.0,Healthy,Low,Optimal Conditions
Watermelon,27.46,77.57,32.88,24.13,6.14,101.9,72.3,47.2,74.9,At Risk,Moderate,Humidity Deviation
Watermelon,24.55,61.4,58.18,18.32,5.88,135.3,66.5,35.6,98.0,Healthy,Low,Optimal Conditions
Watermelon,23.79,22.41,86.4,18.07,6.89,39.8,46.8,106.5,62.8,At Risk,Moderate,Humidity Deviation
Watermelon,25.16,55.45,53.19,8.44,7.31,92.2,37.8,119.6,98.0,Healthy,Low,Optimal Conditions
Watermelon,33.33,49.61,47.19,12.47,6.82,102.9,11.8,45.1,98.0,Healthy,Low,Optimal Conditions
Watermelon,30.2,40.33,40.86,21.08,6.22,38.7,39.4,79.0,94.4,Healthy,Low,Humidity Deviation
Watermelon,33.82,67.1,34.9,27.56,6.43,77.0,22.9,93.0,92.4,Healthy,Low,Optimal Conditions
Watermelon,28.67,48.77,63.13,15.1,6.91,37.8,63.5,87.5,98.0,Healthy,Low,Optimal Conditions
Watermelon,27.49,46.75,60.44,8.18,6.03,29.4,48.7,18.5,98.0,Healthy,Low,Optimal Conditions
Watermelon,47.7,90.06,0.84,29.63,6.94,113.9,89.2,115.2,5.0,High Risk,High,Temperature Deviation
Watermelon,34.92,66.7,33.38,20.15,6.35,114.5,27.5,76.7,91.7,Healthy,Low,Rainfall Deviation
Watermelon,35.84,68.01,91.06,23.19,6.88,123.4,79.3,16.8,80.1,Healthy,Low,Rainfall Deviation
Watermelon,33.49,58.34,58.95,17.9,7.11,110.2,13.8,97.1,98.0,Healthy,Low,Optimal Conditions
Watermelon,24.29,54.84,68.27,18.3,7.46,49.6,65.6,20.9,98.0,Healthy,Low,Optimal Conditions
Watermelon,48.6,21.24,2.87,47.58,7.18,80.6,54.4,84.6,5.0,High Risk,High,Temperature Deviation
Watermelon,17.64,32.87,61.91,29.13,6.15,70.0,64.7,50.7,63.2,At Risk,Moderate,Temperature Deviation
Watermelon,25.08,83.18,66.12,17.04,6.56,27.3,64.7,55.4,72.7,At Risk,Moderate,Humidity Deviation
Watermelon,26.92,51.68,65.85,16.83,7.37,103.9,56.2,42.2,98.0,Healthy,Low,Optimal Conditions
Watermelon,35.12,48.97,36.62,11.78,7.36,76.0,21.9,96.0,96.5,Healthy,Low,Optimal Conditions
Watermelon,38.03,22.55,68.09,26.84,6.74,89.9,13.9,58.2,60.9,At Risk,Moderate,Humidity Deviation
Watermelon,32.45,79.42,47.12,30.63,7.44,22.4,30.5,111.9,78.4,Healthy,Low,Humidity Deviation
Watermelon,28.01,58.04,69.49,9.14,7.03,99.2,59.1,93.0,98.0,Healthy,Low,Optimal Conditions
Watermelon,27.73,56.21,53.17,15.83,7.1,83.4,41.5,110.7,98.0,Healthy,Low,Optimal Conditions
Watermelon,38.76,46.39,24.98,16.05,6.17,77.6,41.5,69.7,71.8,At Risk,Moderate,Temperature Deviation
Watermelon,26.02,52.03,54.21,10.13,6.65,57.2,24.2,105.6,98.0,Healthy,Low,Optimal Conditions
Watermelon,34.63,64.75,60.9,12.53,7.09,124.8,66.8,25.7,98.0,Healthy,Low,Optimal Conditions
Watermelon,26.11,48.77,45.48,12.65,6.54,106.8,26.1,24.7,98.0,Healthy,Low,Optimal Conditions
Watermelon,25.57,37.39,72.99,30.31,5.57,135.8,69.5,87.1,89.2,Healthy,Low,Humidity Deviation
Watermelon,37.48,23.31,38.63,11.95,6.68,113.3,88.9,48.6,62.9,At Risk,Moderate,Humidity Deviation
Watermelon,28.02,45.39,52.26,18.72,5.89,77.3,55.8,33.9,98.0,Healthy,Low,Optimal Conditions
Watermelon,34.02,50.91,59.06,7.05,6.84,53.5,28.5,28.0,98.0,Healthy,Low,Optimal Conditions
Watermelon,34.65,53.28,63.33,18.8,5.91,124.4,66.6,75.7,98.0,Healthy,Low,Optimal Conditions
Watermelon,38.59,17.76,9.8,46.49,6.63,40.5,33.6,38.3,12.0,High Risk,High,Humidity Deviation
Watermelon,34.14,67.44,28.86,13.47,6.67,114.7,83.0,62.5,86.6,Healthy,Low,Rainfall Deviation
Watermelon,25.31,60.95,56.06,15.11,5.82,20.8,87.4,100.1,98.0,Healthy,Low,Optimal Conditions
Watermelon,29.03,63.58,46.23,17.04,5.54,125.1,57.1,65.1,98.0,Healthy,Low,Optimal Conditions
Watermelon,34.47,67.16,26.07,26.16,7.3,40.3,68.9,30.3,84.6,Healthy,Low,Rainfall Deviation
Watermelon,30.88,55.75,41.71,10.44,6.44,67.0,63.2,108.3,98.0,Healthy,Low,Optimal Conditions
Watermelon,20.14,81.91,86.57,25.1,6.63,64.6,83.5,29.0,51.7,At Risk,Moderate,Humidity Deviation
Watermelon,42.51,96.49,7.84,59.95,5.53,31.0,44.7,18.6,5.0,High Risk,High,Humidity Deviation
Watermelon,22.4,27.0,89.81,16.4,7.23,62.1,74.8,112.2,61.5,At Risk,Moderate,Humidity Deviation
Watermelon,22.39,80.64,35.29,12.46,6.31,31.2,69.7,112.4,66.8,At Risk,Moderate,Humidity Deviation
Watermelon,26.76,48.2,45.62,9.67,6.06,66.2,52.0,91.4,98.0,Healthy,Low,Optimal Conditions
Watermelon,15.7,15.34,142.24,38.73,5.87,41.2,48.2,64.1,5.0,High Risk,High,Rainfall Deviation
Watermelon,33.37,64.58,50.64,9.42,7.04,74.0,27.4,34.0,98.0,Healthy,Low,Optimal Conditions
Watermelon,24.01,63.83,52.91,6.24,5.83,58.8,54.1,88.9,98.0,Healthy,Low,Optimal Conditions
Watermelon,34.53,60.21,64.77,9.85,6.26,84.6,46.1,42.3,98.0,Healthy,Low,Optimal Conditions
Watermelon,45.26,98.97,3.46,35.01,6.37,67.9,11.3,85.9,5.0,High Risk,High,Temperature Deviation
Watermelon,20.84,78.51,26.27,19.7,5.64,92.6,84.9,45.6,56.7,At Risk,Moderate,Humidity Deviation
Watermelon,30.47,46.86,68.51,12.01,5.73,60.2,39.9,51.3,98.0,Healthy,Low,Optimal Conditions
Watermelon,26.2,72.84,43.03,12.27,5.63,32.3,41.4,52.2,88.2,Healthy,Low,Humidity Deviation
Watermelon,25.78,51.95,52.9,11.03,6.14,117.4,43.3,82.7,98.0,Healthy,Low,Optimal Conditions
Watermelon,34.56,18.12,8.62,36.03,6.4,43.2,70.4,35.3,41.0,High Risk,High,Humidity Deviation
Watermelon,34.94,53.95,45.1,18.42,5.96,131.1,19.5,103.4,98.0,Healthy,Low,Optimal Conditions
Watermelon,34.32,56.48,45.7,17.67,6.28,107.9,61.5,90.0,98.0,Healthy,Low,Optimal Conditions
Watermelon,34.33,56.2,42.33,6.0,6.98,122.0,65.6,44.1,98.0,Healthy,Low,Optimal Conditions
Watermelon,30.22,48.94,51.37,14.43,6.07,65.1,38.8,63.4,98.0,Healthy,Low,Optimal Conditions
Watermelon,35.39,33.17,19.41,14.64,5.85,59.4,72.2,110.3,66.2,At Risk,Moderate,Rainfall Deviation
Watermelon,26.83,45.51,65.84,7.98,7.04,24.0,41.9,52.7,98.0,Healthy,Low,Optimal Conditions
Watermelon,30.27,52.83,52.1,7.84,6.33,108.9,35.8,105.0,98.0,Healthy,Low,Optimal Conditions
Watermelon,33.31,57.32,52.71,5.53,5.75,69.7,80.2,115.5,98.0,Healthy,Low,Optimal Conditions
Watermelon,13.36,88.03,3.78,32.44,5.75,94.0,62.1,21.3,5.0,High Risk,High,Temperature Deviation
Watermelon,38.18,66.05,90.05,28.86,6.63,127.5,18.6,72.1,74.2,At Risk,Moderate,Temperature Deviation
Watermelon,16.76,90.33,127.08,40.8,6.55,139.7,79.6,109.9,5.0,High Risk,High,Humidity Deviation
Watermelon,24.99,39.8,56.43,10.91,6.59,72.3,34.6,70.3,93.8,Healthy,Low,Humidity Deviation
Watermelon,21.46,28.25,68.13,29.87,6.15,40.2,35.5,115.9,71.0,At Risk,Moderate,Humidity Deviation
Watermelon,29.16,73.1,89.31,28.3,6.88,61.9,29.5,43.6,76.8,Healthy,Low,Humidity Deviation
Watermelon,21.83,41.1,70.96,31.9,5.81,120.8,57.0,86.2,87.2,Healthy,Low,Temperature Deviation
Watermelon,21.82,50.02,19.59,12.79,7.44,53.8,12.7,64.8,74.5,At Risk,Moderate,Rainfall Deviation
Watermelon,13.83,24.61,8.77,50.21,6.65,74.9,46.0,59.6,5.0,High Risk,High,Temperature Deviation
Watermelon,28.84,29.02,80.42,14.37,5.76,28.4,36.1,87.3,74.9,At Risk,Moderate,Humidity Deviation
Watermelon,36.18,90.49,5.19,50.35,6.2,74.9,20.0,89.4,6.8,High Risk,High,Humidity Deviation
Watermelon,30.95,53.54,41.47,15.55,6.61,72.1,26.1,80.6,98.0,Healthy,Low,Optimal Conditions
Watermelon,28.72,46.13,63.3,6.35,7.28,124.1,87.7,110.4,98.0,Healthy,Low,Optimal Conditions
Watermelon,14.63,97.41,5.3,44.0,5.61,101.6,73.6,117.0,5.0,High Risk,High,Humidity Deviation
Watermelon,40.62,96.28,3.26,36.79,6.53,137.5,65.6,83.1,7.7,High Risk,High,Humidity Deviation
Watermelon,26.71,52.55,53.95,12.46,7.3,32.9,29.9,30.1,98.0,Healthy,Low,Optimal Conditions
Watermelon,27.73,41.62,81.83,12.73,6.21,125.5,88.2,26.7,89.2,Healthy,Low,Rainfall Deviation
Watermelon,30.73,74.66,17.54,19.44,5.87,115.9,38.1,34.6,65.9,At Risk,Moderate,Rainfall Deviation
Watermelon,25.87,38.55,70.13,15.18,7.47,104.3,41.0,94.2,92.2,Healthy,Low,Humidity Deviation
Watermelon,34.57,42.04,29.66,21.81,7.0,87.4,61.3,64.6,87.4,Healthy,Low,Rainfall Deviation
Watermelon,30.08,32.27,35.7,10.85,6.59,139.2,26.0,79.8,81.0,Healthy,Low,Humidity Deviation
Watermelon,28.09,45.67,60.64,16.49,7.05,136.5,77.0,36.8,98.0,Healthy,Low,Optimal Conditions
Watermelon,32.45,60.54,43.69,5.1,6.3,103.4,79.3,32.4,98.0,Healthy,Low,Optimal Conditions
Watermelon,17.05,93.12,172.73,30.91,6.28,41.8,21.0,105.0,5.0,High Risk,High,Rainfall Deviation
Watermelon,31.82,49.05,40.35,16.93,6.9,60.1,16.3,52.9,98.0,Healthy,Low,Optimal Conditions
Watermelon,34.26,55.59,68.92,10.27,6.61,42.8,74.7,19.3,98.0,Healthy,Low,Optimal Conditions
Watermelon,17.6,28.42,58.8,16.95,5.66,67.5,69.5,37.3,57.7,At Risk,Moderate,Temperature Deviation
Watermelon,34.84,61.74,22.76,13.56,7.17,25.0,74.3,45.5,84.9,Healthy,Low,Rainfall Deviation
Watermelon,32.24,34.38,53.44,16.63,6.45,56.5,69.9,37.2,87.3,Healthy,Low,Humidity Deviation
Watermelon,30.52,72.9,34.54,30.14,5.76,93.8,35.6,28.0,83.4,Healthy,Low,Humidity Deviation
Watermelon,28.71,52.27,62.97,17.59,5.8,40.1,43.7,48.6,98.0,Healthy,Low,Optimal Conditions
Watermelon,14.79,16.38,111.8,33.97,5.81,99.7,33.8,90.4,13.9,High Risk,High,Temperature Deviation
Watermelon,26.3,60.75,59.02,6.45,7.42,111.5,54.2,51.0,98.0,Healthy,Low,Optimal Conditions
Watermelon,27.94,51.46,42.35,16.76,6.33,126.7,22.6,48.3,98.0,Healthy,Low,Optimal Conditions
Watermelon,33.52,55.15,44.25,10.36,7.39,86.2,12.9,21.1,98.0,Healthy,Low,Optimal Conditions
Watermelon,30.83,49.91,65.5,14.44,6.1,67.3,40.0,48.0,98.0,Healthy,Low,Optimal Conditions
Watermelon,29.78,61.93,83.46,13.86,6.26,30.0,72.2,93.2,92.3,Healthy,Low,Rainfall Deviation
Watermelon,35.64,63.09,49.21,11.05,6.06,79.2,17.9,86.3,97.4,Healthy,Low,Optimal Conditions
Watermelon,27.98,57.97,51.95,8.37,5.85,106.9,70.0,35.5,98.0,Healthy,Low,Optimal Conditions
Watermelon,34.52,64.68,57.56,16.35,7.0,67.5,13.9,92.8,98.0,Healthy,Low,Optimal Conditions
Watermelon,27.2,51.31,50.47,11.99,6.5,78.0,23.0,83.1,98.0,Healthy,Low,Optimal Conditions
Watermelon,23.2,64.92,74.79,15.45,6.51,86.8,85.4,40.8,94.5,Healthy,Low,Optimal Conditions
Watermelon,34.8,48.74,63.4,7.66,7.2,78.6,87.8,32.9,98.0,Healthy,Low,Optimal Conditions
Watermelon,29.77,66.09,75.21,27.97,6.23,62.3,89.7,100.8,95.4,Healthy,Low,Optimal Conditions
Watermelon,26.04,46.68,54.48,10.02,6.26,71.8,89.3,15.3,98.0,Healthy,Low,Optimal Conditions
Watermelon,24.71,58.46,41.51,16.5,7.24,136.5,19.7,117.8,98.0,Healthy,Low,Optimal Conditions
Watermelon,30.96,45.0,51.11,10.29,6.51,35.9,65.2,77.5,98.0,Healthy,Low,Optimal Conditions
Watermelon,34.82,45.11,50.08,8.93,6.62,126.6,62.6,20.0,98.0,Healthy,Low,Optimal Conditions
Watermelon,40.77,14.41,6.26,33.81,6.33,98.7,32.4,114.8,17.4,High Risk,High,Humidity Deviation
Watermelon,32.57,52.29,65.0,18.85,5.87,79.0,22.3,89.1,98.0,Healthy,Low,Optimal Conditions
Watermelon,17.94,90.89,1.56,59.59,5.82,78.3,34.3,59.1,5.0,High Risk,High,Humidity Deviation
Watermelon,18.16,97.8,145.91,59.07,5.67,64.2,49.4,58.4,5.0,High Risk,High,Rainfall Deviation
Watermelon,30.12,74.26,57.05,26.44,6.4,126.6,39.0,60.7,86.1,Healthy,Low,Humidity Deviation
Watermelon,22.87,80.92,94.93,11.96,7.01,125.2,36.7,38.1,57.9,At Risk,Moderate,Humidity Deviation
Watermelon,22.49,81.52,31.27,27.54,6.71,96.1,25.5,28.7,62.3,At Risk,Moderate,Humidity Deviation
Watermelon,34.07,52.1,62.74,18.27,6.7,70.9,13.1,50.4,98.0,Healthy,Low,Optimal Conditions
Watermelon,30.23,60.28,61.33,18.05,5.59,92.6,25.1,117.1,98.0,Healthy,Low,Optimal Conditions
Watermelon,30.86,52.03,46.61,15.32,7.38,27.1,76.0,50.9,98.0,Healthy,Low,Optimal Conditions
Watermelon,31.85,46.65,61.83,11.54,5.83,38.9,69.9,102.0,98.0,Healthy,Low,Optimal Conditions
Watermelon,22.95,40.03,33.24,13.9,7.01,74.5,61.0,106.3,84.4,Healthy,Low,Humidity Deviation
Watermelon,28.03,64.95,55.24,13.38,6.07,69.9,50.1,42.1,98.0,Healthy,Low,Optimal Conditions
Watermelon,30.61,48.67,56.6,15.59,5.9,109.5,38.8,119.2,98.0,Healthy,Low,Optimal Conditions
Watermelon,45.73,14.39,105.42,45.41,7.16,115.6,13.7,43.2,5.0,High Risk,High,Temperature Deviation
Watermelon,24.91,77.42,81.73,14.25,6.08,72.8,69.2,90.7,74.7,At Risk,Moderate,Humidity Deviation
Watermelon,29.62,49.68,63.11,7.95,7.14,132.4,89.3,105.0,98.0,Healthy,Low,Optimal Conditions
Watermelon,28.58,46.78,44.94,5.75,6.78,84.0,83.4,63.6,98.0,Healthy,Low,Optimal Conditions
Watermelon,31.17,63.13,87.76,16.25,6.74,32.1,42.9,49.7,89.9,Healthy,Low,Rainfall Deviation
Watermelon,30.44,51.63,47.55,18.39,5.96,68.7,86.0,23.4,98.0,Healthy,Low,Optimal Conditions
Watermelon,14.64,14.94,143.52,26.61,6.31,57.8,39.7,73.7,5.0,High Risk,High,Rainfall Deviation
Watermelon,28.08,56.17,52.93,15.01,5.87,38.5,34.6,25.7,98.0,Healthy,Low,Optimal Conditions
Watermelon,24.96,53.04,61.34,9.3,5.51,86.8,65.4,56.1,98.0,Healthy,Low,Optimal Conditions
Watermelon,29.4,47.02,59.32,16.0,6.91,59.4,77.4,114.4,98.0,Healthy,Low,Optimal Conditions
Watermelon,26.89,59.08,61.25,12.66,7.35,37.6,48.2,18.7,98.0,Healthy,Low,Optimal Conditions
Watermelon,24.59,54.84,57.67,5.05,6.77,78.8,27.9,16.6,98.0,Healthy,Low,Optimal Conditions
Watermelon,30.6,58.18,59.41,7.3,7.32,69.3,71.4,32.5,98.0,Healthy,Low,Optimal Conditions
Watermelon,24.05,34.66,27.35,19.57,6.86,110.9,74.5,92.4,76.5,Healthy,Low,Humidity Deviation
Watermelon,23.24,77.06,50.81,30.04,5.74,115.5,52.7,45.0,79.3,Healthy,Low,Humidity Deviation
Watermelon,15.33,93.29,7.5,44.63,6.99,108.9,36.8,26.1,5.0,High Risk,High,Humidity Deviation
Watermelon,26.9,46.68,36.01,26.53,7.49,86.5,25.6,19.4,96.5,Healthy,Low,Optimal Conditions
Watermelon,49.27,19.09,168.95,26.14,6.91,56.9,60.6,17.9,5.0,High Risk,High,Temperature Deviation
Watermelon,25.87,59.06,58.13,8.01,6.55,94.3,85.1,95.1,98.0,Healthy,Low,Optimal Conditions
Watermelon,26.97,53.07,43.16,13.33,7.31,56.8,88.8,41.2,98.0,Healthy,Low,Optimal Conditions
Watermelon,26.91,45.15,64.07,31.92,6.09,66.6,77.8,112.6,98.0,Healthy,Low,Optimal Conditions
Watermelon,16.4,22.72,126.5,33.37,6.75,55.2,20.8,40.9,14.4,High Risk,High,Rainfall Deviation
Watermelon,42.19,59.55,68.61,30.08,7.32,22.3,62.0,22.8,71.2,At Risk,Moderate,Temperature Deviation
Watermelon,19.69,84.3,40.88,29.76,6.5,37.2,42.3,31.3,56.0,At Risk,Moderate,Humidity Deviation
Watermelon,24.02,63.59,62.36,6.5,7.34,124.4,82.8,25.2,98.0,Healthy,Low,Optimal Conditions
Watermelon,24.75,64.34,59.81,7.67,7.36,73.2,72.8,81.8,98.0,Healthy,Low,Optimal Conditions
Watermelon,20.04,74.62,35.96,11.82,7.34,55.4,69.6,107.9,68.2,At Risk,Moderate,Humidity Deviation
Watermelon,34.06,57.24,59.77,18.72,6.55,72.9,60.7,73.2,98.0,Healthy,Low,Optimal Conditions
Watermelon,25.99,45.27,43.24,15.95,5.51,56.5,45.9,113.5,98.0,Healthy,Low,Optimal Conditions
Watermelon,32.61,53.18,42.95,6.48,6.36,26.9,55.7,66.8,98.0,Healthy,Low,Optimal Conditions
Watermelon,35.03,71.98,27.75,13.26,5.71,78.8,53.1,98.4,78.7,Healthy,Low,Rainfall Deviation
Watermelon,31.93,73.77,46.66,28.91,6.64,55.3,52.2,102.8,86.8,Healthy,Low,Humidity Deviation
Watermelon,28.24,55.79,66.61,13.73,5.92,30.7,17.6,114.8,98.0,Healthy,Low,Optimal Conditions
Watermelon,12.43,16.31,8.11,54.0,7.47,85.4,83.0,86.8,5.0,High Risk,High,Temperature Deviation
Watermelon,28.6,58.18,61.16,17.91,6.77,30.8,21.4,49.5,98.0,Healthy,Low,Optimal Conditions
Watermelon,26.44,57.35,52.89,15.27,6.27,52.9,54.0,25.2,98.0,Healthy,Low,Optimal Conditions
Watermelon,43.23,14.38,154.05,44.72,6.13,53.5,39.2,34.0,5.0,High Risk,High,Rainfall Deviation
Watermelon,28.61,65.8,81.75,19.81,6.13,93.5,21.5,81.0,92.1,Healthy,Low,Rainfall Deviation
Watermelon,25.59,59.16,66.22,6.13,6.78,27.4,80.3,56.1,98.0,Healthy,Low,Optimal Conditions
Watermelon,31.68,43.32,73.78,31.31,5.8,74.9,21.6,98.0,95.8,Healthy,Low,Optimal Conditions
Watermelon,30.09,47.1,53.58,9.2,7.31,26.4,62.0,88.0,98.0,Healthy,Low,Optimal Conditions
Watermelon,46.06,94.42,5.38,34.45,6.41,35.2,43.9,19.1,5.0,High Risk,High,Temperature Deviation
Watermelon,14.2,21.13,118.56,41.6,7.01,92.4,17.5,72.0,5.0,High Risk,High,Temperature Deviation
Muskmelon,37.53,26.45,19.19,10.48,7.35,30.8,51.5,78.9,49.4,High Risk,High,Humidity Deviation
Muskmelon,14.85,90.66,135.41,37.63,5.51,46.3,70.4,78.3,5.0,High Risk,High,Rainfall Deviation
Muskmelon,29.35,56.76,33.76,25.8,6.19,96.1,22.3,44.2,94.5,Healthy,Low,Rainfall Deviation
Muskmelon,16.12,97.91,5.81,45.86,6.88,110.4,55.8,35.7,5.0,High Risk,High,Humidity Deviation
Muskmelon,34.37,46.64,56.04,31.03,7.42,45.3,87.6,36.9,98.0,Healthy,Low,Optimal Conditions
Muskmelon,31.5,55.8,44.79,18.92,6.39,68.3,60.5,39.2,98.0,Healthy,Low,Optimal Conditions
Muskmelon,25.6,37.21,68.03,14.57,7.55,115.1,31.4,117.3,85.3,Healthy,Low,Humidity Deviation
Muskmelon,15.82,89.2,9.7,55.1,7.43,130.4,47.7,96.3,5.0,High Risk,High,Humidity Deviation
Muskmelon,39.98,44.71,40.72,13.27,7.7,59.9,49.7,64.0,79.7,Healthy,Low,Temperature Deviation
Muskmelon,29.43,47.99,56.04,19.37,7.28,71.7,10.2,18.8,98.0,Healthy,Low,Optimal Conditions
Muskmelon,40.74,30.2,56.71,12.89,7.56,125.0,76.4,50.6,59.3,At Risk,Moderate,Temperature Deviation
Muskmelon,33.46,31.62,28.42,20.74,7.31,76.1,52.9,118.8,73.8,At Risk,Moderate,Humidity Deviation
Muskmelon,31.99,54.46,56.61,11.06,6.17,44.9,79.8,90.4,98.0,Healthy,Low,Optimal Conditions
Muskmelon,31.85,45.7,43.63,13.89,6.52,120.9,58.6,116.3,98.0,Healthy,Low,Optimal Conditions
Muskmelon,43.8,88.2,8.75,53.29,5.92,45.0,47.9,65.0,5.0,High Risk,High,Temperature Deviation
Muskmelon,35.65,42.3,72.23,17.84,6.45,66.8,67.1,42.2,86.0,Healthy,Low,Rainfall Deviation
Muskmelon,28.16,59.56,58.3,5.76,7.28,27.9,36.5,17.3,98.0,Healthy,Low,Optimal Conditions
Muskmelon,16.12,92.58,140.83,51.76,7.51,91.1,44.0,112.1,5.0,High Risk,High,Rainfall Deviation
Muskmelon,30.94,62.1,58.32,19.24,6.95,106.4,49.8,44.9,98.0,Healthy,Low,Optimal Conditions
Muskmelon,26.44,64.6,56.13,12.19,6.26,27.7,10.8,94.3,98.0,Healthy,Low,Optimal Conditions
Muskmelon,9.25,98.17,123.81,42.86,6.73,94.4,81.7,103.0,5.0,High Risk,High,Temperature Deviation
Muskmelon,33.0,35.96,64.98,31.79,6.94,130.8,52.1,86.4,85.8,Healthy,Low,Humidity Deviation
Muskmelon,22.68,17.2,5.52,34.81,6.23,135.0,31.1,60.2,35.2,High Risk,High,Rainfall Deviation
Muskmelon,19.76,78.36,33.89,15.46,7.25,139.1,65.9,48.5,59.8,At Risk,Moderate,Humidity Deviation
Muskmelon,24.34,57.94,52.0,19.32,6.38,132.0,70.8,45.2,98.0,Healthy,Low,Optimal Conditions
Muskmelon,31.99,54.93,59.24,5.33,6.65,114.7,73.2,85.6,98.0,Healthy,Low,Optimal Conditions
Muskmelon,24.74,51.04,53.02,16.57,7.3,112.9,35.9,87.9,98.0,Healthy,Low,Optimal Conditions
Muskmelon,14.41,92.57,138.92,54.76,7.27,108.0,60.8,115.8,5.0,High Risk,High,Rainfall Deviation
Muskmelon,32.56,69.89,21.07,19.71,6.35,114.7,18.0,27.2,76.1,Healthy,Low,Rainfall Deviation
Muskmelon,35.45,81.59,61.48,16.16,5.98,75.9,78.5,25.5,72.4,At Risk,Moderate,Humidity Deviation
Muskmelon,14.67,94.53,121.66,33.64,5.9,77.2,66.5,102.1,5.0,High Risk,High,Rainfall Deviation
Muskmelon,30.72,54.55,59.33,18.24,7.44,89.5,44.9,83.4,98.0,Healthy,Low,Optimal Conditions
Muskmelon,33.71,50.42,56.54,9.48,6.65,112.7,41.5,52.6,98.0,Healthy,Low,Optimal Conditions
Muskmelon,41.64,15.22,116.13,27.68,7.25,52.0,75.8,50.9,6.0,High Risk,High,Rainfall Deviation
Muskmelon,30.73,62.88,43.63,5.33,7.44,103.7,74.7,21.3,98.0,Healthy,Low,Optimal Conditions
Muskmelon,46.04,89.89,93.71,49.72,6.19,122.4,63.6,87.3,5.0,High Risk,High,Temperature Deviation
Muskmelon,41.81,19.46,112.04,46.38,5.55,125.8,64.8,88.2,5.0,High Risk,High,Rainfall Deviation
Muskmelon,27.7,63.29,52.7,5.25,6.22,91.8,21.8,25.3,98.0,Healthy,Low,Optimal Conditions
Muskmelon,30.94,51.41,47.47,5.9,7.12,112.0,76.4,83.4,98.0,Healthy,Low,Optimal Conditions
Muskmelon,22.04,61.64,29.73,14.49,6.85,128.4,79.5,22.3,84.2,Healthy,Low,Rainfall Deviation
Muskmelon,16.98,72.35,27.97,23.73,6.56,104.6,59.4,74.6,53.9,At Risk,Moderate,Temperature Deviation
Muskmelon,42.99,22.58,2.95,58.73,7.08,68.9,28.7,63.9,5.0,High Risk,High,Rainfall Deviation
Muskmelon,18.12,20.78,5.52,38.28,7.69,28.2,11.8,50.0,15.3,High Risk,High,Rainfall Deviation
Muskmelon,41.87,96.78,123.55,57.63,6.86,64.0,55.1,119.3,5.0,High Risk,High,Rainfall Deviation
Muskmelon,41.44,31.9,27.42,14.69,6.16,114.2,51.7,41.4,47.5,High Risk,High,Temperature Deviation
Muskmelon,22.72,28.82,63.16,22.65,6.31,57.2,29.2,63.1,74.0,At Risk,Moderate,Humidity Deviation
Muskmelon,33.37,56.83,41.26,11.86,6.89,123.4,11.9,62.9,98.0,Healthy,Low,Optimal Conditions
Muskmelon,19.97,29.7,58.86,12.21,6.72,56.7,31.1,38.4,67.5,At Risk,Moderate,Humidity Deviation
Muskmelon,21.15,29.63,86.0,28.0,7.16,27.3,66.5,50.3,54.3,At Risk,Moderate,Humidity Deviation
Muskmelon,15.05,17.37,3.91,46.04,6.59,86.4,59.5,86.6,5.0,High Risk,High,Rainfall Deviation
Muskmelon,29.69,50.47,59.68,7.81,5.83,52.3,83.6,84.2,98.0,Healthy,Low,Optimal Conditions
Muskmelon,20.95,44.65,70.16,14.23,6.64,29.6,60.6,16.3,82.1,Healthy,Low,Temperature Deviation
Muskmelon,19.68,18.47,109.76,40.62,6.41,31.7,37.8,70.3,13.3,High Risk,High,Rainfall Deviation
Muskmelon,24.73,54.83,51.23,8.86,6.22,115.6,79.5,49.1,98.0,Healthy,Low,Optimal Conditions
Muskmelon,33.13,64.48,46.41,16.83,6.56,51.6,64.5,63.6,98.0,Healthy,Low,Optimal Conditions
Muskmelon,25.18,62.34,57.57,6.12,6.96,39.5,61.7,110.3,98.0,Healthy,Low,Optimal Conditions
Muskmelon,27.83,60.9,54.71,11.13,7.37,130.5,46.2,19.1,98.0,Healthy,Low,Optimal Conditions
Muskmelon,32.58,30.95,55.67,23.52,6.98,53.1,85.4,49.7,83.1,Healthy,Low,Humidity Deviation
Muskmelon,34.74,54.58,52.26,13.1,5.89,139.0,14.7,118.3,98.0,Healthy,Low,Optimal Conditions
Muskmelon,30.03,42.31,81.52,12.51,7.15,71.1,89.4,81.0,82.4,Healthy,Low,Rainfall Deviation
Muskmelon,26.86,58.79,29.03,17.45,7.35,115.0,61.9,93.1,90.4,Healthy,Low,Rainfall Deviation
Muskmelon,34.12,58.36,49.36,7.9,7.0,31.6,35.6,75.2,98.0,Healthy,Low,Optimal Conditions
Muskmelon,33.39,34.82,62.89,23.61,6.18,119.1,81.0,29.7,85.9,Healthy,Low,Humidity Deviation
Muskmelon,27.51,59.26,50.15,12.32,5.84,62.2,86.7,50.8,98.0,Healthy,Low,Optimal Conditions
Muskmelon,22.21,33.39,73.9,30.44,7.12,57.9,15.4,115.6,70.5,At Risk,Moderate,Humidity Deviation
Muskmelon,16.46,16.46,114.38,45.65,6.79,109.2,18.5,22.7,5.0,High Risk,High,Rainfall Deviation
Muskmelon,32.72,46.3,44.5,8.82,6.92,68.2,25.9,62.2,98.0,Healthy,Low,Optimal Conditions
Muskmelon,37.76,49.42,35.12,23.57,6.04,85.9,58.5,30.9,84.7,Healthy,Low,Temperature Deviation
Muskmelon,31.55,32.04,32.77,15.62,6.32,116.0,71.5,69.9,78.1,Healthy,Low,Humidity Deviation
Muskmelon,34.65,53.3,55.28,11.19,6.18,96.9,74.6,118.0,98.0,Healthy,Low,Optimal Conditions
Muskmelon,33.64,55.48,42.15,16.92,6.23,124.2,22.6,89.7,98.0,Healthy,Low,Optimal Conditions
Muskmelon,26.83,46.01,49.64,10.87,5.64,47.2,49.0,99.9,98.0,Healthy,Low,Optimal Conditions
Muskmelon,12.71,98.76,139.25,38.76,6.87,120.5,50.5,38.3,5.0,High Risk,High,Rainfall Deviation
Muskmelon,46.12,94.04,139.88,53.7,5.63,78.4,20.9,85.7,5.0,High Risk,High,Temperature Deviation
Muskmelon,32.52,46.3,50.27,6.85,6.73,92.9,47.0,44.4,98.0,Healthy,Low,Optimal Conditions
Muskmelon,31.28,62.41,54.67,18.4,7.54,73.9,65.8,56.7,98.0,Healthy,Low,Optimal Conditions
Muskmelon,46.59,93.43,2.57,34.22,6.93,130.4,11.4,119.2,5.0,High Risk,High,Temperature Deviation
Muskmelon,31.51,75.42,65.96,25.49,6.91,79.2,75.2,105.0,80.4,Healthy,Low,Humidity Deviation
Muskmelon,27.86,34.46,69.71,11.86,6.66,119.1,27.0,116.7,80.9,Healthy,Low,Humidity Deviation
Muskmelon,31.8,63.3,59.31,14.92,6.76,30.9,11.6,118.5,98.0,Healthy,Low,Optimal Conditions
Muskmelon,24.79,55.77,46.25,10.36,6.28,49.8,87.4,42.8,98.0,Healthy,Low,Optimal Conditions
Muskmelon,23.6,80.9,70.33,29.35,5.88,74.2,80.1,66.2,67.9,At Risk,Moderate,Humidity Deviation
Muskmelon,43.57,95.57,108.94,33.16,6.44,59.4,16.6,18.4,5.0,High Risk,High,Humidity Deviation
Muskmelon,22.38,31.49,71.1,12.44,6.88,133.8,46.3,62.7,70.7,At Risk,Moderate,Humidity Deviation
Muskmelon,35.46,22.36,77.11,10.54,7.54,71.5,55.7,56.8,59.6,At Risk,Moderate,Humidity Deviation
Muskmelon,29.62,54.89,47.13,17.06,5.61,34.0,16.6,74.3,98.0,Healthy,Low,Optimal Conditions
Muskmelon,28.97,56.53,46.48,7.75,6.18,139.3,86.2,115.4,98.0,Healthy,Low,Optimal Conditions
Muskmelon,24.98,45.91,56.31,19.87,6.69,104.1,38.2,95.4,98.0,Healthy,Low,Optimal Conditions
Muskmelon,18.88,68.38,67.61,12.53,5.61,27.1,55.5,48.7,71.9,At Risk,Moderate,Temperature Deviation
Muskmelon,23.3,82.15,77.14,12.94,7.19,31.9,81.2,68.0,60.4,At Risk,Moderate,Humidity Deviation
Muskmelon,24.98,53.8,40.11,19.42,5.88,70.3,58.5,85.9,98.0,Healthy,Low,Optimal Conditions
Muskmelon,40.18,64.09,43.6,30.96,6.16,84.2,33.8,54.8,79.3,Healthy,Low,Temperature Deviation
Muskmelon,35.04,33.04,70.41,29.83,7.27,120.8,10.4,84.7,78.5,Healthy,Low,Humidity Deviation
Muskmelon,30.65,46.67,44.73,10.27,7.08,86.3,11.2,50.2,98.0,Healthy,Low,Optimal Conditions
Muskmelon,45.58,10.54,3.13,25.15,6.65,69.7,19.8,87.0,5.0,High Risk,High,Temperature Deviation
Muskmelon,22.88,71.37,82.14,21.33,7.68,38.1,61.0,86.2,71.8,At Risk,Moderate,Rainfall Deviation
Muskmelon,27.87,63.91,52.24,16.72,7.1,93.3,13.8,84.6,98.0,Healthy,Low,Optimal Conditions
Muskmelon,29.16,62.03,59.37,15.41,6.01,58.1,21.0,76.0,98.0,Healthy,Low,Optimal Conditions
Muskmelon,18.69,88.19,5.5,33.59,6.75,105.4,71.6,43.3,16.4,High Risk,High,Humidity Deviation
Muskmelon,26.41,56.98,40.81,7.38,7.69,65.9,49.7,16.2,98.0,Healthy,Low,Optimal Conditions
Muskmelon,26.54,74.88,31.03,25.65,5.83,44.0,71.1,29.2,77.3,Healthy,Low,Humidity Deviation
Muskmelon,31.54,37.0,81.41,25.74,6.89,117.4,20.2,70.2,76.1,Healthy,Low,Rainfall Deviation
Muskmelon,32.56,55.41,56.2,16.99,6.53,79.6,12.3,70.0,98.0,Healthy,Low,Optimal Conditions
Muskmelon,36.09,73.5,21.18,14.29,6.72,96.6,79.7,101.2,66.4,At Risk,Moderate,Rainfall Deviation
Muskmelon,45.36,24.63,136.03,48.54,5.79,105.1,63.9,76.5,5.0,High Risk,High,Temperature Deviation
Muskmelon,27.72,32.83,43.26,30.14,7.54,79.3,83.6,89.5,85.4,Healthy,Low,Humidity Deviation
Muskmelon,29.87,53.66,49.02,11.2,5.89,66.8,51.0,45.0,98.0,Healthy,Low,Optimal Conditions
Muskmelon,26.18,48.86,48.94,8.14,7.08,60.3,85.2,21.6,98.0,Healthy,Low,Optimal Conditions
Muskmelon,32.12,58.7,48.41,18.05,5.66,81.1,26.0,54.3,98.0,Healthy,Low,Optimal Conditions
Muskmelon,27.61,45.34,84.94,10.89,5.87,26.3,50.1,115.6,83.4,Healthy,Low,Rainfall Deviation
Muskmelon,39.53,83.39,15.54,26.79,7.32,71.4,25.6,52.3,32.9,High Risk,High,Humidity Deviation
Muskmelon,34.25,50.69,59.45,6.63,7.64,46.8,23.4,27.6,98.0,Healthy,Low,Optimal Conditions
Muskmelon,30.78,58.33,47.4,8.46,7.69,52.5,40.3,65.5,98.0,Healthy,Low,Optimal Conditions
Muskmelon,24.33,76.25,26.56,26.99,6.7,20.3,40.6,111.0,71.4,At Risk,Moderate,Humidity Deviation
Muskmelon,47.84,88.36,1.08,54.08,7.24,86.4,21.1,28.8,5.0,High Risk,High,Temperature Deviation
Muskmelon,33.4,47.83,56.17,17.67,5.73,128.2,81.8,82.0,98.0,Healthy,Low,Optimal Conditions
Muskmelon,27.68,71.81,60.41,11.72,6.38,50.7,31.0,41.7,89.5,Healthy,Low,Humidity Deviation
Muskmelon,27.52,55.73,48.75,5.95,6.44,121.6,18.1,114.2,98.0,Healthy,Low,Optimal Conditions
Muskmelon,24.16,50.06,41.39,13.5,6.2,116.8,68.6,64.2,98.0,Healthy,Low,Optimal Conditions
Muskmelon,31.71,31.25,24.11,28.77,5.68,26.7,74.3,67.3,69.6,At Risk,Moderate,Humidity Deviation
Muskmelon,22.16,46.66,23.41,28.5,6.99,66.0,22.0,35.4,79.0,Healthy,Low,Rainfall Deviation
Muskmelon,25.76,53.45,44.91,18.27,7.61,103.0,74.7,41.8,98.0,Healthy,Low,Optimal Conditions
Muskmelon,22.83,75.21,39.29,10.23,6.31,75.9,17.7,86.8,80.0,Healthy,Low,Humidity Deviation
Muskmelon,24.99,52.36,54.77,19.46,7.21,75.9,31.8,46.6,98.0,Healthy,Low,Optimal Conditions
Muskmelon,27.06,46.38,44.41,6.62,5.52,54.3,38.2,112.4,98.0,Healthy,Low,Optimal Conditions
Muskmelon,17.67,20.2,0.45,39.66,5.76,45.8,58.7,87.9,6.5,High Risk,High,Rainfall Deviation
Muskmelon,32.89,61.49,54.46,15.25,6.01,130.4,31.5,34.2,98.0,Healthy,Low,Optimal Conditions
Muskmelon,35.63,76.61,79.74,17.77,5.73,49.1,77.6,71.1,66.9,At Risk,Moderate,Humidity Deviation
Muskmelon,27.79,74.37,32.59,18.89,6.19,46.1,37.1,16.9,79.5,Healthy,Low,Humidity Deviation
Muskmelon,30.89,80.24,69.22,12.06,7.16,132.9,18.0,116.1,71.0,At Risk,Moderate,Humidity Deviation
Muskmelon,39.96,22.83,141.65,37.57,6.05,75.7,29.1,23.7,9.7,High Risk,High,Rainfall Deviation
Muskmelon,41.66,92.32,135.96,33.73,7.55,66.2,35.1,88.0,5.0,High Risk,High,Rainfall Deviation
Muskmelon,22.67,67.56,67.4,15.69,5.98,109.3,47.2,16.6,86.6,Healthy,Low,Optimal Conditions
Muskmelon,35.99,88.03,66.88,19.39,6.47,81.0,46.9,67.7,56.9,At Risk,Moderate,Humidity Deviation
Muskmelon,41.67,93.53,1.31,55.62,6.96,23.7,22.8,19.1,5.0,High Risk,High,Humidity Deviation
Muskmelon,30.28,36.52,21.88,28.18,7.39,77.8,61.6,65.2,74.0,At Risk,Moderate,Rainfall Deviation
Muskmelon,29.94,58.77,43.09,12.96,7.21,77.1,22.6,106.3,98.0,Healthy,Low,Optimal Conditions
Muskmelon,39.1,34.14,30.76,14.06,5.68,89.5,29.3,119.2,62.5,At Risk,Moderate,Temperature Deviation
Muskmelon,41.49,66.86,37.1,28.33,6.5,116.5,25.4,54.3,68.7,At Risk,Moderate,Temperature Deviation
Muskmelon,32.89,64.5,51.54,16.5,6.38,87.4,37.8,88.2,98.0,Healthy,Low,Optimal Conditions
Muskmelon,25.69,62.97,57.29,17.52,7.31,107.5,80.0,37.1,98.0,Healthy,Low,Optimal Conditions
Muskmelon,17.15,91.19,5.77,59.8,5.92,73.9,35.1,100.0,5.0,High Risk,High,Humidity Deviation
Muskmelon,25.78,63.66,46.35,16.13,6.14,41.4,74.2,20.8,98.0,Healthy,Low,Optimal Conditions
Muskmelon,32.58,55.24,53.79,6.0,7.15,40.6,74.7,74.2,98.0,Healthy,Low,Optimal Conditions
Muskmelon,29.24,73.19,28.84,11.06,7.41,111.1,17.7,28.9,77.9,Healthy,Low,Humidity Deviation
Muskmelon,34.84,53.32,58.61,11.3,5.73,61.2,43.5,33.5,98.0,Healthy,Low,Optimal Conditions
Muskmelon,27.48,55.79,45.11,19.38,6.56,35.6,43.1,89.3,98.0,Healthy,Low,Optimal Conditions
Muskmelon,25.82,40.96,27.99,24.88,5.75,105.9,35.8,71.6,84.6,Healthy,Low,Rainfall Deviation
Muskmelon,26.71,53.74,53.31,7.34,6.12,44.8,79.0,83.0,98.0,Healthy,Low,Optimal Conditions
Muskmelon,34.68,28.8,78.42,17.33,5.99,89.2,89.3,89.6,68.3,At Risk,Moderate,Humidity Deviation
Muskmelon,29.33,70.97,69.92,11.36,7.44,131.3,66.6,95.9,84.4,Healthy,Low,Humidity Deviation
Muskmelon,32.29,54.44,49.06,13.1,6.1,103.6,33.6,73.7,98.0,Healthy,Low,Optimal Conditions
Muskmelon,31.43,48.79,43.41,5.36,5.77,47.9,27.8,49.4,98.0,Healthy,Low,Optimal Conditions
Muskmelon,34.29,47.38,54.04,13.03,6.72,32.7,29.5,96.9,98.0,Healthy,Low,Optimal Conditions
Muskmelon,26.47,37.88,35.04,27.12,6.69,44.6,46.6,82.0,87.1,Healthy,Low,Humidity Deviation
Muskmelon,29.02,45.35,57.58,5.52,6.4,81.3,87.8,113.2,98.0,Healthy,Low,Optimal Conditions
Muskmelon,25.38,75.97,27.42,11.45,6.14,126.1,23.9,38.0,72.5,At Risk,Moderate,Humidity Deviation
Muskmelon,33.8,59.0,57.64,18.71,7.54,78.3,48.1,102.0,98.0,Healthy,Low,Optimal Conditions
Muskmelon,24.24,51.63,54.33,6.85,7.23,117.9,18.1,25.3,98.0,Healthy,Low,Optimal Conditions
Muskmelon,27.92,55.65,49.71,17.8,5.81,103.7,53.9,92.4,98.0,Healthy,Low,Optimal Conditions
Muskmelon,29.19,45.57,42.32,10.62,6.56,30.3,76.0,114.3,98.0,Healthy,Low,Optimal Conditions
Muskmelon,20.56,74.69,27.27,10.79,5.71,100.9,15.1,19.9,62.3,At Risk,Moderate,Humidity Deviation
Muskmelon,47.65,89.81,129.61,55.45,7.21,27.0,77.9,15.5,5.0,High Risk,High,Temperature Deviation
Muskmelon,24.61,54.58,55.68,7.68,7.2,42.2,89.2,104.6,98.0,Healthy,Low,Optimal Conditions
Muskmelon,27.0,69.96,46.53,25.17,6.49,139.1,31.8,50.4,92.6,Healthy,Low,Humidity Deviation
Muskmelon,26.05,48.77,52.22,9.41,7.59,118.0,22.9,102.6,98.0,Healthy,Low,Optimal Conditions
Muskmelon,26.51,60.64,57.14,19.41,6.42,87.5,59.2,80.9,98.0,Healthy,Low,Optimal Conditions
Muskmelon,25.68,46.41,58.12,10.5,5.9,138.0,74.2,118.0,98.0,Healthy,Low,Optimal Conditions
Muskmelon,29.1,61.17,51.04,10.32,5.85,87.4,57.9,90.7,98.0,Healthy,Low,Optimal Conditions
Muskmelon,20.45,66.35,31.62,17.19,7.43,26.1,14.0,72.9,78.2,Healthy,Low,Temperature Deviation
Muskmelon,26.66,48.68,51.63,5.83,7.57,34.8,86.1,96.7,98.0,Healthy,Low,Optimal Conditions
Muskmelon,17.02,21.39,114.85,39.75,5.59,41.5,78.6,27.8,5.0,High Risk,High,Rainfall Deviation
Muskmelon,32.28,35.52,38.78,16.8,6.94,121.9,22.2,19.8,87.6,Healthy,Low,Humidity Deviation
Muskmelon,19.03,90.42,139.35,55.51,6.14,59.7,23.3,118.1,5.0,High Risk,High,Rainfall Deviation
Muskmelon,34.81,59.13,41.78,7.28,6.22,51.2,87.9,79.4,98.0,Healthy,Low,Optimal Conditions
Muskmelon,29.78,62.94,48.32,14.99,7.2,42.2,78.4,62.1,98.0,Healthy,Low,Optimal Conditions
Muskmelon,33.67,56.29,43.97,9.76,6.75,64.9,28.7,65.3,98.0,Healthy,Low,Optimal Conditions
Muskmelon,26.7,61.53,44.57,15.43,6.05,45.5,30.1,64.2,98.0,Healthy,Low,Optimal Conditions
Muskmelon,25.17,60.13,40.47,10.78,6.37,127.2,72.0,68.6,98.0,Healthy,Low,Optimal Conditions
Muskmelon,37.3,36.2,55.05,22.26,6.14,135.3,78.2,99.3,80.2,Healthy,Low,Humidity Deviation
Muskmelon,15.0,13.49,128.59,41.06,6.48,68.7,75.9,88.8,5.0,High Risk,High,Rainfall Deviation
Muskmelon,27.99,56.93,47.65,8.12,6.88,92.3,88.0,73.9,98.0,Healthy,Low,Optimal Conditions
Muskmelon,42.22,88.34,129.25,33.38,7.37,33.1,84.0,54.2,5.0,High Risk,High,Rainfall Deviation
Muskmelon,27.65,53.18,50.96,13.8,6.49,73.6,32.8,55.3,98.0,Healthy,Low,Optimal Conditions
Muskmelon,39.92,71.18,65.84,25.54,5.84,52.0,68.2,117.3,67.1,At Risk,Moderate,Temperature Deviation
Muskmelon,24.59,34.94,15.07,29.04,5.6,93.9,36.6,86.2,66.1,At Risk,Moderate,Rainfall Deviation
Muskmelon,30.12,62.1,49.89,6.27,5.58,94.5,15.6,22.5,98.0,Healthy,Low,Optimal Conditions
Muskmelon,26.3,49.08,49.62,9.21,5.98,81.7,33.3,23.4,98.0,Healthy,Low,Optimal Conditions
Muskmelon,32.34,88.46,31.4,24.64,6.48,75.3,77.1,29.6,57.5,At Risk,Moderate,Humidity Deviation
Muskmelon,31.85,53.39,21.1,21.53,6.23,77.7,22.9,68.6,83.5,Healthy,Low,Rainfall Deviation
Muskmelon,33.24,57.55,58.83,14.0,5.9,78.1,63.2,54.3,98.0,Healthy,Low,Optimal Conditions
Muskmelon,29.41,46.14,66.69,30.92,6.12,43.1,14.8,72.8,95.5,Healthy,Low,Optimal Conditions
Muskmelon,15.43,22.83,0.96,39.29,6.32,98.0,59.4,30.9,5.0,High Risk,High,Rainfall Deviation
Muskmelon,10.14,10.46,2.71,59.31,7.1,30.9,23.7,19.9,5.0,High Risk,High,Temperature Deviation
Muskmelon,37.73,74.67,83.88,19.83,7.52,131.7,52.6,39.6,58.7,At Risk,Moderate,Rainfall Deviation
Muskmelon,23.82,47.55,21.5,29.0,6.55,129.8,16.3,49.7,83.2,Healthy,Low,Rainfall Deviation
Muskmelon,20.09,38.0,64.63,23.57,7.09,21.4,39.3,102.4,74.8,At Risk,Moderate,Temperature Deviation
Muskmelon,30.83,31.24,60.18,19.02,6.92,30.3,75.7,75.3,83.4,Healthy,Low,Humidity Deviation
Muskmelon,25.93,78.4,31.16,27.52,6.77,139.3,13.1,35.5,72.2,At Risk,Moderate,Humidity Deviation
Muskmelon,16.19,88.16,2.09,29.57,7.3,131.5,70.1,112.5,5.0,High Risk,High,Humidity Deviation
Muskmelon,36.17,60.69,67.94,12.32,6.27,124.4,77.0,53.5,90.0,Healthy,Low,Rainfall Deviation
Muskmelon,32.83,56.94,40.63,17.06,7.61,25.1,32.9,101.0,98.0,Healthy,Low,Optimal Conditions
Muskmelon,19.63,78.18,30.68,23.47,7.65,78.4,58.0,103.5,56.8,At Risk,Moderate,Humidity Deviation
Muskmelon,25.98,53.67,46.37,17.99,7.65,102.6,62.3,90.0,98.0,Healthy,Low,Optimal Conditions
Muskmelon,26.48,31.08,73.79,25.81,7.3,105.3,48.4,87.1,74.1,At Risk,Moderate,Humidity Deviation
Muskmelon,41.68,24.46,104.87,41.55,6.87,120.9,88.6,34.4,8.9,High Risk,High,Rainfall Deviation
Muskmelon,45.7,22.28,117.58,58.38,7.48,30.2,14.2,115.9,5.0,High Risk,High,Temperature Deviation
Muskmelon,30.05,46.49,56.87,6.77,6.92,26.8,22.5,68.8,98.0,Healthy,Low,Optimal Conditions
Muskmelon,26.15,47.72,40.81,19.56,6.49,123.1,38.7,19.5,98.0,Healthy,Low,Optimal Conditions
Muskmelon,28.29,42.79,35.35,14.31,7.03,108.6,12.1,60.3,93.3,Healthy,Low,Optimal Conditions
Muskmelon,17.85,13.23,9.91,57.16,7.32,102.0,17.6,101.6,5.0,High Risk,High,Humidity Deviation
Muskmelon,17.8,97.18,129.5,54.69,6.86,63.0,69.6,40.5,5.0,High Risk,High,Rainfall Deviation
Muskmelon,15.67,92.67,102.54,30.48,5.77,31.6,15.9,16.5,7.5,High Risk,High,Humidity Deviation
Muskmelon,26.12,50.39,42.48,6.41,6.69,106.2,60.4,73.5,98.0,Healthy,Low,Optimal Conditions
Muskmelon,30.97,63.04,52.55,5.91,6.75,82.9,46.2,74.7,98.0,Healthy,Low,Optimal Conditions
Muskmelon,37.93,28.4,74.5,24.37,6.65,81.0,23.3,116.1,58.7,At Risk,Moderate,Humidity Deviation
Muskmelon,18.44,16.07,139.99,36.05,6.08,124.1,59.3,24.0,9.0,High Risk,High,Rainfall Deviation
Muskmelon,34.03,48.22,32.2,19.83,6.78,32.2,50.3,73.3,93.2,Healthy,Low,Rainfall Deviation
Muskmelon,40.07,20.7,8.12,36.39,5.75,96.8,39.1,48.7,20.6,High Risk,High,Humidity Deviation
Muskmelon,17.4,95.33,8.69,35.32,6.09,42.2,29.3,51.0,14.0,High Risk,High,Humidity Deviation
Muskmelon,34.85,44.04,57.46,22.4,5.78,81.3,25.1,113.3,98.0,Healthy,Low,Optimal Conditions
Muskmelon,25.02,61.72,48.04,17.3,6.19,80.0,45.6,73.6,98.0,Healthy,Low,Optimal Conditions
Muskmelon,29.46,58.59,48.29,15.27,7.07,109.9,47.7,15.4,98.0,Healthy,Low,Optimal Conditions
Muskmelon,32.88,76.21,74.88,17.52,6.97,35.9,46.0,98.6,73.3,At Risk,Moderate,Humidity Deviation
Muskmelon,42.64,97.36,113.41,48.29,6.37,48.7,12.7,103.5,5.0,High Risk,High,Rainfall Deviation
Muskmelon,27.62,55.62,42.46,10.96,7.15,108.3,71.8,64.1,98.0,Healthy,Low,Optimal Conditions
Muskmelon,33.15,48.47,54.5,18.32,6.13,43.7,51.0,37.7,98.0,Healthy,Low,Optimal Conditions
Muskmelon,21.17,95.26,144.71,44.29,6.43,126.8,69.2,80.0,5.0,High Risk,High,Rainfall Deviation
Muskmelon,34.89,56.33,45.18,13.87,7.3,84.6,72.2,58.4,98.0,Healthy,Low,Optimal Conditions
Muskmelon,26.72,45.6,16.12,13.28,6.8,34.9,16.0,35.6,79.1,Healthy,Low,Rainfall Deviation
Muskmelon,23.72,71.67,29.29,17.83,6.69,67.0,44.6,15.2,79.6,Healthy,Low,Humidity Deviation
Muskmelon,25.66,48.68,49.04,18.12,6.39,95.3,12.1,104.8,98.0,Healthy,Low,Optimal Conditions
Muskmelon,27.13,61.33,45.3,8.87,6.83,128.4,27.1,80.2,98.0,Healthy,Low,Optimal Conditions
Muskmelon,24.1,68.46,64.66,30.84,5.92,29.8,37.1,88.7,91.7,Healthy,Low,Humidity Deviation
Muskmelon,24.55,46.15,45.13,7.03,6.32,40.8,37.5,61.7,98.0,Healthy,Low,Optimal Conditions
Muskmelon,21.07,80.94,35.66,25.31,6.02,129.7,53.6,104.9,62.0,At Risk,Moderate,Humidity Deviation
Muskmelon,16.57,94.26,148.18,50.82,5.77,110.0,22.9,47.1,5.0,High Risk,High,Rainfall Deviation
Muskmelon,34.89,56.8,55.55,13.33,7.66,41.3,58.4,98.7,98.0,Healthy,Low,Optimal Conditions
Muskmelon,21.81,37.6,68.68,20.13,5.58,131.1,12.4,96.1,77.7,Healthy,Low,Humidity Deviation
Muskmelon,25.23,57.19,54.14,14.45,6.77,84.3,53.3,105.9,98.0,Healthy,Low,Optimal Conditions
Muskmelon,25.73,61.25,46.06,16.57,6.28,131.0,32.5,59.8,98.0,Healthy,Low,Optimal Conditions
Muskmelon,31.33,53.06,58.82,5.24,6.35,22.8,36.3,54.9,98.0,Healthy,Low,Optimal Conditions
Muskmelon,26.81,50.2,45.33,9.23,7.37,24.7,89.1,44.6,98.0,Healthy,Low,Optimal Conditions
Muskmelon,25.93,63.84,59.95,8.7,6.0,120.3,83.1,83.3,98.0,Healthy,Low,Optimal Conditions
Muskmelon,18.12,95.37,2.9,42.03,5.78,53.4,33.6,39.6,5.0,High Risk,High,Humidity Deviation
Muskmelon,38.51,22.52,119.44,55.78,7.47,114.3,56.5,70.6,5.0,High Risk,High,Rainfall Deviation
Muskmelon,24.48,61.73,59.99,18.81,7.55,60.0,17.9,106.5,98.0,Healthy,Low,Optimal Conditions
Muskmelon,28.05,83.83,81.53,31.32,6.97,49.1,84.1,80.8,57.4,At Risk,Moderate,Humidity Deviation
Muskmelon,38.84,77.57,80.61,24.71,6.48,118.0,49.4,29.2,52.1,At Risk,Moderate,Humidity Deviation
Muskmelon,26.01,56.39,53.11,10.04,5.59,99.0,15.0,116.4,98.0,Healthy,Low,Optimal Conditions
Muskmelon,19.59,96.84,4.95,25.48,5.91,35.4,45.0,23.1,18.9,High Risk,High,Humidity Deviation
Muskmelon,25.06,54.74,45.34,12.07,5.7,82.0,20.4,25.4,98.0,Healthy,Low,Optimal Conditions
Muskmelon,33.62,60.77,59.18,11.9,6.19,136.5,40.5,16.0,98.0,Healthy,Low,Optimal Conditions
Muskmelon,36.25,21.69,143.32,49.53,7.57,74.5,68.3,102.2,5.2,High Risk,High,Rainfall Deviation
Muskmelon,18.44,80.03,34.43,15.18,7.15,89.8,48.5,87.7,53.1,At Risk,Moderate,Humidity Deviation
Muskmelon,26.45,79.13,36.55,17.39,5.84,89.6,15.0,94.0,75.8,Healthy,Low,Humidity Deviation
Muskmelon,34.67,59.71,57.94,11.6,5.63,47.5,87.7,80.0,98.0,Healthy,Low,Optimal Conditions
Muskmelon,29.31,51.35,49.79,17.55,5.99,67.9,45.7,76.6,98.0,Healthy,Low,Optimal Conditions
Muskmelon,26.28,52.96,56.19,7.8,7.44,60.7,30.3,58.0,98.0,Healthy,Low,Optimal Conditions
Muskmelon,23.64,67.32,64.15,29.22,5.64,74.8,22.4,29.0,92.5,Healthy,Low,Optimal Conditions
Muskmelon,30.85,26.94,71.41,19.5,7.36,88.7,60.6,118.8,70.7,At Risk,Moderate,Humidity Deviation
Muskmelon,31.57,75.77,73.99,13.11,6.69,33.7,82.4,39.2,74.5,At Risk,Moderate,Humidity Deviation
Muskmelon,43.81,14.73,98.22,47.46,7.39,113.1,15.5,37.7,5.0,High Risk,High,Temperature Deviation
Muskmelon,47.22,21.74,2.8,53.74,5.71,52.1,49.6,20.6,5.0,High Risk,High,Temperature Deviation
Muskmelon,27.85,57.94,54.36,6.36,5.58,113.1,52.2,71.1,98.0,Healthy,Low,Optimal Conditions
Muskmelon,44.21,90.01,6.92,46.75,5.66,93.6,38.2,42.0,5.0,High Risk,High,Temperature Deviation
Muskmelon,32.63,61.07,42.08,12.42,6.66,23.6,67.4,53.5,98.0,Healthy,Low,Optimal Conditions
Muskmelon,30.71,54.38,54.96,13.94,6.0,124.5,27.3,89.9,98.0,Healthy,Low,Optimal Conditions
Muskmelon,26.39,73.66,16.33,17.61,6.57,86.7,78.6,26.9,66.3,At Risk,Moderate,Rainfall Deviation
Muskmelon,27.48,53.26,47.48,10.88,7.37,120.4,74.4,94.3,98.0,Healthy,Low,Optimal Conditions
Muskmelon,25.64,59.64,51.9,15.11,7.08,129.4,60.8,43.9,98.0,Healthy,Low,Optimal Conditions
Muskmelon,28.75,59.2,45.64,6.8,7.7,70.3,27.3,32.3,98.0,Healthy,Low,Optimal Conditions
Muskmelon,46.8,11.37,91.48,42.96,6.39,61.1,57.5,93.6,5.0,High Risk,High,Temperature Deviation
Muskmelon,34.41,52.3,48.68,11.17,5.74,33.9,73.6,55.0,98.0,Healthy,Low,Optimal Conditions
Muskmelon,31.78,64.19,58.74,15.85,5.92,38.5,79.7,116.1,98.0,Healthy,Low,Optimal Conditions
Muskmelon,20.48,33.01,20.66,21.05,7.7,132.6,89.5,88.4,56.4,At Risk,Moderate,Rainfall Deviation
Muskmelon,33.82,62.9,42.89,16.63,7.52,127.8,66.5,71.4,98.0,Healthy,Low,Optimal Conditions
Muskmelon,39.12,72.23,70.77,26.71,6.35,61.9,43.5,46.6,65.5,At Risk,Moderate,Temperature Deviation
Muskmelon,37.21,74.76,26.14,16.84,6.05,56.9,87.9,74.6,64.4,At Risk,Moderate,Humidity Deviation
Muskmelon,24.18,35.79,27.13,20.62,6.29,80.9,53.2,39.9,77.7,Healthy,Low,Rainfall Deviation
Muskmelon,17.32,89.17,4.07,56.03,5.8,91.1,35.5,58.9,5.0,High Risk,High,Humidity Deviation
Muskmelon,30.87,64.77,56.67,15.25,7.16,120.7,47.8,74.5,98.0,Healthy,Low,Optimal Conditions
Muskmelon,14.47,20.09,7.88,57.41,5.75,74.5,59.9,81.4,5.0,High Risk,High,Temperature Deviation
Muskmelon,24.22,62.76,41.84,7.67,7.62,80.0,79.9,109.2,98.0,Healthy,Low,Optimal Conditions
Muskmelon,15.56,94.81,4.96,37.82,6.2,73.5,33.2,51.5,5.0,High Risk,High,Humidity Deviation
Muskmelon,28.39,26.24,33.4,30.22,5.64,137.0,77.8,36.3,71.7,At Risk,Moderate,Humidity Deviation
Muskmelon,32.47,77.31,80.85,22.03,7.47,63.0,49.4,83.2,67.6,At Risk,Moderate,Humidity Deviation
Muskmelon,27.98,47.25,52.72,7.89,5.8,41.9,65.1,29.5,98.0,Healthy,Low,Optimal Conditions
Muskmelon,16.24,95.81,94.31,38.35,7.59,116.1,82.6,47.7,10.0,High Risk,High,Humidity Deviation
Muskmelon,41.22,88.78,3.5,37.38,6.03,77.2,65.0,74.0,5.0,High Risk,High,Humidity Deviation
Muskmelon,27.83,46.28,54.79,18.24,5.6,83.1,55.3,61.1,98.0,Healthy,Low,Optimal Conditions
Muskmelon,21.42,64.55,28.6,20.72,5.74,128.5,53.4,47.4,81.0,Healthy,Low,Rainfall Deviation
Muskmelon,40.85,36.84,33.17,23.5,6.56,123.3,29.2,56.9,60.8,At Risk,Moderate,Temperature Deviation
Muskmelon,32.37,38.29,31.84,29.12,7.52,66.0,45.5,20.3,84.8,Healthy,Low,Humidity Deviation
Muskmelon,43.18,20.3,7.95,46.31,6.94,75.5,23.4,30.8,5.0,High Risk,High,Temperature Deviation
Muskmelon,20.13,25.26,27.24,29.68,6.88,117.2,34.2,54.1,51.6,At Risk,Moderate,Humidity Deviation
Muskmelon,18.02,11.84,7.92,47.86,7.08,39.2,59.7,17.4,5.0,High Risk,High,Humidity Deviation
Muskmelon,27.14,64.97,58.46,7.21,7.52,70.3,56.1,71.0,98.0,Healthy,Low,Optimal Conditions
Muskmelon,35.59,37.93,55.62,16.95,5.77,127.6,32.2,89.1,89.1,Healthy,Low,Humidity Deviation
Muskmelon,27.2,70.24,80.34,12.13,6.2,70.4,69.2,61.9,78.6,Healthy,Low,Rainfall Deviation
Coconut,22.0,98.0,157.34,27.54,5.09,29.0,78.3,109.4,70.0,At Risk,Moderate,Humidity Deviation
Coconut,28.49,71.72,115.24,16.18,6.11,120.3,80.3,110.8,98.0,Healthy,Low,Optimal Conditions
Coconut,19.46,14.87,3.6,47.49,7.8,83.9,22.4,54.5,5.0,High Risk,High,Rainfall Deviation
Coconut,37.36,92.92,8.48,26.51,5.07,48.1,17.6,82.6,46.6,High Risk,High,Rainfall Deviation
Coconut,29.8,82.2,198.97,7.19,5.04,99.7,26.8,97.1,98.0,Healthy,Low,Optimal Conditions
Coconut,26.55,84.48,106.67,6.86,7.79,74.3,85.0,26.9,98.0,Healthy,Low,Optimal Conditions
Coconut,25.02,69.34,178.87,15.85,6.33,50.9,67.3,33.1,98.0,Healthy,Low,Optimal Conditions
Coconut,22.39,62.62,45.21,27.91,7.58,79.9,42.0,26.8,68.8,At Risk,Moderate,Rainfall Deviation
Coconut,26.1,81.38,161.12,8.7,4.77,82.9,70.2,95.5,98.0,Healthy,Low,Optimal Conditions
Coconut,34.95,76.38,139.84,10.89,5.17,79.2,70.3,58.0,98.0,Healthy,Low,Optimal Conditions
Coconut,13.48,19.88,408.5,54.28,8.31,100.2,62.6,103.3,5.0,High Risk,High,Temperature Deviation
Coconut,22.74,94.45,212.55,10.58,7.12,114.6,22.5,108.6,77.9,Healthy,Low,Humidity Deviation
Coconut,29.23,75.54,137.66,12.51,7.43,105.7,83.8,105.5,98.0,Healthy,Low,Optimal Conditions
Coconut,37.47,94.53,473.93,56.82,5.21,76.7,33.6,70.4,10.8,High Risk,High,Rainfall Deviation
Coconut,27.71,79.18,198.32,14.32,8.29,98.3,69.7,52.5,98.0,Healthy,Low,Optimal Conditions
Coconut,31.58,83.38,217.83,11.75,6.75,57.3,63.8,95.3,98.0,Healthy,Low,Optimal Conditions
Coconut,33.47,75.28,169.57,8.09,4.74,134.3,84.3,96.3,98.0,Healthy,Low,Optimal Conditions
Coconut,39.85,63.99,106.74,12.81,6.37,113.4,15.4,74.1,79.4,Healthy,Low,Temperature Deviation
Coconut,33.85,83.43,159.08,16.54,6.95,60.9,29.6,94.7,98.0,Healthy,Low,Optimal Conditions
Coconut,34.2,84.51,125.25,13.42,6.74,124.2,65.3,78.8,98.0,Healthy,Low,Optimal Conditions
Coconut,35.67,62.87,212.12,28.08,6.5,119.5,86.4,90.8,94.8,Healthy,Low,Optimal Conditions
Coconut,29.61,82.13,159.0,17.16,7.65,39.2,36.4,95.2,98.0,Healthy,Low,Optimal Conditions
Coconut,29.23,67.75,128.28,9.28,6.72,129.4,40.8,104.2,98.0,Healthy,Low,Optimal Conditions
Coconut,29.87,71.01,218.8,31.15,6.25,33.6,37.3,119.8,98.0,Healthy,Low,Optimal Conditions
Coconut,22.56,58.28,176.05,18.59,6.68,72.3,17.5,63.0,83.4,Healthy,Low,Temperature Deviation
Coconut,23.22,91.95,179.42,20.1,7.57,103.7,44.6,97.8,83.3,Healthy,Low,Humidity Deviation
Coconut,31.02,63.58,116.66,25.91,5.93,79.1,66.9,116.3,98.0,Healthy,Low,Optimal Conditions
Coconut,32.44,79.95,165.12,17.2,6.74,95.0,77.0,65.0,98.0,Healthy,Low,Optimal Conditions
Coconut,38.6,49.33,97.87,18.9,5.39,53.5,37.1,100.3,66.0,At Risk,Moderate,Humidity Deviation
Coconut,31.72,98.0,61.61,27.58,8.23,55.5,62.1,24.3,67.1,At Risk,Moderate,Humidity Deviation
Coconut,30.76,67.08,145.26,19.33,5.33,94.4,76.7,96.0,98.0,Healthy,Low,Optimal Conditions
Coconut,32.22,98.0,217.48,13.35,7.73,36.0,87.4,61.4,80.5,Healthy,Low,Humidity Deviation
Coconut,19.54,64.31,81.27,20.34,5.82,27.9,41.5,36.5,73.5,At Risk,Moderate,Temperature Deviation
Coconut,35.33,52.17,123.33,14.26,7.22,47.8,65.0,50.0,83.3,Healthy,Low,Humidity Deviation
Coconut,34.06,67.09,191.41,6.53,7.3,33.2,50.7,34.7,98.0,Healthy,Low,Optimal Conditions
Coconut,44.85,97.55,4.33,47.61,7.5,133.7,30.2,53.5,5.0,High Risk,High,Temperature Deviation
Coconut,25.97,81.16,109.93,10.08,5.42,99.7,82.4,93.4,98.0,Healthy,Low,Optimal Conditions
Coconut,20.81,96.1,198.18,29.69,6.76,31.0,76.7,98.1,68.7,At Risk,Moderate,Humidity Deviation
Coconut,15.29,88.22,521.42,52.2,4.82,121.1,57.9,81.8,5.0,High Risk,High,Rainfall Deviation
Coconut,11.23,20.8,8.53,29.41,8.14,65.0,56.6,36.8,5.0,High Risk,High,Temperature Deviation
Coconut,33.71,69.19,124.73,8.91,6.88,82.5,24.0,87.7,98.0,Healthy,Low,Optimal Conditions
Coconut,19.79,17.91,513.47,52.53,6.13,109.2,40.1,113.3,5.0,High Risk,High,Rainfall Deviation
Coconut,32.66,68.11,202.28,14.31,7.77,70.2,37.7,70.9,98.0,Healthy,Low,Optimal Conditions
Coconut,30.14,73.61,123.6,19.65,4.76,131.1,76.2,59.2,98.0,Healthy,Low,Optimal Conditions
Coconut,26.65,67.66,166.11,6.58,6.51,117.8,70.6,28.9,98.0,Healthy,Low,Optimal Conditions
Coconut,41.58,11.52,1.78,29.67,8.27,77.7,18.9,95.7,9.3,High Risk,High,Rainfall Deviation
Coconut,38.04,90.94,149.94,15.39,7.32,113.7,12.1,77.2,78.9,Healthy,Low,Temperature Deviation
Coconut,29.29,57.75,137.83,15.11,7.11,96.6,62.3,77.4,91.3,Healthy,Low,Humidity Deviation
Coconut,34.14,84.52,182.7,11.66,6.74,33.0,39.1,117.5,98.0,Healthy,Low,Optimal Conditions
Coconut,34.55,51.85,182.26,29.78,5.19,109.0,89.2,24.8,84.2,Healthy,Low,Humidity Deviation
Coconut,29.64,79.75,207.75,15.94,7.63,74.3,38.5,68.3,98.0,Healthy,Low,Optimal Conditions
Coconut,22.68,82.27,114.65,17.82,7.88,78.1,73.6,97.0,91.9,Healthy,Low,Temperature Deviation
Coconut,41.6,95.92,3.0,25.37,7.49,92.0,77.6,29.6,23.3,High Risk,High,Rainfall Deviation
Coconut,45.31,98.82,471.95,55.6,6.87,123.0,41.0,18.0,5.0,High Risk,High,Temperature Deviation
Coconut,31.7,67.29,189.46,11.29,6.84,116.1,30.2,58.4,98.0,Healthy,Low,Optimal Conditions
Coconut,21.73,53.71,203.94,16.95,8.49,117.3,16.4,35.8,75.0,Healthy,Low,Humidity Deviation
Coconut,24.44,64.5,151.9,27.87,8.14,109.5,29.6,88.8,97.4,Healthy,Low,Optimal Conditions
Coconut,27.7,93.52,105.66,11.39,5.16,51.5,76.9,37.0,87.2,Healthy,Low,Humidity Deviation
Coconut,29.95,82.83,163.38,6.19,5.41,122.7,80.1,98.5,98.0,Healthy,Low,Optimal Conditions
Coconut,35.93,97.23,63.52,28.31,6.63,22.9,81.6,71.2,65.2,At Risk,Moderate,Humidity Deviation
Coconut,27.36,56.62,114.28,20.7,7.82,38.4,16.8,32.7,89.9,Healthy,Low,Humidity Deviation
Coconut,38.68,63.46,192.69,21.94,8.15,51.3,41.9,83.6,83.4,Healthy,Low,Temperature Deviation
Coconut,33.35,78.32,142.27,15.83,5.76,112.9,15.7,59.8,98.0,Healthy,Low,Optimal Conditions
Coconut,33.17,80.05,201.02,14.77,7.72,72.7,64.2,18.3,98.0,Healthy,Low,Optimal Conditions
Coconut,19.23,22.31,8.0,58.35,6.9,55.4,54.6,82.0,5.0,High Risk,High,Rainfall Deviation
Coconut,31.7,83.05,216.56,14.0,5.94,87.6,10.2,111.5,98.0,Healthy,Low,Optimal Conditions
Coconut,25.3,55.16,255.46,13.24,5.9,125.6,21.6,64.3,81.7,Healthy,Low,Humidity Deviation
Coconut,41.74,96.51,7.0,25.55,7.89,30.0,66.9,117.9,23.2,High Risk,High,Rainfall Deviation
Coconut,15.94,96.87,510.46,57.83,5.79,99.6,12.9,73.4,5.0,High Risk,High,Rainfall Deviation
Coconut,26.4,80.47,197.15,15.73,4.74,54.2,38.9,87.5,98.0,Healthy,Low,Optimal Conditions
Coconut,29.48,84.41,213.58,26.12,8.03,91.1,20.1,96.1,98.0,Healthy,Low,Optimal Conditions
Coconut,31.3,68.97,119.61,5.79,5.89,91.7,35.5,40.3,98.0,Healthy,Low,Optimal Conditions
Coconut,47.79,91.17,6.16,29.5,6.0,55.8,78.5,79.2,12.9,High Risk,High,Temperature Deviation
Coconut,18.87,18.21,541.69,26.32,6.41,25.5,46.4,47.0,8.5,High Risk,High,Rainfall Deviation
Coconut,22.77,50.89,129.88,26.88,7.47,110.9,64.2,106.1,75.3,Healthy,Low,Humidity Deviation
Coconut,37.92,98.0,247.99,24.46,7.28,96.7,53.3,119.1,63.7,At Risk,Moderate,Humidity Deviation
Coconut,17.14,19.81,496.23,39.31,6.0,131.3,70.4,88.4,5.0,High Risk,High,Rainfall Deviation
Coconut,12.94,92.79,4.0,53.62,5.07,100.4,58.5,109.4,5.0,High Risk,High,Temperature Deviation
Coconut,26.78,88.9,231.26,18.46,7.34,84.6,41.6,28.0,92.1,Healthy,Low,Humidity Deviation
Coconut,33.4,81.23,103.4,7.1,7.57,60.3,61.5,74.1,98.0,Healthy,Low,Optimal Conditions
Coconut,30.97,79.64,136.07,20.81,6.92,35.5,85.8,58.4,98.0,Healthy,Low,Optimal Conditions
Coconut,30.47,78.8,146.18,7.15,7.68,51.3,45.4,81.4,98.0,Healthy,Low,Optimal Conditions
Coconut,44.68,15.02,363.48,49.58,5.08,115.7,82.0,44.5,5.0,High Risk,High,Temperature Deviation
Coconut,32.72,81.32,152.1,20.19,7.17,117.4,72.7,56.5,98.0,Healthy,Low,Optimal Conditions
Coconut,30.71,67.46,204.34,6.4,5.4,133.4,32.5,40.6,98.0,Healthy,Low,Optimal Conditions
Coconut,32.24,72.32,204.97,7.24,5.15,29.3,33.9,36.0,98.0,Healthy,Low,Optimal Conditions
Coconut,33.58,92.9,198.77,25.66,5.24,89.6,47.6,52.8,88.2,Healthy,Low,Humidity Deviation
Coconut,20.91,83.32,59.41,24.94,4.77,64.7,16.3,53.6,71.5,At Risk,Moderate,Temperature Deviation
Coconut,28.75,73.29,174.02,7.84,5.59,97.5,47.3,32.0,98.0,Healthy,Low,Optimal Conditions
Coconut,41.15,98.0,124.88,24.22,4.94,63.8,17.2,53.0,55.9,At Risk,Moderate,Temperature Deviation
Coconut,26.7,87.79,103.52,27.79,4.81,47.2,86.4,16.8,95.8,Healthy,Low,Optimal Conditions
Coconut,28.26,83.48,202.15,11.9,5.91,133.3,25.1,65.1,98.0,Healthy,Low,Optimal Conditions
Coconut,34.35,80.12,155.61,14.11,8.15,119.7,59.2,111.1,98.0,Healthy,Low,Optimal Conditions
Coconut,32.33,65.32,169.96,7.05,6.69,49.6,40.5,98.2,98.0,Healthy,Low,Optimal Conditions
Coconut,30.37,67.9,168.79,14.5,5.39,20.7,16.8,87.4,98.0,Healthy,Low,Optimal Conditions
Coconut,28.73,78.84,159.66,14.56,8.19,80.8,61.0,82.2,98.0,Healthy,Low,Optimal Conditions
Coconut,36.93,94.89,108.22,12.38,7.91,69.4,16.6,98.0,77.4,Healthy,Low,Humidity Deviation
Coconut,30.99,79.05,122.95,6.97,5.13,139.2,70.4,47.8,98.0,Healthy,Low,Optimal Conditions
Coconut,31.49,74.15,132.56,5.86,7.68,126.6,26.5,21.7,98.0,Healthy,Low,Optimal Conditions
Coconut,29.14,70.99,108.81,11.82,5.47,28.0,62.6,75.1,98.0,Healthy,Low,Optimal Conditions
Coconut,16.94,90.62,362.47,35.03,4.76,130.2,26.5,15.8,37.4,High Risk,High,Temperature Deviation
Coconut,26.04,79.52,100.2,11.62,6.57,114.1,51.8,28.1,98.0,Healthy,Low,Optimal Conditions
Coconut,34.35,69.74,135.94,18.1,7.69,55.5,66.7,23.9,98.0,Healthy,Low,Optimal Conditions
Coconut,40.5,54.97,170.48,29.17,7.29,32.8,38.8,22.3,66.0,At Risk,Moderate,Temperature Deviation
Coconut,23.28,80.78,135.46,15.46,7.09,134.8,47.7,68.7,94.0,Healthy,Low,Temperature Deviation
Coconut,25.86,66.4,260.48,11.05,5.53,58.1,33.0,19.2,92.6,Healthy,Low,Rainfall Deviation
Coconut,34.12,79.23,215.01,11.61,8.04,118.0,80.0,19.1,98.0,Healthy,Low,Optimal Conditions
Coconut,23.82,98.0,205.56,24.75,5.43,86.8,68.3,40.3,76.4,Healthy,Low,Humidity Deviation
Coconut,27.05,67.22,190.74,8.6,6.1,49.7,13.5,91.5,98.0,Healthy,Low,Optimal Conditions
Coconut,39.06,98.0,154.23,20.47,7.45,97.3,28.6,102.6,64.2,At Risk,Moderate,Humidity Deviation
Coconut,29.53,96.6,99.49,27.43,6.74,75.2,85.7,54.7,82.4,Healthy,Low,Humidity Deviation
Coconut,35.42,62.97,170.41,14.56,8.04,82.2,59.1,42.0,95.9,Healthy,Low,Optimal Conditions
Coconut,29.91,70.35,150.78,11.6,5.73,55.0,87.8,76.7,98.0,Healthy,Low,Optimal Conditions
Coconut,46.38,92.76,360.66,48.82,6.46,91.4,77.7,52.4,5.0,High Risk,High,Temperature Deviation
Coconut,23.51,52.25,55.08,20.43,8.47,111.7,33.0,86.2,63.8,At Risk,Moderate,Rainfall Deviation
Coconut,26.92,80.47,125.15,17.88,6.15,110.8,30.8,83.5,98.0,Healthy,Low,Optimal Conditions
Coconut,25.22,81.29,202.74,18.21,4.84,111.3,76.9,47.7,98.0,Healthy,Low,Optimal Conditions
Coconut,31.24,87.32,148.29,24.76,6.64,65.1,34.2,71.2,96.5,Healthy,Low,Optimal Conditions
Coconut,38.98,63.79,227.31,19.85,6.46,59.1,58.6,85.9,81.3,Healthy,Low,Temperature Deviation
Coconut,30.66,74.3,193.83,13.18,6.33,83.5,49.2,113.2,98.0,Healthy,Low,Optimal Conditions
Coconut,25.37,78.24,172.46,18.65,5.15,82.7,22.1,62.8,98.0,Healthy,Low,Optimal Conditions
Coconut,21.12,56.52,157.84,20.59,6.95,103.3,48.9,84.8,76.2,Healthy,Low,Temperature Deviation
Coconut,13.19,10.04,7.26,50.43,7.16,65.3,44.4,103.0,5.0,High Risk,High,Temperature Deviation
Coconut,37.4,92.02,167.57,28.42,5.32,68.3,23.6,38.5,79.9,Healthy,Low,Humidity Deviation
Coconut,20.37,73.25,241.97,21.04,4.82,121.5,84.9,22.8,79.8,Healthy,Low,Temperature Deviation
Coconut,32.16,84.94,205.16,6.48,7.01,99.8,60.5,74.6,98.0,Healthy,Low,Optimal Conditions
Coconut,31.69,79.57,169.09,12.46,5.53,85.4,20.3,22.6,98.0,Healthy,Low,Optimal Conditions
Coconut,27.2,57.28,86.94,28.3,5.0,101.7,19.0,70.9,86.2,Healthy,Low,Humidity Deviation
Coconut,21.47,13.03,0.3,39.27,8.18,121.1,25.4,31.4,16.3,High Risk,High,Rainfall Deviation
Coconut,28.6,76.67,114.89,12.98,6.91,99.3,54.0,101.6,98.0,Healthy,Low,Optimal Conditions
Coconut,22.95,52.07,53.58,22.4,7.26,31.8,86.5,24.6,61.0,At Risk,Moderate,Rainfall Deviation
Coconut,37.42,93.69,156.9,12.37,5.31,100.0,29.2,116.8,77.3,Healthy,Low,Humidity Deviation
Coconut,15.91,91.5,1.27,28.9,6.72,61.1,22.8,98.8,23.9,High Risk,High,Rainfall Deviation
Coconut,18.26,22.93,5.76,56.92,8.09,63.1,76.5,68.7,5.0,High Risk,High,Rainfall Deviation
Coconut,22.05,95.88,262.74,25.36,6.83,124.0,36.5,35.8,65.6,At Risk,Moderate,Humidity Deviation
Coconut,26.29,97.11,145.28,17.57,6.9,122.6,22.3,96.7,81.8,Healthy,Low,Humidity Deviation
Coconut,34.21,69.03,195.33,6.01,5.94,96.0,62.7,88.4,98.0,Healthy,Low,Optimal Conditions
Coconut,31.66,73.57,167.91,13.21,5.34,121.6,79.4,36.4,98.0,Healthy,Low,Optimal Conditions
Coconut,29.65,75.98,102.67,16.38,7.98,37.1,81.7,104.3,98.0,Healthy,Low,Optimal Conditions
Coconut,23.98,60.43,208.04,19.33,7.89,71.2,78.0,22.3,91.0,Healthy,Low,Humidity Deviation
Coconut,31.34,54.2,193.5,17.43,7.67,98.5,15.5,72.2,87.0,Healthy,Low,Humidity Deviation
Coconut,34.65,74.51,211.32,5.45,5.09,66.4,81.0,72.2,98.0,Healthy,Low,Optimal Conditions
Coconut,36.0,17.82,4.55,30.17,5.4,104.4,59.0,114.4,32.6,High Risk,High,Rainfall Deviation
Coconut,27.14,78.11,216.64,13.3,5.82,129.3,58.8,37.3,98.0,Healthy,Low,Optimal Conditions
Coconut,42.84,89.45,1.19,55.31,6.95,136.9,61.6,48.0,5.0,High Risk,High,Rainfall Deviation
Coconut,24.76,95.97,0.11,55.51,7.66,114.8,75.9,93.0,22.7,High Risk,High,Rainfall Deviation
Coconut,15.46,89.14,464.56,40.85,7.79,130.2,87.7,101.8,11.6,High Risk,High,Rainfall Deviation
Coconut,33.94,72.55,68.74,21.72,8.42,50.4,35.1,39.8,89.1,Healthy,Low,Rainfall Deviation
Coconut,17.09,96.0,361.52,33.5,8.02,60.3,82.9,101.5,30.1,High Risk,High,Temperature Deviation
Coconut,32.71,75.0,217.25,11.88,4.95,55.2,44.4,77.2,98.0,Healthy,Low,Optimal Conditions
Coconut,30.15,74.67,200.4,9.54,6.41,66.6,60.6,102.8,98.0,Healthy,Low,Optimal Conditions
Coconut,36.28,59.23,184.8,30.58,8.37,56.0,72.3,93.9,88.0,Healthy,Low,Humidity Deviation
Coconut,9.54,15.37,9.09,55.03,7.38,29.8,37.9,116.6,5.0,High Risk,High,Temperature Deviation
Coconut,29.54,71.68,124.66,9.85,5.42,125.3,24.0,80.5,98.0,Healthy,Low,Optimal Conditions
Coconut,45.07,15.18,9.81,36.14,5.55,117.2,26.0,75.9,5.0,High Risk,High,Temperature Deviation
Coconut,34.4,61.36,180.2,26.11,5.84,64.8,37.9,52.6,95.6,Healthy,Low,Optimal Conditions
Coconut,25.21,81.94,205.82,5.59,7.65,28.7,74.6,79.4,98.0,Healthy,Low,Optimal Conditions
Coconut,31.14,75.13,176.29,12.13,7.64,25.4,37.5,73.7,98.0,Healthy,Low,Optimal Conditions
Coconut,19.11,87.8,268.89,10.12,8.4,70.6,17.7,62.6,66.3,At Risk,Moderate,Temperature Deviation
Coconut,27.59,76.15,143.1,8.42,5.45,96.4,82.8,20.9,98.0,Healthy,Low,Optimal Conditions
Coconut,31.65,84.75,181.76,5.79,5.38,61.7,22.6,34.1,98.0,Healthy,Low,Optimal Conditions
Coconut,28.73,72.84,159.93,18.92,8.47,22.4,49.5,94.0,98.0,Healthy,Low,Optimal Conditions
Coconut,34.41,83.75,125.01,16.79,6.91,24.1,33.8,42.7,98.0,Healthy,Low,Optimal Conditions
Coconut,18.25,89.76,343.03,32.43,6.88,44.4,54.0,53.4,46.9,High Risk,High,Temperature Deviation
Coconut,31.35,70.04,148.51,18.88,7.57,66.0,28.4,84.2,98.0,Healthy,Low,Optimal Conditions
Coconut,43.43,19.58,8.52,37.58,7.27,119.5,21.5,118.4,5.0,High Risk,High,Temperature Deviation
Coconut,21.59,10.99,8.92,34.4,8.33,124.5,58.6,94.6,26.2,High Risk,High,Rainfall Deviation
Coconut,38.98,24.36,455.9,33.68,6.87,69.2,23.1,27.5,14.1,High Risk,High,Rainfall Deviation
Coconut,22.4,70.55,119.75,17.54,8.38,61.6,59.6,54.9,90.9,Healthy,Low,Temperature Deviation
Coconut,25.92,69.65,197.46,11.63,6.94,133.3,21.8,105.5,98.0,Healthy,Low,Optimal Conditions
Coconut,28.37,77.51,207.84,10.23,7.59,22.3,59.8,81.2,98.0,Healthy,Low,Optimal Conditions
Coconut,18.71,64.0,78.9,16.96,5.4,78.2,26.3,71.5,69.4,At Risk,Moderate,Temperature Deviation
Coconut,23.53,67.16,87.98,22.4,8.28,78.1,22.2,59.8,90.6,Healthy,Low,Temperature Deviation
Coconut,29.88,89.79,263.19,19.23,7.7,70.1,61.8,101.3,85.0,Healthy,Low,Rainfall Deviation
Coconut,25.74,97.63,94.95,25.23,5.39,20.3,23.8,21.5,79.3,Healthy,Low,Humidity Deviation
Coconut,29.68,77.89,116.89,8.22,7.73,89.2,12.3,104.1,98.0,Healthy,Low,Optimal Conditions
Coconut,33.09,62.69,67.79,30.85,6.5,130.9,45.2,100.5,86.0,Healthy,Low,Rainfall Deviation
Coconut,24.66,49.79,278.08,15.81,6.19,136.0,53.3,60.3,70.0,At Risk,Moderate,Humidity Deviation
Coconut,28.84,77.62,104.64,6.25,4.72,46.3,24.6,104.3,98.0,Healthy,Low,Optimal Conditions
Coconut,31.61,67.37,171.23,11.53,6.25,122.8,23.4,77.5,98.0,Healthy,Low,Optimal Conditions
Coconut,47.32,98.23,432.41,29.97,7.25,116.3,14.0,108.5,5.0,High Risk,High,Temperature Deviation
Coconut,30.18,84.97,165.45,27.07,5.81,24.6,67.7,115.2,98.0,Healthy,Low,Optimal Conditions
Coconut,24.13,93.14,8.8,48.9,8.35,50.3,39.7,50.9,32.0,High Risk,High,Rainfall Deviation
Coconut,27.7,77.6,165.77,12.63,7.74,37.6,23.6,68.9,98.0,Healthy,Low,Optimal Conditions
Coconut,26.74,78.81,159.53,8.03,5.7,106.8,36.2,36.5,98.0,Healthy,Low,Optimal Conditions
Coconut,48.9,92.93,338.85,47.58,5.1,73.9,50.6,105.3,5.0,High Risk,High,Temperature Deviation
Coconut,24.09,10.8,330.39,44.85,6.77,24.2,61.1,41.7,32.0,High Risk,High,Humidity Deviation
Coconut,27.41,66.12,120.0,8.11,6.89,36.2,83.7,39.3,98.0,Healthy,Low,Optimal Conditions
Coconut,33.7,93.93,249.68,30.91,4.97,104.0,19.1,109.3,81.2,Healthy,Low,Humidity Deviation
Coconut,34.92,73.56,145.83,13.79,6.2,48.2,60.3,91.5,98.0,Healthy,Low,Optimal Conditions
Coconut,49.85,10.65,3.56,50.56,6.62,136.1,49.2,42.1,5.0,High Risk,High,Temperature Deviation
Coconut,33.67,72.91,193.9,16.61,4.87,118.6,33.1,103.3,98.0,Healthy,Low,Optimal Conditions
Coconut,21.4,58.95,270.63,12.87,8.01,133.0,75.5,24.6,70.9,At Risk,Moderate,Temperature Deviation
Coconut,28.58,79.1,101.49,19.26,6.7,63.0,54.9,90.2,98.0,Healthy,Low,Optimal Conditions
Coconut,27.91,74.36,180.39,15.6,5.93,58.7,49.0,71.9,98.0,Healthy,Low,Optimal Conditions
Coconut,28.51,63.29,175.4,21.85,6.14,33.3,20.2,82.8,97.9,Healthy,Low,Optimal Conditions
Coconut,42.52,22.62,342.48,54.31,7.99,20.3,51.2,97.2,5.0,High Risk,High,Temperature Deviation
Coconut,32.51,65.18,169.02,17.77,6.34,108.7,52.4,83.0,98.0,Healthy,Low,Optimal Conditions
Coconut,34.3,86.07,205.08,14.51,5.94,70.7,39.4,113.1,98.0,Healthy,Low,Optimal Conditions
Coconut,26.8,75.35,213.87,12.55,8.35,42.8,10.8,46.8,98.0,Healthy,Low,Optimal Conditions
Coconut,25.7,56.29,148.17,10.77,5.37,73.9,43.4,35.0,89.5,Healthy,Low,Humidity Deviation
Coconut,10.77,11.81,548.44,40.8,5.55,121.4,82.7,93.5,5.0,High Risk,High,Temperature Deviation
Coconut,26.18,71.92,166.81,14.14,5.08,135.2,52.4,60.3,98.0,Healthy,Low,Optimal Conditions
Coconut,34.51,73.95,114.13,14.22,6.03,117.0,53.6,26.1,98.0,Healthy,Low,Optimal Conditions
Coconut,38.13,72.96,146.23,23.59,6.19,92.1,60.9,95.5,87.5,Healthy,Low,Temperature Deviation
Coconut,16.27,12.17,409.71,36.19,7.82,43.7,74.2,20.9,5.0,High Risk,High,Rainfall Deviation
Coconut,33.93,67.18,129.47,5.64,6.97,59.3,60.7,24.0,98.0,Healthy,Low,Optimal Conditions
Coconut,28.72,75.74,135.4,19.77,5.9,103.6,39.3,71.0,98.0,Healthy,Low,Optimal Conditions
Coconut,26.73,84.45,164.91,11.91,7.14,46.8,75.8,41.1,98.0,Healthy,Low,Optimal Conditions
Coconut,24.92,56.94,221.23,20.39,7.16,126.1,41.8,107.1,89.8,Healthy,Low,Humidity Deviation
Coconut,26.21,69.79,124.79,19.78,6.15,98.2,65.7,61.7,98.0,Healthy,Low,Optimal Conditions
Coconut,29.38,74.48,214.48,13.53,8.39,89.2,21.6,55.4,98.0,Healthy,Low,Optimal Conditions
Coconut,32.94,62.74,99.85,18.9,6.87,125.2,86.6,103.0,97.2,Healthy,Low,Optimal Conditions
Coconut,30.92,73.9,157.75,11.42,4.96,121.5,88.3,37.0,98.0,Healthy,Low,Optimal Conditions
Coconut,32.76,62.79,165.88,29.83,5.9,108.9,32.2,70.2,97.4,Healthy,Low,Optimal Conditions
Coconut,23.64,12.37,520.84,38.96,6.28,58.0,78.8,96.0,19.3,High Risk,High,Rainfall Deviation
Coconut,36.72,58.78,136.43,22.12,4.83,116.4,84.5,61.2,85.7,Healthy,Low,Humidity Deviation
Coconut,27.3,71.04,177.33,16.55,5.96,60.8,46.1,32.9,98.0,Healthy,Low,Optimal Conditions
Coconut,17.43,94.06,337.35,27.13,4.92,93.6,48.4,68.1,38.6,High Risk,High,Temperature Deviation
Coconut,32.91,69.02,170.34,17.91,7.87,23.4,32.3,90.0,98.0,Healthy,Low,Optimal Conditions
Coconut,29.82,46.83,138.87,31.16,8.1,41.2,10.3,79.7,78.2,Healthy,Low,Humidity Deviation
Coconut,26.79,43.98,137.42,21.72,7.06,64.2,76.5,88.2,74.8,At Risk,Moderate,Humidity Deviation
Coconut,27.79,68.04,160.69,8.03,5.3,39.3,31.3,99.9,98.0,Healthy,Low,Optimal Conditions
Coconut,42.26,98.63,535.5,56.69,7.52,131.9,80.3,72.7,5.0,High Risk,High,Rainfall Deviation
Coconut,27.21,69.04,126.48,12.15,8.0,22.8,29.1,77.7,98.0,Healthy,Low,Optimal Conditions
Coconut,40.55,11.04,515.52,33.07,7.51,69.8,50.2,71.4,7.8,High Risk,High,Rainfall Deviation
Coconut,28.71,53.01,88.59,12.25,4.86,27.5,45.1,39.7,81.6,Healthy,Low,Humidity Deviation
Coconut,37.05,52.73,89.88,21.28,8.15,40.2,18.4,93.4,73.5,At Risk,Moderate,Humidity Deviation
Coconut,25.26,67.43,190.75,10.07,6.04,68.6,68.6,105.2,98.0,Healthy,Low,Optimal Conditions
Coconut,45.98,13.23,337.48,32.25,8.09,121.4,71.3,94.9,5.0,High Risk,High,Temperature Deviation
Coconut,35.23,60.02,118.02,10.12,7.69,133.4,66.4,107.0,93.1,Healthy,Low,Humidity Deviation
Coconut,28.51,71.42,188.2,19.13,8.06,38.0,60.1,119.6,98.0,Healthy,Low,Optimal Conditions
Coconut,31.35,83.13,207.95,9.82,5.06,97.5,85.8,68.3,98.0,Healthy,Low,Optimal Conditions
Coconut,26.13,56.71,185.96,28.39,4.99,89.7,40.4,20.6,90.1,Healthy,Low,Humidity Deviation
Coconut,21.5,43.78,195.29,24.35,6.13,115.6,30.8,53.6,62.3,At Risk,Moderate,Humidity Deviation
Coconut,13.52,17.57,1.67,57.75,7.42,55.4,64.6,105.9,5.0,High Risk,High,Temperature Deviation
Coconut,30.62,69.35,148.27,13.69,7.04,106.4,86.6,103.0,98.0,Healthy,Low,Optimal Conditions
Coconut,40.06,13.81,1.95,47.44,4.7,74.8,41.9,105.9,5.0,High Risk,High,Rainfall Deviation
Coconut,20.71,89.96,3.41,56.69,6.06,78.8,56.9,59.9,18.7,High Risk,High,Rainfall Deviation
Coconut,11.61,13.8,7.65,56.76,6.82,95.8,29.2,21.0,5.0,High Risk,High,Temperature Deviation
Coconut,21.98,91.42,175.56,10.35,7.42,130.4,24.7,113.1,79.8,Healthy,Low,Temperature Deviation
Coconut,30.52,67.31,206.69,6.55,5.65,116.7,65.1,55.8,98.0,Healthy,Low,Optimal Conditions
Coconut,36.58,17.14,397.87,35.91,7.29,82.8,87.2,77.8,30.0,High Risk,High,Rainfall Deviation
Coconut,39.18,64.35,221.37,17.47,6.07,38.0,34.9,94.7,82.3,Healthy,Low,Temperature Deviation
Coconut,29.64,90.97,223.51,23.62,6.82,139.0,78.8,40.1,90.4,Healthy,Low,Humidity Deviation
Coconut,23.71,53.91,113.73,17.82,7.01,69.4,70.4,19.0,82.2,Healthy,Low,Humidity Deviation
Coconut,30.24,84.78,153.46,5.18,5.91,76.1,82.1,27.7,98.0,Healthy,Low,Optimal Conditions
Coconut,14.34,95.82,3.58,51.45,5.55,36.3,24.4,24.8,5.0,High Risk,High,Temperature Deviation
Coconut,44.94,22.16,426.81,29.32,4.87,104.2,72.6,64.5,5.0,High Risk,High,Temperature Deviation
Coconut,35.77,56.69,64.96,17.55,6.86,70.0,33.5,62.4,74.7,At Risk,Moderate,Rainfall Deviation
Coconut,28.02,77.21,157.25,15.16,7.88,133.2,22.1,80.7,98.0,Healthy,Low,Optimal Conditions
Coconut,36.97,87.92,157.68,20.0,6.18,74.3,15.0,36.2,87.7,Healthy,Low,Temperature Deviation
Coconut,35.12,45.38,135.08,17.11,6.69,117.0,24.5,84.7,76.0,Healthy,Low,Humidity Deviation
Coconut,42.15,14.64,392.45,53.97,6.82,122.9,44.2,78.9,5.0,High Risk,High,Rainfall Deviation
Coconut,30.76,66.61,123.16,19.96,7.12,124.3,14.6,55.4,98.0,Healthy,Low,Optimal Conditions
Coconut,44.55,91.62,540.62,29.91,5.1,115.8,63.3,69.8,11.9,High Risk,High,Rainfall Deviation
Coconut,22.41,66.84,175.62,23.83,5.45,100.7,76.3,18.9,90.9,Healthy,Low,Temperature Deviation
Coconut,22.25,88.91,248.59,18.02,6.94,29.9,53.8,93.5,79.3,Healthy,Low,Temperature Deviation
Coconut,25.22,67.69,171.86,31.43,5.03,40.2,85.3,48.5,98.0,Healthy,Low,Optimal Conditions
Coconut,35.34,98.0,190.56,31.04,5.52,73.0,24.4,106.9,79.1,Healthy,Low,Humidity Deviation
Coconut,25.35,65.78,149.65,12.84,4.86,31.1,17.8,85.2,98.0,Healthy,Low,Optimal Conditions
Coconut,30.63,66.47,207.05,9.57,7.66,119.2,89.0,92.8,98.0,Healthy,Low,Optimal Conditions
Coconut,26.53,65.96,206.35,11.7,7.55,79.6,80.4,93.7,98.0,Healthy,Low,Optimal Conditions
Coconut,32.52,70.34,192.77,19.23,8.23,35.0,14.4,96.6,98.0,Healthy,Low,Optimal Conditions
Coconut,32.49,62.18,149.05,12.23,5.8,70.9,85.1,71.8,96.6,Healthy,Low,Optimal Conditions
Coconut,16.99,22.96,471.98,47.55,4.75,98.7,67.6,118.5,5.0,High Risk,High,Rainfall Deviation
Coconut,28.63,54.92,239.18,31.01,7.66,20.8,10.8,28.2,84.4,Healthy,Low,Humidity Deviation
Coconut,38.25,98.01,535.72,32.51,8.48,109.4,29.1,43.6,27.5,High Risk,High,Rainfall Deviation
Coconut,39.76,65.1,146.02,27.46,6.16,57.3,20.4,40.0,81.0,Healthy,Low,Temperature Deviation
Coconut,28.04,78.52,115.47,9.82,6.71,59.3,45.2,67.2,98.0,Healthy,Low,Optimal Conditions
Coconut,26.61,93.61,177.52,25.22,8.2,84.3,71.0,30.0,87.1,Healthy,Low,Humidity Deviation
Coconut,32.72,52.99,181.2,29.16,6.2,96.9,45.3,77.9,85.6,Healthy,Low,Humidity Deviation
Coconut,42.49,90.16,180.4,13.22,8.19,87.2,33.5,116.1,62.3,At Risk,Moderate,Temperature Deviation
Coconut,19.87,58.28,94.91,23.21,7.81,139.5,79.5,62.5,72.2,At Risk,Moderate,Temperature Deviation
Coconut,26.21,65.59,143.52,12.22,7.82,30.3,28.2,68.6,98.0,Healthy,Low,Optimal Conditions
Coconut,43.25,23.26,530.5,35.57,5.02,26.3,54.1,89.4,5.0,High Risk,High,Rainfall Deviation
Coconut,37.59,98.0,68.28,15.94,6.11,78.4,16.1,86.4,59.0,At Risk,Moderate,Humidity Deviation
Coconut,39.01,62.07,261.77,15.09,5.23,121.8,42.7,88.4,72.8,At Risk,Moderate,Temperature Deviation
Coconut,22.11,97.37,118.89,12.52,6.56,84.0,47.2,115.2,71.3,At Risk,Moderate,Humidity Deviation
Coconut,28.0,52.63,173.37,17.58,4.73,95.6,85.4,55.4,85.2,Healthy,Low,Humidity Deviation
Coconut,22.57,77.84,179.96,19.26,5.22,117.1,32.3,101.8,91.5,Healthy,Low,Temperature Deviation
Coconut,18.16,62.81,84.75,14.06,6.14,91.8,60.8,32.8,68.1,At Risk,Moderate,Temperature Deviation
Coconut,30.67,84.2,165.93,13.71,7.61,70.3,40.7,77.0,98.0,Healthy,Low,Optimal Conditions
Coconut,29.94,93.16,212.05,12.39,5.95,102.4,52.3,79.1,87.8,Healthy,Low,Humidity Deviation
Coconut,33.27,83.05,117.44,14.39,5.57,41.9,26.4,69.7,98.0,Healthy,Low,Optimal Conditions
Coconut,42.08,98.57,5.63,54.09,6.04,62.7,19.9,69.7,5.0,High Risk,High,Rainfall Deviation
Coconut,12.46,88.77,5.48,58.86,7.12,46.1,73.5,118.4,5.0,High Risk,High,Temperature Deviation
Coconut,33.23,84.55,126.49,8.52,7.43,134.1,65.6,68.0,98.0,Healthy,Low,Optimal Conditions
Coconut,34.24,66.38,125.38,11.76,6.6,26.6,16.6,28.1,98.0,Healthy,Low,Optimal Conditions
Coconut,34.77,69.76,205.54,16.77,7.38,98.9,49.9,74.2,98.0,Healthy,Low,Optimal Conditions
Coconut,37.68,92.48,9.54,41.44,5.8,69.8,65.0,70.6,36.7,High Risk,High,Rainfall Deviation
Coconut,41.01,88.91,191.08,29.11,6.35,48.8,83.6,58.2,70.1,At Risk,Moderate,Temperature Deviation
Coconut,30.45,77.53,214.65,17.1,5.08,81.4,44.7,56.3,98.0,Healthy,Low,Optimal Conditions
Coconut,28.75,74.4,126.26,13.64,5.54,34.6,88.7,87.3,98.0,Healthy,Low,Optimal Conditions
Coconut,35.14,89.93,66.85,22.54,5.76,33.0,47.9,19.7,80.4,Healthy,Low,Rainfall Deviation
Coconut,27.19,84.81,197.02,13.13,5.58,82.3,61.9,15.5,98.0,Healthy,Low,Optimal Conditions
Coconut,45.12,98.82,0.09,26.05,7.41,133.5,16.2,92.2,5.0,High Risk,High,Temperature Deviation
Coconut,32.94,76.63,193.82,10.57,8.14,56.3,32.7,115.9,98.0,Healthy,Low,Optimal Conditions
Coconut,30.93,76.48,128.41,9.76,5.79,121.5,41.2,52.7,98.0,Healthy,Low,Optimal Conditions
Coconut,36.59,85.63,125.21,21.69,8.18,71.9,57.5,34.5,92.7,Healthy,Low,Temperature Deviation
Coffee,23.49,78.94,163.55,11.49,5.51,103.8,10.4,68.8,98.0,Healthy,Low,Optimal Conditions
Coffee,23.93,65.62,214.01,12.17,6.37,122.4,28.8,71.7,98.0,Healthy,Low,Optimal Conditions
Coffee,33.53,17.59,421.38,32.07,6.26,66.8,29.4,97.3,11.3,High Risk,High,Rainfall Deviation
Coffee,18.15,82.02,151.45,17.33,6.09,125.8,43.4,32.8,98.0,Healthy,Low,Optimal Conditions
Coffee,25.79,80.59,139.56,19.33,6.9,63.9,21.8,44.8,98.0,Healthy,Low,Optimal Conditions
Coffee,10.87,23.33,441.49,51.98,6.45,25.3,17.1,82.9,5.0,High Risk,High,Rainfall Deviation
Coffee,18.92,73.27,207.75,10.49,6.39,128.1,23.5,79.0,98.0,Healthy,Low,Optimal Conditions
Coffee,34.34,23.59,4.68,56.0,6.89,138.9,41.7,51.0,5.0,High Risk,High,Rainfall Deviation
Coffee,26.18,89.01,95.47,20.54,6.52,130.2,28.6,55.2,86.8,Healthy,Low,Rainfall Deviation
Coffee,26.46,67.74,182.3,10.26,6.77,60.8,88.2,16.6,98.0,Healthy,Low,Optimal Conditions
Coffee,22.57,70.13,193.74,17.22,6.4,136.4,46.5,117.9,98.0,Healthy,Low,Optimal Conditions
Coffee,26.46,65.77,173.19,12.27,6.71,104.1,45.3,109.0,98.0,Healthy,Low,Optimal Conditions
Coffee,37.84,97.25,1.51,33.25,5.27,95.4,10.7,98.1,7.7,High Risk,High,Temperature Deviation
Coffee,27.64,82.37,161.46,7.14,6.74,97.3,50.4,48.5,98.0,Healthy,Low,Optimal Conditions
Coffee,22.8,98.0,256.91,25.99,6.86,99.3,46.5,70.1,73.8,At Risk,Moderate,Humidity Deviation
Coffee,29.94,85.1,258.52,25.23,6.05,135.3,51.3,40.6,85.1,Healthy,Low,Temperature Deviation
Coffee,30.46,98.0,65.76,24.59,6.89,118.2,19.8,99.2,54.9,At Risk,Moderate,Humidity Deviation
Coffee,17.33,96.75,230.05,19.13,6.07,28.9,74.0,104.9,78.2,Healthy,Low,Humidity Deviation
Coffee,31.69,89.96,149.19,11.77,6.64,123.5,20.1,83.9,77.8,Healthy,Low,Temperature Deviation
Coffee,28.8,91.05,105.87,12.73,5.87,25.1,37.3,97.5,83.6,Healthy,Low,Humidity Deviation
Coffee,17.73,59.87,191.04,28.28,5.21,76.2,63.5,29.9,92.9,Healthy,Low,Humidity Deviation
Coffee,23.59,71.54,130.99,8.49,5.22,138.0,28.9,70.7,98.0,Healthy,Low,Optimal Conditions
Coffee,23.7,74.96,192.72,18.1,5.57,42.0,88.7,105.9,98.0,Healthy,Low,Optimal Conditions
Coffee,26.95,78.41,163.74,18.1,6.35,119.2,43.4,98.9,98.0,Healthy,Low,Optimal Conditions
Coffee,25.35,73.71,160.52,16.95,5.25,131.4,50.7,81.8,98.0,Healthy,Low,Optimal Conditions
Coffee,24.46,79.2,206.85,17.82,5.72,93.9,72.4,95.3,98.0,Healthy,Low,Optimal Conditions
Coffee,36.39,93.22,502.0,43.88,6.36,83.2,70.4,97.5,5.0,High Risk,High,Rainfall Deviation
Coffee,20.98,66.19,128.92,17.44,5.43,120.2,88.9,40.5,98.0,Healthy,Low,Optimal Conditions
Coffee,24.74,61.62,269.0,10.91,6.59,43.6,37.7,47.3,87.0,Healthy,Low,Rainfall Deviation
Coffee,19.74,84.13,180.03,12.11,6.52,117.6,18.8,92.8,98.0,Healthy,Low,Optimal Conditions
Coffee,39.13,23.68,516.01,33.13,5.61,101.0,11.9,104.2,5.0,High Risk,High,Temperature Deviation
Coffee,22.44,57.16,198.42,26.53,5.82,26.2,76.4,75.1,90.6,Healthy,Low,Humidity Deviation
Coffee,19.73,82.02,227.12,11.6,5.89,32.7,30.0,93.6,98.0,Healthy,Low,Optimal Conditions
Coffee,24.65,84.46,144.7,8.89,6.91,99.8,71.6,98.1,98.0,Healthy,Low,Optimal Conditions
Coffee,16.8,59.18,206.03,22.18,6.1,39.1,72.7,91.9,88.8,Healthy,Low,Humidity Deviation
Coffee,23.51,80.81,120.77,9.13,5.94,121.4,73.9,30.9,98.0,Healthy,Low,Optimal Conditions
Coffee,33.15,50.34,137.54,30.45,5.08,26.9,63.8,51.3,61.8,At Risk,Moderate,Temperature Deviation
Coffee,27.55,65.28,147.4,9.98,6.57,87.4,36.3,32.8,98.0,Healthy,Low,Optimal Conditions
Coffee,18.39,81.74,131.72,17.35,5.28,128.7,64.3,52.0,98.0,Healthy,Low,Optimal Conditions
Coffee,20.85,69.23,211.11,7.77,5.35,63.2,88.7,63.8,98.0,Healthy,Low,Optimal Conditions
Coffee,27.99,79.8,214.46,8.73,6.51,126.9,52.3,59.5,98.0,Healthy,Low,Optimal Conditions
Coffee,23.67,68.84,163.18,15.24,6.3,104.0,56.9,15.3,98.0,Healthy,Low,Optimal Conditions
Coffee,23.8,84.32,139.44,15.76,5.87,36.7,12.7,89.9,98.0,Healthy,Low,Optimal Conditions
Coffee,20.98,73.03,190.59,10.81,5.77,115.3,10.6,94.2,98.0,Healthy,Low,Optimal Conditions
Coffee,28.75,83.18,247.59,26.6,5.71,47.2,41.0,99.5,92.0,Healthy,Low,Rainfall Deviation
Coffee,22.68,70.08,207.5,11.21,6.4,62.9,36.4,49.2,98.0,Healthy,Low,Optimal Conditions
Coffee,19.73,62.01,188.17,22.28,6.64,27.5,72.8,114.7,96.4,Healthy,Low,Optimal Conditions
Coffee,16.85,63.14,136.26,26.28,6.5,103.3,57.0,77.5,93.7,Healthy,Low,Optimal Conditions
Coffee,16.9,17.98,9.44,31.53,5.76,114.3,87.1,78.0,33.9,High Risk,High,Rainfall Deviation
Coffee,23.17,87.88,181.27,11.2,6.83,95.1,22.8,86.6,95.7,Healthy,Low,Optimal Conditions
Coffee,9.46,96.59,524.5,39.93,6.75,28.0,14.4,83.0,5.3,High Risk,High,Rainfall Deviation
Coffee,38.35,96.97,7.94,40.99,6.9,63.9,58.6,101.3,5.0,High Risk,High,Temperature Deviation
Coffee,31.5,24.5,515.05,55.56,6.31,133.8,27.5,110.0,5.0,High Risk,High,Rainfall Deviation
Coffee,26.94,69.32,191.92,17.25,5.78,33.6,39.0,21.5,98.0,Healthy,Low,Optimal Conditions
Coffee,13.12,76.51,252.8,14.58,6.68,30.9,89.1,99.8,77.0,Healthy,Low,Temperature Deviation
Coffee,20.14,75.97,172.36,14.44,5.93,108.1,37.9,33.5,98.0,Healthy,Low,Optimal Conditions
Coffee,21.25,73.54,185.91,17.1,5.48,79.2,28.7,114.9,98.0,Healthy,Low,Optimal Conditions
Coffee,18.7,91.14,103.96,30.04,5.18,112.0,68.0,49.3,86.1,Healthy,Low,Humidity Deviation
Coffee,7.43,89.4,424.21,35.07,5.12,91.9,73.9,119.2,19.2,High Risk,High,Rainfall Deviation
Coffee,9.12,20.95,475.11,48.11,6.35,130.7,42.9,98.5,5.0,High Risk,High,Rainfall Deviation
Coffee,19.73,58.42,146.52,17.26,5.55,64.6,54.4,32.0,92.1,Healthy,Low,Humidity Deviation
Coffee,11.75,18.44,2.87,39.92,6.89,83.9,68.4,92.1,6.6,High Risk,High,Rainfall Deviation
Coffee,17.66,60.65,79.74,12.28,5.35,24.7,65.4,69.3,81.8,Healthy,Low,Rainfall Deviation
Coffee,30.05,88.76,82.96,23.16,5.2,134.0,57.7,25.8,75.4,Healthy,Low,Rainfall Deviation
Coffee,18.81,74.94,147.71,10.1,5.14,111.5,77.3,29.7,98.0,Healthy,Low,Optimal Conditions
Coffee,26.51,62.04,279.19,30.26,5.4,31.9,13.4,102.0,85.7,Healthy,Low,Rainfall Deviation
Coffee,20.84,69.52,204.01,19.68,6.51,118.8,59.6,70.5,98.0,Healthy,Low,Optimal Conditions
Coffee,23.15,59.75,90.41,15.77,5.57,69.2,38.9,22.8,85.1,Healthy,Low,Rainfall Deviation
Coffee,16.43,62.18,150.43,13.06,6.98,54.2,77.0,35.0,91.1,Healthy,Low,Temperature Deviation
Coffee,27.29,17.39,429.6,28.96,6.93,62.3,50.3,50.6,31.9,High Risk,High,Rainfall Deviation
Coffee,18.57,90.14,121.91,12.18,5.58,105.4,88.0,40.4,92.3,Healthy,Low,Humidity Deviation
Coffee,13.02,21.0,473.87,58.28,5.1,117.8,81.3,65.1,5.0,High Risk,High,Rainfall Deviation
Coffee,7.07,19.22,394.91,42.66,6.96,39.1,24.7,64.4,5.0,High Risk,High,Temperature Deviation
Coffee,33.2,90.68,2.52,50.28,5.13,31.7,47.2,73.4,13.5,High Risk,High,Rainfall Deviation
Coffee,29.22,44.75,183.3,17.65,6.32,26.5,78.8,49.3,70.8,At Risk,Moderate,Humidity Deviation
Coffee,13.02,61.48,178.74,24.3,6.14,28.3,55.0,56.0,78.3,Healthy,Low,Temperature Deviation
Coffee,27.09,70.17,175.34,13.84,6.0,48.7,42.6,45.5,98.0,Healthy,Low,Optimal Conditions
Coffee,18.83,68.32,133.75,13.93,6.31,129.7,31.0,56.3,98.0,Healthy,Low,Optimal Conditions
Coffee,34.99,55.37,205.07,12.05,5.56,36.5,12.1,118.7,60.5,At Risk,Moderate,Temperature Deviation
Coffee,16.02,22.28,9.63,31.45,6.52,42.2,27.7,20.1,30.9,High Risk,High,Rainfall Deviation
Coffee,31.31,58.28,147.54,14.67,5.83,105.2,37.1,104.8,78.7,Healthy,Low,Temperature Deviation
Coffee,39.63,92.81,521.41,55.25,5.66,54.4,26.8,69.6,5.0,High Risk,High,Temperature Deviation
Coffee,37.32,22.32,1.71,36.86,6.43,58.6,19.4,57.5,5.0,High Risk,High,Temperature Deviation
Coffee,40.32,89.92,6.58,58.19,5.83,38.0,60.5,33.2,5.0,High Risk,High,Temperature Deviation
Coffee,3.52,97.26,429.8,58.69,6.39,70.9,11.7,73.5,5.0,High Risk,High,Temperature Deviation
Coffee,19.86,75.0,154.14,5.58,6.45,107.9,59.5,103.3,98.0,Healthy,Low,Optimal Conditions
Coffee,20.86,74.17,126.02,18.25,5.98,59.0,48.2,49.1,98.0,Healthy,Low,Optimal Conditions
Coffee,22.48,74.64,163.33,13.22,6.57,26.9,74.9,39.0,98.0,Healthy,Low,Optimal Conditions
Coffee,23.99,84.51,121.74,15.1,6.39,88.8,10.8,78.7,98.0,Healthy,Low,Optimal Conditions
Coffee,18.78,78.92,190.02,18.35,5.01,65.5,11.0,53.3,98.0,Healthy,Low,Optimal Conditions
Coffee,13.76,91.58,111.9,10.89,5.63,35.1,15.6,104.0,72.9,At Risk,Moderate,Temperature Deviation
Coffee,26.25,82.85,170.61,13.52,6.29,97.4,52.4,77.4,98.0,Healthy,Low,Optimal Conditions
Coffee,27.16,79.43,151.49,10.03,5.91,23.8,89.3,64.1,98.0,Healthy,Low,Optimal Conditions
Coffee,22.33,60.3,188.05,21.98,5.46,102.4,37.8,24.4,94.4,Healthy,Low,Humidity Deviation
Coffee,14.38,76.22,247.14,10.14,5.3,75.1,79.0,38.7,82.4,Healthy,Low,Temperature Deviation
Coffee,22.13,66.33,175.04,5.83,5.03,133.2,63.2,27.5,98.0,Healthy,Low,Optimal Conditions
Coffee,20.58,90.8,262.07,17.86,6.1,93.1,18.9,73.6,83.6,Healthy,Low,Humidity Deviation
Coffee,20.07,70.01,129.94,6.05,6.29,132.9,65.0,47.7,98.0,Healthy,Low,Optimal Conditions
Coffee,23.41,82.33,140.25,12.03,6.0,131.7,52.9,97.0,98.0,Healthy,Low,Optimal Conditions
Coffee,21.27,77.23,187.76,18.28,6.18,54.7,53.1,89.7,98.0,Healthy,Low,Optimal Conditions
Coffee,14.5,58.35,196.08,10.7,6.68,37.4,30.3,109.1,79.8,Healthy,Low,Temperature Deviation
Coffee,23.3,65.62,176.9,15.7,6.13,117.0,72.1,65.3,98.0,Healthy,Low,Optimal Conditions
Coffee,31.65,86.61,226.56,16.13,5.12,54.3,77.0,64.4,81.8,Healthy,Low,Temperature Deviation
Coffee,19.32,98.0,180.08,31.49,6.89,135.9,34.3,18.9,80.5,Healthy,Low,Humidity Deviation
Coffee,21.46,72.05,188.05,17.95,5.44,73.7,40.3,95.3,98.0,Healthy,Low,Optimal Conditions
Coffee,18.56,71.68,155.4,17.34,6.1,82.8,57.9,74.0,98.0,Healthy,Low,Optimal Conditions
Coffee,12.56,98.0,84.38,30.02,6.51,71.1,24.7,19.6,51.1,At Risk,Moderate,Humidity Deviation
Coffee,43.07,14.64,501.78,37.08,5.78,48.3,65.9,75.0,5.0,High Risk,High,Temperature Deviation
Coffee,31.96,21.08,9.68,53.68,6.07,138.9,52.4,71.3,5.0,High Risk,High,Rainfall Deviation
Coffee,19.49,68.37,179.18,11.23,5.77,35.3,40.5,54.7,98.0,Healthy,Low,Optimal Conditions
Coffee,14.35,59.03,61.55,30.84,5.79,59.6,25.3,64.1,63.0,At Risk,Moderate,Rainfall Deviation
Coffee,35.96,13.94,428.13,55.65,6.02,56.4,67.1,116.1,5.0,High Risk,High,Rainfall Deviation
Coffee,17.96,66.74,222.21,27.2,6.91,90.8,27.6,74.0,98.0,Healthy,Low,Optimal Conditions
Coffee,31.18,50.56,188.23,12.02,5.49,67.3,57.0,90.9,69.9,At Risk,Moderate,Humidity Deviation
Coffee,26.19,65.67,164.4,14.5,5.58,102.0,79.4,24.4,98.0,Healthy,Low,Optimal Conditions
Coffee,27.42,89.34,108.94,16.5,6.32,35.5,31.1,19.7,90.3,Healthy,Low,Humidity Deviation
Coffee,33.35,24.26,7.09,47.74,6.66,100.9,51.4,103.8,5.0,High Risk,High,Rainfall Deviation
Coffee,24.79,79.03,207.03,19.97,6.12,78.1,58.1,84.2,98.0,Healthy,Low,Optimal Conditions
Coffee,32.67,87.77,235.08,12.08,6.63,70.0,38.8,39.2,74.4,At Risk,Moderate,Temperature Deviation
Coffee,28.99,68.43,292.09,29.01,5.42,135.4,37.2,78.8,82.9,Healthy,Low,Rainfall Deviation
Coffee,11.65,11.42,2.65,43.47,5.39,112.4,44.5,59.4,5.0,High Risk,High,Rainfall Deviation
Coffee,26.88,65.22,120.69,19.93,5.04,38.6,80.6,79.7,98.0,Healthy,Low,Optimal Conditions
Coffee,11.11,53.94,121.95,25.79,5.12,45.7,84.8,80.4,62.6,At Risk,Moderate,Temperature Deviation
Coffee,32.77,54.58,110.86,30.38,6.6,68.4,60.3,35.6,65.7,At Risk,Moderate,Temperature Deviation
Coffee,9.58,22.96,2.62,36.77,6.99,75.7,71.0,100.4,5.0,High Risk,High,Rainfall Deviation
Coffee,31.11,96.81,156.11,30.98,6.01,134.5,52.8,32.6,69.8,At Risk,Moderate,Humidity Deviation
Coffee,26.65,77.43,161.44,16.99,6.28,124.7,87.7,83.4,98.0,Healthy,Low,Optimal Conditions
Coffee,9.07,13.21,4.09,51.63,5.8,131.4,82.1,20.5,5.0,High Risk,High,Rainfall Deviation
Coffee,21.87,83.59,204.42,5.72,6.02,106.4,32.1,90.9,98.0,Healthy,Low,Optimal Conditions
Coffee,20.74,72.85,215.08,18.58,6.83,130.1,24.3,109.1,98.0,Healthy,Low,Optimal Conditions
Coffee,26.38,75.84,144.0,10.98,5.87,108.0,58.5,100.8,98.0,Healthy,Low,Optimal Conditions
Coffee,25.44,80.86,126.31,10.63,6.77,104.6,43.5,34.2,98.0,Healthy,Low,Optimal Conditions
Coffee,20.29,69.89,157.07,7.65,5.29,121.3,30.0,74.0,98.0,Healthy,Low,Optimal Conditions
Coffee,22.92,70.53,128.68,19.73,5.92,67.2,25.9,67.0,98.0,Healthy,Low,Optimal Conditions
Coffee,15.33,62.83,108.52,22.21,6.28,122.7,10.6,60.0,84.7,Healthy,Low,Temperature Deviation
Coffee,19.25,98.0,98.44,31.43,6.05,58.1,45.7,66.4,74.2,At Risk,Moderate,Humidity Deviation
Coffee,19.59,73.63,209.7,8.83,5.72,110.9,16.6,101.6,98.0,Healthy,Low,Optimal Conditions
Coffee,33.92,66.75,105.11,30.03,5.11,114.3,21.6,50.8,72.0,At Risk,Moderate,Temperature Deviation
Coffee,17.16,83.46,210.23,12.63,5.91,44.6,41.3,31.4,97.1,Healthy,Low,Optimal Conditions
Coffee,18.43,65.12,206.99,14.62,6.18,81.7,68.1,92.3,98.0,Healthy,Low,Optimal Conditions
Coffee,29.95,88.53,510.8,59.48,6.08,132.9,40.1,43.6,21.9,High Risk,High,Rainfall Deviation
Coffee,24.37,77.08,175.36,7.84,5.53,54.7,79.3,100.8,98.0,Healthy,Low,Optimal Conditions
Coffee,19.46,67.04,126.76,19.77,6.62,22.0,10.5,87.4,98.0,Healthy,Low,Optimal Conditions
Coffee,18.99,74.28,121.88,11.37,5.48,51.8,32.9,47.3,98.0,Healthy,Low,Optimal Conditions
Coffee,23.7,75.96,185.08,7.4,6.99,36.3,74.9,38.1,98.0,Healthy,Low,Optimal Conditions
Coffee,21.24,71.15,168.65,8.59,6.09,50.1,87.8,40.1,98.0,Healthy,Low,Optimal Conditions
Coffee,19.43,98.0,232.82,11.08,6.18,30.6,74.5,116.1,78.2,Healthy,Low,Humidity Deviation
Coffee,23.07,81.46,151.47,7.37,6.48,103.8,55.6,114.2,98.0,Healthy,Low,Optimal Conditions
Coffee,9.49,12.91,3.96,53.58,6.54,62.6,12.4,15.9,5.0,High Risk,High,Rainfall Deviation
Coffee,18.45,67.42,145.44,7.69,5.29,51.5,69.0,61.7,98.0,Healthy,Low,Optimal Conditions
Coffee,16.11,56.56,217.82,14.47,6.42,93.2,89.4,29.8,83.2,Healthy,Low,Humidity Deviation
Coffee,23.16,68.04,181.06,7.94,5.97,93.4,46.6,48.6,98.0,Healthy,Low,Optimal Conditions
Coffee,22.44,58.88,110.67,23.65,6.07,56.5,80.4,64.9,89.9,Healthy,Low,Humidity Deviation
Coffee,14.05,55.98,89.04,11.89,5.86,85.7,88.6,51.5,66.3,At Risk,Moderate,Temperature Deviation
Coffee,17.2,98.0,247.93,15.73,5.27,115.8,71.6,114.3,72.6,At Risk,Moderate,Humidity Deviation
Coffee,21.16,71.05,138.02,10.25,5.26,124.6,37.8,72.5,98.0,Healthy,Low,Optimal Conditions
Coffee,20.81,69.47,208.7,7.7,6.59,53.9,26.9,16.0,98.0,Healthy,Low,Optimal Conditions
Coffee,18.7,72.24,125.29,5.96,5.71,73.8,36.6,17.5,98.0,Healthy,Low,Optimal Conditions
Coffee,27.39,76.43,205.4,5.77,5.02,113.8,40.8,53.8,98.0,Healthy,Low,Optimal Conditions
Coffee,19.61,81.57,126.14,12.48,5.72,53.1,70.9,107.3,98.0,Healthy,Low,Optimal Conditions
Coffee,18.77,72.5,164.01,5.8,5.94,134.1,40.9,109.5,98.0,Healthy,Low,Optimal Conditions
Coffee,5.49,92.36,0.73,48.76,6.02,93.7,34.2,83.6,5.0,High Risk,High,Temperature Deviation
Coffee,24.52,66.62,160.03,14.15,6.71,117.5,52.2,107.8,98.0,Healthy,Low,Optimal Conditions
Coffee,27.43,98.0,120.57,11.25,5.02,32.6,68.8,35.0,80.5,Healthy,Low,Humidity Deviation
Coffee,29.59,52.23,172.17,31.33,6.25,130.4,82.5,83.6,78.3,Healthy,Low,Humidity Deviation
Coffee,30.38,53.62,196.28,31.3,5.57,29.0,55.2,93.6,76.8,Healthy,Low,Humidity Deviation
Coffee,13.14,15.86,505.92,28.67,5.58,125.4,34.5,58.8,13.0,High Risk,High,Rainfall Deviation
Coffee,27.89,85.0,168.28,16.77,5.44,64.9,64.3,45.1,98.0,Healthy,Low,Optimal Conditions
Coffee,27.22,69.89,125.93,16.27,5.49,74.0,18.9,22.2,98.0,Healthy,Low,Optimal Conditions
Coffee,17.84,60.94,74.92,18.53,5.76,72.0,43.8,43.8,81.4,Healthy,Low,Rainfall Deviation
Coffee,27.02,65.75,128.78,18.93,5.54,56.5,37.5,25.9,98.0,Healthy,Low,Optimal Conditions
Coffee,33.42,98.0,122.68,14.45,6.54,79.7,52.9,105.2,58.8,At Risk,Moderate,Temperature Deviation
Coffee,22.09,93.3,83.42,29.3,5.6,137.4,50.2,32.3,76.9,Healthy,Low,Humidity Deviation
Coffee,24.82,82.76,132.71,13.38,6.07,59.4,42.7,47.0,98.0,Healthy,Low,Optimal Conditions
Coffee,23.33,66.2,168.13,9.86,5.93,137.0,69.3,105.5,98.0,Healthy,Low,Optimal Conditions
Coffee,25.06,74.26,179.71,11.57,5.26,133.7,66.5,78.1,98.0,Healthy,Low,Optimal Conditions
Coffee,18.93,62.55,99.83,18.21,6.8,104.8,49.6,59.2,91.2,Healthy,Low,Rainfall Deviation
Coffee,13.31,20.07,5.14,59.72,5.87,127.5,20.8,15.4,5.0,High Risk,High,Rainfall Deviation
Coffee,29.18,55.88,144.01,15.44,5.93,30.3,46.4,79.3,84.3,Healthy,Low,Humidity Deviation
Coffee,30.97,98.0,261.43,12.58,5.21,103.7,47.3,90.3,61.1,At Risk,Moderate,Humidity Deviation
Coffee,20.12,79.3,123.91,11.72,5.92,29.4,29.3,42.3,98.0,Healthy,Low,Optimal Conditions
Coffee,15.64,21.36,341.66,29.15,6.2,46.3,42.0,42.8,39.6,High Risk,High,Humidity Deviation
Coffee,19.13,71.07,127.09,12.38,5.59,90.8,46.5,40.6,98.0,Healthy,Low,Optimal Conditions
Coffee,25.53,77.66,123.29,19.84,6.28,44.9,77.2,107.6,98.0,Healthy,Low,Optimal Conditions
Coffee,21.19,66.99,119.07,14.7,5.99,35.5,55.3,69.9,98.0,Healthy,Low,Optimal Conditions
Coffee,9.06,90.57,533.85,42.8,5.5,72.1,59.6,22.5,8.7,High Risk,High,Rainfall Deviation
Coffee,20.4,77.93,180.63,9.49,5.08,41.9,22.8,74.7,98.0,Healthy,Low,Optimal Conditions
Coffee,22.82,77.29,207.96,8.68,5.37,40.8,38.8,83.2,98.0,Healthy,Low,Optimal Conditions
Coffee,22.46,69.14,164.16,17.14,6.16,21.1,76.9,18.1,98.0,Healthy,Low,Optimal Conditions
Coffee,15.38,95.83,97.77,26.12,6.69,122.5,19.7,94.9,68.1,At Risk,Moderate,Humidity Deviation
Coffee,18.12,70.51,149.29,17.15,6.48,30.2,36.1,41.4,98.0,Healthy,Low,Optimal Conditions
Coffee,27.42,94.43,73.07,26.02,5.67,81.7,72.1,100.5,72.2,At Risk,Moderate,Humidity Deviation
Coffee,40.9,95.09,385.24,48.99,5.72,85.8,14.4,58.7,5.0,High Risk,High,Temperature Deviation
Coffee,25.29,82.85,137.41,8.69,6.71,90.3,57.1,74.1,98.0,Healthy,Low,Optimal Conditions
Coffee,20.43,83.99,192.35,6.36,5.45,95.3,32.7,41.4,98.0,Healthy,Low,Optimal Conditions
Coffee,19.86,77.27,210.58,10.42,5.24,34.9,84.7,70.5,98.0,Healthy,Low,Optimal Conditions
Coffee,28.9,98.0,253.31,29.63,5.56,53.8,55.4,100.7,70.9,At Risk,Moderate,Humidity Deviation
Coffee,20.72,98.0,139.53,19.36,6.43,122.6,21.0,65.3,80.5,Healthy,Low,Humidity Deviation
Coffee,10.99,89.56,377.72,54.55,5.28,123.7,16.0,93.1,15.0,High Risk,High,Rainfall Deviation
Coffee,27.03,65.83,178.02,5.19,6.47,24.0,68.2,99.9,98.0,Healthy,Low,Optimal Conditions
Coffee,36.7,89.52,8.48,51.17,5.64,44.5,29.5,74.4,5.0,High Risk,High,Temperature Deviation
Coffee,22.96,81.23,170.23,19.93,6.33,44.9,50.0,100.4,98.0,Healthy,Low,Optimal Conditions
Coffee,25.29,65.67,214.26,14.95,5.33,124.9,16.5,57.6,98.0,Healthy,Low,Optimal Conditions
Coffee,16.5,52.75,140.78,15.36,6.21,109.6,74.3,97.1,80.0,Healthy,Low,Humidity Deviation
Coffee,29.26,94.2,109.51,22.37,5.23,89.0,57.6,94.7,78.1,Healthy,Low,Humidity Deviation
Coffee,16.98,52.43,226.01,11.63,6.87,56.7,62.2,52.7,80.2,Healthy,Low,Humidity Deviation
Coffee,25.25,73.38,181.59,9.11,5.53,43.9,34.1,21.8,98.0,Healthy,Low,Optimal Conditions
Coffee,26.53,70.6,173.83,12.45,6.27,97.8,39.3,29.0,98.0,Healthy,Low,Optimal Conditions
Coffee,21.59,76.2,181.42,18.99,5.61,33.1,53.0,22.0,98.0,Healthy,Low,Optimal Conditions
Coffee,23.54,83.49,139.55,10.44,5.89,134.4,68.8,49.9,98.0,Healthy,Low,Optimal Conditions
Coffee,23.19,72.63,181.68,13.02,5.07,28.9,20.7,83.3,98.0,Healthy,Low,Optimal Conditions
Coffee,11.26,90.63,7.1,52.97,6.71,81.2,36.3,96.1,10.0,High Risk,High,Rainfall Deviation
Coffee,19.48,81.69,161.12,13.56,6.84,36.3,54.6,73.7,98.0,Healthy,Low,Optimal Conditions
Coffee,39.02,96.12,4.36,54.61,5.38,35.4,76.1,20.6,5.0,High Risk,High,Temperature Deviation
Coffee,7.3,97.18,474.25,34.8,6.33,99.5,46.2,66.5,5.0,High Risk,High,Rainfall Deviation
Coffee,18.95,98.0,285.89,19.62,7.0,93.7,82.4,24.5,68.5,At Risk,Moderate,Humidity Deviation
Coffee,12.98,72.73,221.16,27.32,5.21,138.4,37.0,38.5,82.2,Healthy,Low,Temperature Deviation
Coffee,26.12,76.72,215.17,14.72,5.68,120.4,32.5,45.5,98.0,Healthy,Low,Optimal Conditions
Coffee,20.52,70.23,149.75,10.53,6.15,46.0,60.9,29.0,98.0,Healthy,Low,Optimal Conditions
Coffee,8.01,19.16,538.4,41.01,6.79,135.9,62.1,34.4,5.0,High Risk,High,Rainfall Deviation
Coffee,20.69,92.41,210.05,21.02,5.15,87.3,23.5,115.8,88.9,Healthy,Low,Humidity Deviation
Coffee,29.48,45.78,98.44,16.07,5.9,89.1,40.0,109.6,64.7,At Risk,Moderate,Humidity Deviation
Coffee,39.42,92.9,2.45,42.96,5.41,89.2,64.8,83.2,5.0,High Risk,High,Temperature Deviation
Coffee,25.69,71.39,166.93,9.05,6.21,72.9,27.4,47.4,98.0,Healthy,Low,Optimal Conditions
Coffee,27.11,75.44,185.27,19.02,5.36,132.4,53.2,104.9,98.0,Healthy,Low,Optimal Conditions
Coffee,20.73,68.88,185.34,7.11,6.59,50.1,30.4,44.5,98.0,Healthy,Low,Optimal Conditions
Coffee,16.35,64.51,270.02,20.75,5.05,115.5,80.3,18.3,84.5,Healthy,Low,Rainfall Deviation
Coffee,18.87,69.42,169.6,5.5,5.34,68.9,60.6,110.5,98.0,Healthy,Low,Optimal Conditions
Coffee,4.39,95.46,9.36,26.52,6.54,26.2,27.9,50.3,12.0,High Risk,High,Temperature Deviation
Coffee,27.14,77.44,207.54,15.23,6.98,83.0,14.3,31.9,98.0,Healthy,Low,Optimal Conditions
Coffee,25.9,92.48,143.43,10.5,5.82,64.9,80.2,43.6,88.8,Healthy,Low,Humidity Deviation
Coffee,25.83,98.0,180.97,10.51,5.39,49.7,48.8,40.3,80.5,Healthy,Low,Humidity Deviation
Coffee,34.77,88.31,3.11,48.27,5.9,32.9,84.6,88.6,14.0,High Risk,High,Rainfall Deviation
Coffee,27.35,84.83,139.74,10.71,5.14,77.9,73.0,109.9,98.0,Healthy,Low,Optimal Conditions
Coffee,11.84,52.88,251.81,11.26,6.66,44.1,48.2,66.1,58.1,At Risk,Moderate,Temperature Deviation
Coffee,35.26,54.79,150.17,22.01,6.41,101.7,31.8,63.4,58.7,At Risk,Moderate,Temperature Deviation
Coffee,18.85,74.2,175.58,9.78,5.12,99.4,64.2,48.7,98.0,Healthy,Low,Optimal Conditions
Coffee,24.36,66.41,142.34,8.72,5.53,94.0,16.3,82.8,98.0,Healthy,Low,Optimal Conditions
Coffee,14.83,49.96,251.02,28.67,6.59,64.9,18.1,111.7,65.2,At Risk,Moderate,Humidity Deviation
Coffee,21.74,83.18,211.73,8.94,5.18,20.1,45.1,74.7,98.0,Healthy,Low,Optimal Conditions
Coffee,20.6,72.14,146.31,17.88,6.29,119.5,78.8,60.7,98.0,Healthy,Low,Optimal Conditions
Coffee,27.42,92.98,206.22,31.96,6.77,137.6,46.4,86.4,88.0,Healthy,Low,Humidity Deviation
Coffee,22.66,93.59,274.76,27.44,6.75,60.8,88.9,44.4,77.2,Healthy,Low,Humidity Deviation
Coffee,39.46,88.02,8.24,32.49,6.92,78.4,39.5,117.6,17.9,High Risk,High,Temperature Deviation
Coffee,24.0,79.98,214.08,17.51,5.58,51.2,17.8,32.6,98.0,Healthy,Low,Optimal Conditions
Coffee,32.1,98.0,51.47,31.73,6.98,39.2,42.1,36.4,44.1,High Risk,High,Rainfall Deviation
Coffee,23.33,81.45,123.58,19.8,6.88,88.5,48.5,72.8,98.0,Healthy,Low,Optimal Conditions
Coffee,25.38,74.93,148.6,11.92,5.59,104.0,59.2,55.7,98.0,Healthy,Low,Optimal Conditions
Coffee,26.78,78.64,191.58,14.28,5.15,27.1,44.3,112.7,98.0,Healthy,Low,Optimal Conditions
Coffee,17.68,89.17,73.59,28.54,5.03,87.6,37.3,61.0,79.1,Healthy,Low,Rainfall Deviation
Coffee,18.96,51.98,110.28,21.08,6.84,124.4,39.3,27.2,81.5,Healthy,Low,Humidity Deviation
Coffee,20.09,80.0,174.81,17.75,5.98,112.4,35.9,78.2,98.0,Healthy,Low,Optimal Conditions
Coffee,28.94,84.92,207.58,29.09,5.15,63.6,26.6,63.2,96.3,Healthy,Low,Optimal Conditions
Coffee,12.04,88.05,210.68,26.39,5.64,128.2,32.3,87.9,74.6,At Risk,Moderate,Temperature Deviation
Coffee,27.58,65.09,143.29,15.14,6.71,139.2,23.9,47.3,98.0,Healthy,Low,Optimal Conditions
Coffee,11.77,24.01,476.67,43.19,5.03,47.8,12.3,62.2,5.0,High Risk,High,Rainfall Deviation
Coffee,20.88,98.0,87.57,19.82,6.61,56.9,33.6,44.2,71.0,At Risk,Moderate,Humidity Deviation
Coffee,24.11,69.87,213.49,10.19,6.08,69.1,87.0,59.5,98.0,Healthy,Low,Optimal Conditions
Coffee,13.11,59.19,219.56,26.23,5.11,93.7,51.0,43.9,75.9,Healthy,Low,Temperature Deviation
Coffee,31.21,46.91,187.65,28.86,6.3,29.3,34.3,31.0,65.5,At Risk,Moderate,Humidity Deviation
Coffee,10.97,98.58,392.18,34.6,6.27,73.9,39.7,54.6,23.7,High Risk,High,Rainfall Deviation
Coffee,26.21,76.71,213.27,17.68,6.97,24.1,61.9,115.2,98.0,Healthy,Low,Optimal Conditions
Coffee,19.87,50.97,124.79,14.13,5.27,107.5,64.9,63.4,83.2,Healthy,Low,Humidity Deviation
Coffee,17.25,97.01,282.0,25.04,5.87,79.1,70.8,33.7,68.1,At Risk,Moderate,Humidity Deviation
Coffee,31.21,63.95,148.83,31.57,5.83,86.5,10.6,15.9,85.9,Healthy,Low,Temperature Deviation
Coffee,25.19,68.56,195.78,11.48,6.7,124.4,80.4,72.1,98.0,Healthy,Low,Optimal Conditions
Coffee,20.16,98.0,207.61,27.79,6.31,131.3,28.3,27.7,80.5,Healthy,Low,Humidity Deviation
Coffee,13.45,88.13,114.27,10.73,5.6,103.9,87.3,74.7,77.7,Healthy,Low,Temperature Deviation
Coffee,22.27,74.8,135.22,9.94,5.89,51.4,38.3,44.0,98.0,Healthy,Low,Optimal Conditions
Coffee,26.46,54.46,128.31,29.75,5.96,121.4,21.2,96.7,87.4,Healthy,Low,Humidity Deviation
Coffee,7.23,97.88,454.91,41.97,6.81,63.6,70.2,19.0,5.0,High Risk,High,Rainfall Deviation
Coffee,27.97,62.95,96.48,15.44,6.63,77.0,14.8,42.8,90.7,Healthy,Low,Rainfall Deviation
Coffee,37.44,94.27,332.33,45.39,5.43,105.1,62.3,112.9,12.3,High Risk,High,Temperature Deviation
Coffee,21.85,91.82,189.73,29.14,6.43,35.8,17.0,85.8,89.8,Healthy,Low,Humidity Deviation
Coffee,30.14,15.82,4.74,50.28,5.47,117.1,64.2,94.4,5.0,High Risk,High,Rainfall Deviation
Coffee,26.8,72.48,180.09,14.6,6.9,36.1,20.8,63.5,98.0,Healthy,Low,Optimal Conditions
Coffee,36.6,93.45,8.26,37.65,5.05,36.5,73.8,113.1,16.4,High Risk,High,Temperature Deviation
Coffee,26.61,79.48,188.49,11.45,5.66,69.3,58.1,114.4,98.0,Healthy,Low,Optimal Conditions
Coffee,27.74,69.66,204.58,14.9,6.49,119.8,10.9,91.0,98.0,Healthy,Low,Optimal Conditions
Coffee,14.0,13.7,1.2,59.01,5.16,138.2,77.7,106.0,5.0,High Risk,High,Rainfall Deviation
Coffee,35.89,94.26,490.27,57.04,5.94,112.9,13.5,102.8,5.0,High Risk,High,Rainfall Deviation
Coffee,27.68,82.81,146.66,8.35,6.57,38.2,79.5,18.4,98.0,Healthy,Low,Optimal Conditions
Coffee,15.82,84.4,253.58,19.59,6.5,100.1,73.9,18.7,86.3,Healthy,Low,Temperature Deviation
Coffee,33.16,24.01,5.03,27.04,6.72,120.1,45.0,60.7,15.8,High Risk,High,Rainfall Deviation
Coffee,27.44,70.24,191.84,6.65,5.52,91.8,57.8,73.1,98.0,Healthy,Low,Optimal Conditions
Coffee,25.55,79.22,188.09,6.94,5.44,129.3,48.6,58.9,98.0,Healthy,Low,Optimal Conditions
Coffee,29.88,12.31,353.37,47.05,5.66,83.8,89.2,37.1,20.1,High Risk,High,Humidity Deviation
Coffee,26.43,73.21,204.69,11.37,5.04,65.0,58.8,62.0,98.0,Healthy,Low,Optimal Conditions
Coffee,13.79,85.82,194.78,19.03,6.85,88.3,47.5,35.5,84.0,Healthy,Low,Temperature Deviation
Coffee,10.86,19.11,3.32,54.09,6.64,45.0,14.7,70.0,5.0,High Risk,High,Rainfall Deviation
Coffee,6.87,95.48,522.01,50.05,6.91,86.4,55.1,69.8,5.0,High Risk,High,Rainfall Deviation
Coffee,37.14,96.02,360.19,43.4,5.64,85.8,36.6,34.3,8.8,High Risk,High,Temperature Deviation
Coffee,15.32,98.0,221.96,24.71,5.6,30.8,50.3,66.1,70.8,At Risk,Moderate,Humidity Deviation
Coffee,23.64,77.17,212.26,16.61,6.62,42.3,46.7,36.8,98.0,Healthy,Low,Optimal Conditions
Coffee,23.05,70.6,141.46,15.88,5.07,110.3,81.9,89.0,98.0,Healthy,Low,Optimal Conditions
Coffee,25.36,75.04,183.8,10.89,5.38,22.7,69.3,59.8,98.0,Healthy,Low,Optimal Conditions
Coffee,24.23,80.85,172.88,16.42,5.68,98.4,59.3,33.2,98.0,Healthy,Low,Optimal Conditions
Coffee,25.85,55.57,147.15,24.42,5.5,87.7,74.5,116.0,88.7,Healthy,Low,Humidity Deviation
Coffee,23.24,74.06,161.45,12.56,5.81,61.3,19.2,67.5,98.0,Healthy,Low,Optimal Conditions
Coffee,35.88,10.92,6.75,53.74,5.33,139.3,33.8,47.5,5.0,High Risk,High,Rainfall Deviation
Chickpea,15.97,75.11,30.46,12.66,5.63,93.9,82.1,28.6,77.3,Healthy,Low,Humidity Deviation
Chickpea,30.14,22.08,70.67,14.38,6.99,131.2,58.8,96.2,57.5,At Risk,Moderate,Humidity Deviation
Chickpea,21.34,51.97,48.88,15.19,8.09,131.5,30.5,68.0,98.0,Healthy,Low,Optimal Conditions
Chickpea,19.19,49.98,61.41,18.74,7.26,139.1,55.4,99.7,98.0,Healthy,Low,Optimal Conditions
Chickpea,15.08,40.54,65.68,6.12,7.34,89.2,72.5,47.9,98.0,Healthy,Low,Optimal Conditions
Chickpea,18.53,43.37,38.32,7.96,5.94,112.5,58.8,74.8,98.0,Healthy,Low,Optimal Conditions
Chickpea,9.83,30.04,78.0,13.26,5.68,56.5,12.1,18.2,65.4,At Risk,Moderate,Temperature Deviation
Chickpea,12.28,64.95,54.72,12.89,8.02,131.0,53.9,74.5,83.0,Healthy,Low,Temperature Deviation
Chickpea,28.67,98.4,0.22,50.25,8.36,104.5,16.2,79.7,5.0,High Risk,High,Humidity Deviation
Chickpea,2.61,92.69,159.34,44.15,8.3,134.0,89.3,28.8,5.0,High Risk,High,Temperature Deviation
Chickpea,32.04,24.98,129.27,26.05,7.32,45.2,41.9,39.3,19.9,High Risk,High,Rainfall Deviation
Chickpea,31.06,98.97,129.62,49.6,8.32,63.8,13.2,24.1,5.0,High Risk,High,Humidity Deviation
Chickpea,30.0,24.51,46.66,28.58,7.67,20.8,19.4,91.8,61.4,At Risk,Moderate,Temperature Deviation
Chickpea,34.2,21.8,1.51,29.9,5.94,128.3,89.5,119.4,8.1,High Risk,High,Temperature Deviation
Chickpea,17.39,43.44,45.28,13.98,7.73,82.0,77.4,111.6,98.0,Healthy,Low,Optimal Conditions
Chickpea,8.89,22.97,170.59,37.24,7.95,121.9,56.5,86.3,14.8,High Risk,High,Rainfall Deviation
Chickpea,27.5,46.23,45.29,25.83,6.7,101.8,44.5,118.6,90.0,Healthy,Low,Temperature Deviation
Chickpea,34.25,97.78,143.8,57.63,7.92,23.4,56.3,27.0,5.0,High Risk,High,Rainfall Deviation
Chickpea,16.93,47.92,65.06,5.47,7.57,135.7,61.3,100.6,98.0,Healthy,Low,Optimal Conditions
Chickpea,5.85,18.19,135.27,57.31,7.73,81.7,86.1,87.2,5.0,High Risk,High,Rainfall Deviation
Chickpea,7.16,88.24,137.53,51.58,7.08,63.4,80.7,101.7,5.0,High Risk,High,Rainfall Deviation
Chickpea,30.37,96.85,6.46,53.0,7.2,103.7,71.9,45.6,5.0,High Risk,High,Humidity Deviation
Chickpea,22.08,50.25,50.49,19.38,7.9,50.7,42.5,102.2,98.0,Healthy,Low,Optimal Conditions
Chickpea,18.21,46.79,45.61,8.89,7.43,67.4,53.4,43.6,98.0,Healthy,Low,Optimal Conditions
Chickpea,8.35,88.2,4.93,49.17,6.2,25.0,23.1,36.9,5.0,High Risk,High,Humidity Deviation
Chickpea,19.31,67.8,22.35,25.4,6.5,106.4,48.5,70.3,79.4,Healthy,Low,Humidity Deviation
Chickpea,13.33,81.65,33.01,27.11,6.26,121.4,32.8,78.3,61.7,At Risk,Moderate,Humidity Deviation
Chickpea,30.94,12.39,9.24,30.85,6.13,84.8,57.1,106.2,22.0,High Risk,High,Humidity Deviation
Chickpea,21.12,40.05,48.85,10.97,5.86,126.9,18.6,42.9,98.0,Healthy,Low,Optimal Conditions
Chickpea,26.13,26.81,79.04,20.68,6.87,41.6,61.0,112.0,74.5,At Risk,Moderate,Humidity Deviation
Chickpea,23.01,60.62,21.57,10.76,7.57,131.4,87.6,106.8,89.2,Healthy,Low,Rainfall Deviation
Chickpea,24.06,52.87,32.53,7.56,6.66,56.7,36.9,92.2,98.0,Healthy,Low,Optimal Conditions
Chickpea,21.06,46.73,65.3,5.86,8.42,29.7,44.8,105.0,98.0,Healthy,Low,Optimal Conditions
Chickpea,23.5,59.26,34.91,12.16,6.19,112.0,18.6,96.3,98.0,Healthy,Low,Optimal Conditions
Chickpea,27.3,56.9,21.29,24.58,7.97,48.6,74.1,98.2,80.7,Healthy,Low,Rainfall Deviation
Chickpea,3.02,24.93,6.27,39.74,6.58,134.3,37.1,87.2,7.1,High Risk,High,Temperature Deviation
Chickpea,32.1,75.98,54.97,13.82,8.16,107.2,80.0,95.9,47.6,High Risk,High,Temperature Deviation
Chickpea,24.17,55.42,52.83,12.99,7.22,66.9,74.3,110.4,98.0,Healthy,Low,Optimal Conditions
Chickpea,15.38,44.06,60.29,18.03,6.55,38.3,78.7,37.5,98.0,Healthy,Low,Optimal Conditions
Chickpea,15.93,58.21,43.07,7.58,8.36,60.3,69.8,39.2,98.0,Healthy,Low,Optimal Conditions
Chickpea,14.55,32.62,61.52,28.74,7.36,90.4,67.2,47.4,89.6,Healthy,Low,Humidity Deviation
Chickpea,15.85,40.09,40.58,17.21,7.33,36.7,44.1,17.1,98.0,Healthy,Low,Optimal Conditions
Chickpea,10.32,92.79,7.65,57.14,8.09,85.3,85.3,37.1,5.0,High Risk,High,Humidity Deviation
Chickpea,30.88,16.82,5.34,43.7,7.25,130.2,26.3,96.7,6.8,High Risk,High,Rainfall Deviation
Chickpea,29.55,69.33,34.59,19.1,7.2,123.2,47.1,48.0,67.8,At Risk,Moderate,Temperature Deviation
Chickpea,6.45,89.32,9.03,25.42,6.64,88.5,35.2,35.4,10.6,High Risk,High,Humidity Deviation
Chickpea,24.89,57.73,42.49,5.24,7.12,58.6,19.3,98.0,98.0,Healthy,Low,Optimal Conditions
Chickpea,24.73,54.12,63.59,14.33,7.19,71.4,16.6,92.4,98.0,Healthy,Low,Optimal Conditions
Chickpea,16.97,42.29,33.13,12.13,8.01,35.4,51.2,54.8,98.0,Healthy,Low,Optimal Conditions
Chickpea,24.27,67.04,34.93,26.61,7.7,20.8,32.5,112.9,89.4,Healthy,Low,Humidity Deviation
Chickpea,3.26,92.09,126.33,59.29,7.69,49.4,88.8,86.8,5.0,High Risk,High,Temperature Deviation
Chickpea,19.92,55.32,60.13,17.62,6.22,133.8,30.9,65.5,98.0,Healthy,Low,Optimal Conditions
Chickpea,19.34,53.0,49.67,8.73,6.66,91.3,81.8,59.5,98.0,Healthy,Low,Optimal Conditions
Chickpea,13.9,40.35,22.12,11.12,8.05,76.6,50.3,21.4,86.9,Healthy,Low,Rainfall Deviation
Chickpea,12.38,77.79,21.49,13.62,6.19,106.1,49.9,71.2,54.2,At Risk,Moderate,Humidity Deviation
Chickpea,17.98,21.0,79.29,27.31,6.3,139.0,24.1,93.8,71.9,At Risk,Moderate,Humidity Deviation
Chickpea,18.57,45.7,47.64,16.86,8.32,69.9,62.1,97.8,98.0,Healthy,Low,Optimal Conditions
Chickpea,24.61,44.23,66.6,19.8,5.8,127.1,61.3,100.9,98.0,Healthy,Low,Optimal Conditions
Chickpea,23.34,52.52,50.42,13.4,7.73,55.7,85.5,47.3,98.0,Healthy,Low,Optimal Conditions
Chickpea,6.71,90.3,3.74,50.34,6.71,29.4,73.1,17.1,5.0,High Risk,High,Humidity Deviation
Chickpea,11.75,55.5,54.25,27.26,7.97,121.9,42.3,57.9,88.6,Healthy,Low,Temperature Deviation
Chickpea,22.73,54.74,33.99,5.3,8.36,22.1,60.3,62.6,98.0,Healthy,Low,Optimal Conditions
Chickpea,28.17,27.57,63.26,25.53,6.59,98.6,22.1,30.0,72.4,At Risk,Moderate,Humidity Deviation
Chickpea,23.86,57.01,49.68,13.78,7.38,64.8,66.1,78.9,98.0,Healthy,Low,Optimal Conditions
Chickpea,17.84,59.62,41.37,7.61,8.0,117.3,29.1,104.1,98.0,Healthy,Low,Optimal Conditions
Chickpea,6.98,13.23,119.62,29.37,5.85,55.6,42.2,86.7,13.6,High Risk,High,Humidity Deviation
Chickpea,4.22,94.78,4.72,40.39,7.27,49.7,39.1,81.3,5.0,High Risk,High,Temperature Deviation
Chickpea,20.79,51.01,37.47,19.0,5.75,26.2,78.9,103.2,98.0,Healthy,Low,Optimal Conditions
Chickpea,24.75,59.51,35.0,12.19,5.66,62.9,15.7,31.9,98.0,Healthy,Low,Optimal Conditions
Chickpea,10.09,98.42,6.92,47.85,7.99,21.3,30.6,37.7,5.0,High Risk,High,Humidity Deviation
Chickpea,24.38,42.62,40.51,10.03,7.37,112.1,58.4,93.6,98.0,Healthy,Low,Optimal Conditions
Chickpea,24.96,43.4,45.99,17.48,6.24,110.1,39.1,33.6,98.0,Healthy,Low,Optimal Conditions
Chickpea,22.85,42.24,50.64,16.12,7.75,66.8,47.3,105.0,98.0,Healthy,Low,Optimal Conditions
Chickpea,24.93,48.38,41.02,5.04,5.88,110.8,61.9,40.9,98.0,Healthy,Low,Optimal Conditions
Chickpea,11.1,13.13,7.01,33.76,5.88,25.0,85.8,80.2,29.5,High Risk,High,Humidity Deviation
Chickpea,28.82,65.44,70.77,30.2,5.52,38.8,81.6,15.9,76.1,Healthy,Low,Temperature Deviation
Chickpea,2.0,13.32,0.51,41.04,5.73,98.4,49.7,59.0,5.0,High Risk,High,Temperature Deviation
Chickpea,14.36,30.5,27.08,13.53,8.16,128.2,74.5,33.4,82.9,Healthy,Low,Humidity Deviation
Chickpea,4.05,88.06,139.85,52.79,6.26,125.6,15.6,49.8,5.0,High Risk,High,Rainfall Deviation
Chickpea,21.56,40.77,64.17,19.42,6.21,128.2,82.5,80.8,98.0,Healthy,Low,Optimal Conditions
Chickpea,23.1,57.1,17.39,23.87,7.33,56.4,44.3,27.2,85.3,Healthy,Low,Rainfall Deviation
Chickpea,15.13,43.49,64.68,12.84,5.85,128.7,55.5,17.9,98.0,Healthy,Low,Optimal Conditions
Chickpea,14.83,70.37,53.92,21.22,6.81,76.0,82.8,72.2,83.9,Healthy,Low,Humidity Deviation
Chickpea,25.11,66.44,46.02,20.6,6.26,63.9,36.6,43.2,89.9,Healthy,Low,Humidity Deviation
Chickpea,20.05,49.53,62.48,9.62,6.35,80.5,13.8,26.7,98.0,Healthy,Low,Optimal Conditions
Chickpea,12.19,17.57,118.18,45.54,8.35,113.5,61.1,86.3,19.9,High Risk,High,Rainfall Deviation
Chickpea,19.04,59.74,64.26,16.41,7.66,88.1,36.3,60.4,98.0,Healthy,Low,Optimal Conditions
Chickpea,15.89,47.69,34.63,10.97,6.14,62.0,40.3,98.4,98.0,Healthy,Low,Optimal Conditions
Chickpea,29.15,69.79,78.72,11.41,7.24,23.4,28.1,22.5,63.7,At Risk,Moderate,Temperature Deviation
Chickpea,19.9,45.98,33.52,12.23,7.63,26.4,80.6,83.6,98.0,Healthy,Low,Optimal Conditions
Chickpea,17.29,29.85,37.11,19.78,6.93,65.1,80.4,107.9,87.8,Healthy,Low,Humidity Deviation
Chickpea,21.68,81.33,70.42,13.84,5.58,80.7,47.9,85.3,67.8,At Risk,Moderate,Humidity Deviation
Chickpea,15.3,54.47,67.69,10.91,7.33,85.4,55.3,106.1,98.0,Healthy,Low,Optimal Conditions
Chickpea,14.63,30.86,41.8,17.57,5.93,106.8,84.6,44.5,87.7,Healthy,Low,Humidity Deviation
Chickpea,14.3,72.83,44.44,31.74,7.08,20.2,81.9,115.4,78.3,Healthy,Low,Humidity Deviation
Chickpea,27.34,98.71,136.21,36.89,8.24,132.5,23.1,89.2,15.0,High Risk,High,Rainfall Deviation
Chickpea,12.87,70.86,49.05,30.44,6.81,79.7,78.4,76.5,76.3,Healthy,Low,Humidity Deviation
Chickpea,20.41,52.5,65.59,8.52,7.18,130.5,13.6,35.4,98.0,Healthy,Low,Optimal Conditions
Chickpea,21.78,56.84,37.97,8.7,7.97,37.8,30.9,91.9,98.0,Healthy,Low,Optimal Conditions
Chickpea,23.28,49.81,47.9,7.03,7.54,126.1,65.4,48.3,98.0,Healthy,Low,Optimal Conditions
Chickpea,18.17,28.47,45.83,12.63,5.68,102.9,57.4,74.3,86.2,Healthy,Low,Humidity Deviation
Chickpea,25.43,74.77,49.27,25.95,8.2,131.6,64.8,97.6,76.1,Healthy,Low,Humidity Deviation
Chickpea,16.61,45.25,51.25,10.79,7.47,73.5,72.0,89.9,98.0,Healthy,Low,Optimal Conditions
Chickpea,12.31,41.48,32.98,12.85,7.83,29.0,88.8,103.5,90.6,Healthy,Low,Temperature Deviation
Chickpea,9.35,63.86,20.43,30.39,6.91,47.8,68.8,108.9,63.3,At Risk,Moderate,Temperature Deviation
Chickpea,4.83,96.83,137.59,32.42,5.77,65.2,42.6,27.0,5.0,High Risk,High,Rainfall Deviation
Chickpea,22.06,54.38,32.9,12.6,7.18,79.8,88.3,63.1,98.0,Healthy,Low,Optimal Conditions
Chickpea,12.53,22.52,15.73,30.28,6.15,134.6,73.8,33.0,53.7,At Risk,Moderate,Humidity Deviation
Chickpea,15.85,44.95,56.36,12.8,7.34,23.7,16.4,87.7,98.0,Healthy,Low,Optimal Conditions
Chickpea,31.53,96.67,167.79,27.31,7.4,124.6,76.4,64.4,5.0,High Risk,High,Rainfall Deviation
Chickpea,18.78,51.32,46.38,10.23,5.86,32.7,12.3,119.4,98.0,Healthy,Low,Optimal Conditions
Chickpea,15.73,51.35,57.0,15.21,8.41,45.6,81.6,110.1,98.0,Healthy,Low,Optimal Conditions
Chickpea,26.5,37.51,41.63,16.44,7.92,133.5,39.6,102.7,91.0,Healthy,Low,Temperature Deviation
Chickpea,13.48,33.91,43.14,11.83,6.5,123.3,68.6,22.7,87.4,Healthy,Low,Humidity Deviation
Chickpea,18.1,67.01,45.14,11.29,7.84,107.9,13.5,113.8,89.5,Healthy,Low,Humidity Deviation
Chickpea,14.52,32.41,19.5,27.0,7.3,100.7,11.8,54.8,77.0,Healthy,Low,Rainfall Deviation
Chickpea,15.79,29.84,76.44,18.42,7.59,74.7,68.5,35.3,84.1,Healthy,Low,Humidity Deviation
Chickpea,30.46,67.97,19.16,21.63,6.45,68.8,23.9,92.2,53.6,At Risk,Moderate,Temperature Deviation
Chickpea,12.51,92.69,1.27,35.37,7.2,47.2,22.1,59.7,22.2,High Risk,High,Humidity Deviation
Chickpea,23.94,46.68,43.45,16.87,6.52,111.3,24.5,70.5,98.0,Healthy,Low,Optimal Conditions
Chickpea,21.49,63.74,77.2,24.78,5.94,82.3,49.1,45.2,90.3,Healthy,Low,Humidity Deviation
Chickpea,22.62,45.96,53.7,18.79,7.04,92.5,80.0,90.7,98.0,Healthy,Low,Optimal Conditions
Chickpea,16.45,45.38,47.22,9.14,6.88,114.1,87.8,81.1,98.0,Healthy,Low,Optimal Conditions
Chickpea,39.32,96.66,5.39,58.5,7.47,121.7,33.7,111.3,5.0,High Risk,High,Temperature Deviation
Chickpea,23.4,19.98,69.26,27.33,5.89,119.0,17.4,67.4,76.0,Healthy,Low,Humidity Deviation
Chickpea,23.17,49.28,54.82,12.48,6.88,41.9,85.5,91.5,98.0,Healthy,Low,Optimal Conditions
Chickpea,10.1,65.19,54.4,30.18,8.21,61.1,12.3,84.6,75.1,Healthy,Low,Temperature Deviation
Chickpea,16.92,42.17,37.84,8.56,7.89,114.1,49.6,73.1,98.0,Healthy,Low,Optimal Conditions
Chickpea,30.95,88.25,160.89,34.87,8.03,108.2,50.1,19.6,5.0,High Risk,High,Rainfall Deviation
Chickpea,3.55,24.08,1.55,36.44,7.47,97.9,28.6,33.6,5.5,High Risk,High,Temperature Deviation
Chickpea,22.87,44.84,58.07,18.05,6.67,20.8,21.4,47.7,98.0,Healthy,Low,Optimal Conditions
Chickpea,17.9,50.88,30.84,5.96,8.07,82.7,84.8,15.3,98.0,Healthy,Low,Optimal Conditions
Chickpea,22.4,49.53,66.55,16.8,7.01,77.4,74.9,99.4,98.0,Healthy,Low,Optimal Conditions
Chickpea,21.75,52.86,64.24,18.03,6.3,125.6,84.0,26.5,98.0,Healthy,Low,Optimal Conditions
Chickpea,14.59,44.46,44.33,12.42,8.03,20.6,10.2,47.6,98.0,Healthy,Low,Optimal Conditions
Chickpea,17.7,28.51,32.76,29.96,5.78,80.5,73.6,110.0,86.2,Healthy,Low,Humidity Deviation
Chickpea,10.54,29.6,16.3,22.46,8.5,65.9,17.6,95.3,55.9,At Risk,Moderate,Rainfall Deviation
Chickpea,28.48,68.73,28.81,21.94,5.98,29.3,24.1,49.4,71.6,At Risk,Moderate,Temperature Deviation
Chickpea,16.95,43.35,60.89,7.54,7.87,81.0,70.6,62.3,98.0,Healthy,Low,Optimal Conditions
Chickpea,30.43,94.39,4.57,42.58,7.65,43.5,53.8,111.2,5.0,High Risk,High,Humidity Deviation
Chickpea,28.2,32.16,82.41,15.28,6.22,134.5,62.5,32.6,70.7,At Risk,Moderate,Temperature Deviation
Chickpea,24.1,52.42,46.3,7.27,7.68,53.2,55.3,78.0,98.0,Healthy,Low,Optimal Conditions
Chickpea,18.09,24.99,69.46,17.89,8.01,49.6,63.6,78.4,82.0,Healthy,Low,Humidity Deviation
Chickpea,16.36,60.0,43.42,11.11,8.07,95.7,64.3,81.8,98.0,Healthy,Low,Optimal Conditions
Chickpea,23.29,40.67,44.7,19.32,6.64,22.0,25.4,114.1,98.0,Healthy,Low,Optimal Conditions
Chickpea,36.17,17.39,9.13,59.14,8.4,55.7,59.1,19.9,5.0,High Risk,High,Temperature Deviation
Chickpea,20.84,53.0,51.38,15.57,7.88,40.2,62.8,74.1,98.0,Healthy,Low,Optimal Conditions
Chickpea,17.29,48.39,64.55,8.26,6.05,106.5,88.1,62.0,98.0,Healthy,Low,Optimal Conditions
Chickpea,17.54,40.99,37.14,6.4,6.98,137.4,73.0,78.2,98.0,Healthy,Low,Optimal Conditions
Chickpea,16.02,31.72,30.49,24.64,7.56,64.6,81.0,57.0,90.1,Healthy,Low,Humidity Deviation
Chickpea,18.29,30.27,57.63,17.24,5.87,58.7,78.5,48.0,88.3,Healthy,Low,Humidity Deviation
Chickpea,13.29,37.35,33.48,20.56,8.37,130.9,58.9,17.1,90.8,Healthy,Low,Temperature Deviation
Chickpea,14.22,60.08,64.91,19.5,5.6,103.6,11.0,101.2,97.2,Healthy,Low,Optimal Conditions
Chickpea,16.2,48.34,52.37,9.66,5.87,22.2,66.3,108.1,98.0,Healthy,Low,Optimal Conditions
Chickpea,17.31,40.4,65.4,11.67,8.28,76.2,79.0,114.9,98.0,Healthy,Low,Optimal Conditions
Chickpea,21.41,53.33,30.86,11.57,8.07,133.6,81.9,117.2,98.0,Healthy,Low,Optimal Conditions
Chickpea,16.69,41.58,38.62,13.33,5.76,117.7,74.8,63.0,98.0,Healthy,Low,Optimal Conditions
Chickpea,22.66,48.24,62.66,7.16,6.89,83.2,39.6,118.9,98.0,Healthy,Low,Optimal Conditions
Chickpea,16.74,71.63,61.34,22.46,6.24,57.2,21.2,96.6,82.6,Healthy,Low,Humidity Deviation
Chickpea,18.76,48.98,37.81,10.77,6.75,46.9,61.1,18.2,98.0,Healthy,Low,Optimal Conditions
Chickpea,21.24,52.55,40.61,15.25,6.91,83.3,36.6,118.3,98.0,Healthy,Low,Optimal Conditions
Chickpea,17.75,57.65,17.59,22.73,7.24,101.8,68.8,82.8,85.5,Healthy,Low,Rainfall Deviation
Chickpea,23.35,58.71,42.08,9.23,7.04,138.3,23.1,67.0,98.0,Healthy,Low,Optimal Conditions
Chickpea,19.1,47.58,52.84,5.52,7.92,105.1,90.0,41.9,98.0,Healthy,Low,Optimal Conditions
Chickpea,30.85,20.67,8.99,31.4,8.31,67.8,77.4,39.9,28.9,High Risk,High,Rainfall Deviation
Chickpea,21.36,59.69,55.88,14.13,6.83,54.1,44.5,30.6,98.0,Healthy,Low,Optimal Conditions
Chickpea,19.87,42.9,61.66,5.17,6.46,82.0,84.3,75.2,98.0,Healthy,Low,Optimal Conditions
Chickpea,18.52,46.78,37.21,7.17,6.94,52.4,17.3,37.7,98.0,Healthy,Low,Optimal Conditions
Chickpea,25.98,65.17,30.5,12.8,7.52,46.8,16.5,44.7,88.3,Healthy,Low,Humidity Deviation
Chickpea,23.68,46.15,61.21,13.66,5.78,38.8,16.4,57.2,98.0,Healthy,Low,Optimal Conditions
Chickpea,32.88,97.06,4.67,48.88,6.73,136.4,12.5,55.2,5.0,High Risk,High,Humidity Deviation
Chickpea,24.36,41.99,55.12,15.75,6.05,38.0,13.8,31.7,98.0,Healthy,Low,Optimal Conditions
Chickpea,2.0,95.68,8.12,47.27,6.45,86.3,19.8,19.6,5.0,High Risk,High,Temperature Deviation
Chickpea,31.05,89.74,149.19,29.07,8.24,109.0,20.5,23.3,5.0,High Risk,High,Rainfall Deviation
Chickpea,21.33,67.82,37.74,29.24,7.75,39.4,30.0,63.7,88.3,Healthy,Low,Humidity Deviation
Chickpea,21.63,42.73,44.17,8.64,6.38,105.3,16.4,108.2,98.0,Healthy,Low,Optimal Conditions
Chickpea,9.55,77.06,25.38,22.21,6.85,111.2,48.3,74.5,50.0,High Risk,High,Humidity Deviation
Chickpea,2.19,24.26,118.06,43.38,7.08,122.2,88.5,60.4,5.0,High Risk,High,Temperature Deviation
Chickpea,18.77,54.24,53.35,6.3,6.13,103.2,65.8,78.9,98.0,Healthy,Low,Optimal Conditions
Chickpea,16.63,44.58,62.3,12.33,6.55,36.3,41.4,58.9,98.0,Healthy,Low,Optimal Conditions
Chickpea,37.68,19.89,142.3,41.15,7.57,120.2,35.6,19.3,5.0,High Risk,High,Temperature Deviation
Chickpea,23.75,49.73,39.92,5.48,7.09,36.5,43.4,69.2,98.0,Healthy,Low,Optimal Conditions
Chickpea,16.99,40.4,53.42,8.01,8.13,92.5,54.5,68.0,98.0,Healthy,Low,Optimal Conditions
Chickpea,24.69,59.34,42.85,16.64,5.86,113.7,32.9,45.4,98.0,Healthy,Low,Optimal Conditions
Chickpea,10.66,35.68,78.09,21.84,6.02,36.5,25.5,80.8,75.0,At Risk,Moderate,Temperature Deviation
Chickpea,19.64,49.19,66.71,10.55,8.19,93.8,41.2,70.3,98.0,Healthy,Low,Optimal Conditions
Chickpea,23.9,52.63,47.42,16.64,6.71,75.3,43.8,119.6,98.0,Healthy,Low,Optimal Conditions
Chickpea,28.46,53.22,29.84,30.85,5.91,125.5,26.3,51.6,86.0,Healthy,Low,Temperature Deviation
Chickpea,16.03,41.9,43.71,12.86,6.1,131.9,56.9,107.9,98.0,Healthy,Low,Optimal Conditions
Chickpea,16.43,56.94,52.72,19.08,5.94,23.1,83.3,88.4,98.0,Healthy,Low,Optimal Conditions
Chickpea,35.09,14.55,118.14,33.45,6.81,53.3,13.2,98.6,5.0,High Risk,High,Temperature Deviation
Chickpea,5.18,17.97,8.76,37.61,6.91,24.9,53.9,106.3,10.5,High Risk,High,Temperature Deviation
Chickpea,27.34,98.82,3.67,51.45,6.61,59.7,61.2,39.4,5.0,High Risk,High,Humidity Deviation
Chickpea,23.15,44.21,63.12,13.28,7.03,93.6,60.5,73.6,98.0,Healthy,Low,Optimal Conditions
Chickpea,17.21,26.99,47.04,30.9,8.25,120.1,13.9,41.5,84.4,Healthy,Low,Humidity Deviation
Chickpea,24.27,54.98,51.27,19.69,6.08,97.0,58.8,50.7,98.0,Healthy,Low,Optimal Conditions
Chickpea,9.32,48.66,25.56,28.85,7.52,31.3,64.5,28.8,74.9,At Risk,Moderate,Temperature Deviation
Chickpea,24.71,20.77,41.55,18.4,6.26,111.1,57.8,41.7,76.9,Healthy,Low,Humidity Deviation
Chickpea,32.48,16.08,6.01,27.76,6.12,105.7,64.6,85.9,13.4,High Risk,High,Temperature Deviation
Chickpea,11.98,21.63,157.1,50.56,7.51,123.0,44.4,81.9,5.0,High Risk,High,Rainfall Deviation
Chickpea,12.94,92.58,168.88,30.75,6.52,28.1,72.3,80.3,17.8,High Risk,High,Rainfall Deviation
Chickpea,21.11,52.11,58.4,30.15,7.06,44.5,43.1,112.0,98.0,Healthy,Low,Optimal Conditions
Chickpea,13.86,75.18,29.83,18.28,7.26,55.7,26.4,18.7,73.0,At Risk,Moderate,Humidity Deviation
Chickpea,20.39,42.79,31.17,6.12,8.36,24.3,47.8,87.3,98.0,Healthy,Low,Optimal Conditions
Chickpea,24.64,40.45,65.2,10.87,6.65,76.7,87.7,80.9,98.0,Healthy,Low,Optimal Conditions
Chickpea,32.8,12.09,141.83,54.62,8.1,60.7,33.9,83.0,5.0,High Risk,High,Rainfall Deviation
Chickpea,19.84,42.83,42.19,9.46,7.58,53.9,81.9,118.2,98.0,Healthy,Low,Optimal Conditions
Chickpea,18.98,46.04,44.08,8.98,6.65,37.0,32.4,93.5,98.0,Healthy,Low,Optimal Conditions
Chickpea,17.08,42.17,43.92,14.65,6.26,70.7,86.2,73.0,98.0,Healthy,Low,Optimal Conditions
Chickpea,23.84,45.03,67.56,16.81,5.54,103.2,31.0,56.4,98.0,Healthy,Low,Optimal Conditions
Chickpea,23.54,57.03,61.05,16.5,6.98,114.9,78.7,67.3,98.0,Healthy,Low,Optimal Conditions
Chickpea,10.22,94.76,169.12,50.42,7.69,81.9,31.1,69.5,5.0,High Risk,High,Rainfall Deviation
Chickpea,17.85,48.43,56.93,7.81,5.97,92.9,64.4,23.8,98.0,Healthy,Low,Optimal Conditions
Chickpea,16.47,58.02,56.91,18.82,7.49,135.8,45.1,77.9,98.0,Healthy,Low,Optimal Conditions
Chickpea,23.2,30.94,69.7,11.19,8.1,137.0,14.4,89.5,89.1,Healthy,Low,Humidity Deviation
Chickpea,19.3,45.41,38.57,11.61,6.61,71.1,74.6,117.8,98.0,Healthy,Low,Optimal Conditions
Chickpea,22.44,50.98,44.92,14.91,8.14,97.0,66.3,30.6,98.0,Healthy,Low,Optimal Conditions
Chickpea,27.31,75.06,19.14,24.76,8.2,131.7,56.4,24.9,55.5,At Risk,Moderate,Humidity Deviation
Chickpea,30.53,92.27,2.48,29.27,6.55,56.4,17.5,87.2,10.8,High Risk,High,Humidity Deviation
Chickpea,13.92,53.78,21.62,20.97,7.57,117.2,21.4,92.9,86.4,Healthy,Low,Rainfall Deviation
Chickpea,21.79,42.91,50.61,17.56,5.82,119.3,46.2,101.4,98.0,Healthy,Low,Optimal Conditions
Chickpea,6.08,23.49,137.56,48.57,5.94,100.1,28.4,27.3,5.0,High Risk,High,Rainfall Deviation
Chickpea,18.0,59.83,32.17,9.96,7.08,44.8,86.9,63.4,98.0,Healthy,Low,Optimal Conditions
Chickpea,20.07,42.76,12.23,18.61,8.18,133.8,47.2,66.3,79.3,Healthy,Low,Rainfall Deviation
Chickpea,14.36,68.56,26.77,31.7,5.77,109.0,17.6,91.9,81.1,Healthy,Low,Humidity Deviation
Chickpea,37.01,22.65,153.12,37.24,5.71,139.0,34.7,96.9,5.0,High Risk,High,Temperature Deviation
Chickpea,27.11,93.08,112.47,56.31,6.13,53.5,50.1,47.6,7.3,High Risk,High,Humidity Deviation
Chickpea,33.45,16.45,147.57,51.78,5.64,57.4,77.8,61.7,5.0,High Risk,High,Rainfall Deviation
Chickpea,22.67,70.86,81.02,15.73,7.65,23.1,11.0,63.9,77.4,Healthy,Low,Humidity Deviation
Chickpea,22.58,72.4,48.18,25.33,7.31,109.5,62.3,38.4,81.4,Healthy,Low,Humidity Deviation
Chickpea,28.88,34.73,26.58,26.67,8.34,117.7,89.4,19.6,74.1,At Risk,Moderate,Temperature Deviation
Chickpea,21.84,40.51,65.63,12.08,8.27,50.0,61.4,88.4,98.0,Healthy,Low,Optimal Conditions
Chickpea,18.67,51.03,45.35,12.37,6.87,99.9,16.5,115.4,98.0,Healthy,Low,Optimal Conditions
Chickpea,18.38,40.17,62.64,6.69,6.34,74.2,77.5,95.6,98.0,Healthy,Low,Optimal Conditions
Chickpea,19.47,46.65,67.94,17.84,5.95,71.6,45.6,115.9,98.0,Healthy,Low,Optimal Conditions
Chickpea,16.65,41.69,29.49,25.99,8.05,83.6,78.0,54.7,98.0,Healthy,Low,Optimal Conditions
Chickpea,22.94,44.83,58.68,6.16,7.41,133.0,46.5,58.7,98.0,Healthy,Low,Optimal Conditions
Chickpea,10.06,65.92,54.81,15.04,8.13,63.7,83.7,26.4,73.8,At Risk,Moderate,Temperature Deviation
Chickpea,28.95,23.15,2.43,48.75,5.97,129.5,70.6,71.1,11.2,High Risk,High,Rainfall Deviation
Chickpea,23.66,41.37,34.61,15.47,6.26,75.1,53.1,63.1,98.0,Healthy,Low,Optimal Conditions
Chickpea,22.37,44.8,59.54,17.98,7.11,104.8,13.0,18.9,98.0,Healthy,Low,Optimal Conditions
Chickpea,18.58,43.66,55.4,9.15,8.04,87.3,40.2,108.8,98.0,Healthy,Low,Optimal Conditions
Chickpea,33.7,90.39,6.47,49.34,6.47,30.3,49.4,38.0,5.0,High Risk,High,Humidity Deviation
Chickpea,22.75,52.09,42.6,11.91,6.17,87.4,70.6,60.0,98.0,Healthy,Low,Optimal Conditions
Chickpea,17.52,46.47,44.4,9.69,5.77,37.7,89.7,53.1,98.0,Healthy,Low,Optimal Conditions
Chickpea,28.11,21.08,7.34,34.62,7.32,75.3,62.8,104.7,38.4,High Risk,High,Rainfall Deviation
Chickpea,15.71,53.33,60.83,11.74,6.68,91.6,54.1,66.5,98.0,Healthy,Low,Optimal Conditions
Chickpea,31.88,89.0,135.35,45.36,6.18,32.4,38.9,58.3,5.0,High Risk,High,Rainfall Deviation
Chickpea,10.25,27.9,37.49,29.1,5.73,51.3,57.0,60.6,68.8,At Risk,Moderate,Temperature Deviation
Chickpea,19.1,59.32,30.84,7.2,5.56,91.2,11.0,62.7,98.0,Healthy,Low,Optimal Conditions
Chickpea,30.58,90.83,159.6,53.05,6.41,62.0,62.4,55.3,5.0,High Risk,High,Rainfall Deviation
Chickpea,24.89,44.77,39.77,7.01,5.97,80.2,85.2,88.2,98.0,Healthy,Low,Optimal Conditions
Chickpea,9.39,43.03,50.06,19.67,7.64,126.8,37.2,38.8,80.3,Healthy,Low,Temperature Deviation
Chickpea,10.66,66.81,51.45,25.93,7.76,34.6,11.2,24.1,74.6,At Risk,Moderate,Temperature Deviation
Chickpea,19.02,43.68,31.74,15.38,6.09,137.4,18.3,53.2,98.0,Healthy,Low,Optimal Conditions
Chickpea,24.65,63.99,84.44,23.66,8.15,136.2,80.7,117.1,85.8,Healthy,Low,Rainfall Deviation
Chickpea,22.51,66.95,72.97,14.33,7.81,84.9,26.6,103.5,87.9,Healthy,Low,Humidity Deviation
Chickpea,21.91,48.0,59.98,11.35,6.36,135.3,70.7,101.9,98.0,Healthy,Low,Optimal Conditions
Chickpea,18.48,43.46,47.87,19.95,7.27,106.9,69.0,36.3,98.0,Healthy,Low,Optimal Conditions
Chickpea,16.22,54.39,48.23,18.57,6.6,32.3,87.5,57.1,98.0,Healthy,Low,Optimal Conditions
Chickpea,7.53,96.26,8.83,59.8,7.99,73.2,15.4,87.9,5.0,High Risk,High,Humidity Deviation
Chickpea,30.28,55.29,51.21,21.41,8.08,23.0,78.1,86.9,78.9,Healthy,Low,Temperature Deviation
Chickpea,24.33,20.54,47.8,31.2,5.72,137.0,34.3,105.3,76.7,Healthy,Low,Humidity Deviation
Chickpea,27.5,35.76,50.14,16.02,6.25,105.9,10.7,102.6,84.9,Healthy,Low,Temperature Deviation
Chickpea,24.02,54.17,61.71,7.57,6.59,53.7,67.2,17.4,98.0,Healthy,Low,Optimal Conditions
Chickpea,22.4,46.84,41.67,15.22,7.5,106.2,20.3,29.6,98.0,Healthy,Low,Optimal Conditions
Chickpea,24.61,23.47,39.47,13.28,8.47,60.3,48.0,77.6,80.2,Healthy,Low,Humidity Deviation
Chickpea,4.5,17.42,135.47,58.86,7.86,20.9,28.0,61.7,5.0,High Risk,High,Rainfall Deviation
Chickpea,23.67,21.53,62.4,23.03,7.88,120.7,42.1,68.9,77.8,Healthy,Low,Humidity Deviation
Chickpea,21.98,53.44,53.62,14.41,8.2,118.4,20.0,82.5,98.0,Healthy,Low,Optimal Conditions
Chickpea,16.48,48.98,49.42,6.56,7.04,41.2,54.1,102.4,98.0,Healthy,Low,Optimal Conditions
Chickpea,18.99,44.67,52.99,18.4,6.09,101.2,17.4,72.3,98.0,Healthy,Low,Optimal Conditions
Chickpea,15.39,70.86,33.34,10.51,5.98,107.1,76.8,33.8,83.7,Healthy,Low,Humidity Deviation
Chickpea,2.0,92.18,137.0,48.24,6.85,71.9,88.0,100.3,5.0,High Risk,High,Temperature Deviation
Chickpea,10.03,66.02,39.62,18.77,7.66,75.9,27.8,100.8,73.6,At Risk,Moderate,Temperature Deviation
Chickpea,9.5,18.92,60.62,13.79,7.11,29.0,66.8,103.3,55.5,At Risk,Moderate,Humidity Deviation
Chickpea,21.98,41.08,49.12,19.28,7.11,69.3,10.5,41.9,98.0,Healthy,Low,Optimal Conditions
Chickpea,18.77,48.78,30.95,12.97,6.25,68.1,80.9,102.0,98.0,Healthy,Low,Optimal Conditions
Chickpea,15.54,57.78,45.96,12.19,5.76,103.1,67.0,57.9,98.0,Healthy,Low,Optimal Conditions
Chickpea,32.46,16.54,160.76,27.35,6.71,121.0,46.9,18.5,5.0,High Risk,High,Rainfall Deviation
Chickpea,15.86,48.16,57.87,14.91,7.66,66.1,31.2,21.0,98.0,Healthy,Low,Optimal Conditions
Chickpea,6.14,92.26,151.62,36.8,5.9,21.2,64.2,21.9,5.0,High Risk,High,Rainfall Deviation
Chickpea,23.76,49.56,65.33,5.92,8.03,131.8,83.1,50.3,98.0,Healthy,Low,Optimal Conditions
Chickpea,24.15,43.15,51.84,11.11,8.37,69.9,39.6,76.6,98.0,Healthy,Low,Optimal Conditions
Chickpea,19.54,20.98,38.77,26.64,7.53,44.6,16.2,110.7,77.2,Healthy,Low,Humidity Deviation
Chickpea,11.88,59.52,23.81,26.84,7.52,45.5,14.0,112.7,81.9,Healthy,Low,Temperature Deviation
Chickpea,20.77,45.96,56.33,15.52,5.72,26.0,89.3,95.6,98.0,Healthy,Low,Optimal Conditions
Chickpea,19.91,59.16,51.75,11.29,5.61,90.2,80.5,72.0,98.0,Healthy,Low,Optimal Conditions
Chickpea,28.88,70.63,62.78,29.38,5.89,87.7,70.3,93.1,68.5,At Risk,Moderate,Humidity Deviation
Chickpea,10.19,35.46,49.49,24.15,5.72,48.6,17.8,47.5,77.7,Healthy,Low,Temperature Deviation
Chickpea,33.96,16.23,6.68,37.7,8.05,22.8,72.5,57.4,5.0,High Risk,High,Temperature Deviation
Chickpea,25.23,75.96,50.35,11.55,8.0,24.7,85.7,26.7,75.1,Healthy,Low,Humidity Deviation
Chickpea,6.69,88.86,8.08,37.34,7.64,60.8,34.7,66.2,6.8,High Risk,High,Humidity Deviation
Chickpea,19.91,59.8,61.97,6.06,7.46,75.3,76.1,25.3,98.0,Healthy,Low,Optimal Conditions
Chickpea,22.91,56.98,51.17,5.3,8.18,65.9,13.2,101.0,98.0,Healthy,Low,Optimal Conditions
Chickpea,16.9,56.03,48.31,14.12,7.97,82.7,18.8,116.2,98.0,Healthy,Low,Optimal Conditions
Chickpea,24.94,40.12,49.35,15.57,8.22,113.6,30.5,40.5,98.0,Healthy,Low,Optimal Conditions
Chickpea,16.11,53.39,67.65,14.63,7.1,80.4,57.4,89.6,98.0,Healthy,Low,Optimal Conditions
Chickpea,12.98,32.99,65.71,11.97,8.17,24.9,21.4,44.2,84.5,Healthy,Low,Humidity Deviation
Chickpea,24.12,42.65,33.32,5.9,7.92,98.0,70.6,89.0,98.0,Healthy,Low,Optimal Conditions
Kidneybeans,13.41,11.47,208.25,28.27,6.56,46.1,45.3,70.7,28.7,High Risk,High,Rainfall Deviation
Kidneybeans,21.02,76.69,66.25,25.6,6.22,86.5,16.5,28.5,90.0,Healthy,Low,Humidity Deviation
Kidneybeans,23.12,56.47,80.12,14.36,6.94,93.8,19.4,109.8,98.0,Healthy,Low,Optimal Conditions
Kidneybeans,22.91,64.95,80.75,12.83,5.46,104.3,88.3,59.9,98.0,Healthy,Low,Optimal Conditions
Kidneybeans,4.94,94.42,234.09,49.28,6.31,20.2,78.3,84.4,5.0,High Risk,High,Rainfall Deviation
Kidneybeans,15.03,69.45,97.73,10.48,5.87,84.7,67.5,33.2,98.0,Healthy,Low,Optimal Conditions
Kidneybeans,15.48,69.72,103.78,13.29,5.86,48.5,57.6,87.5,98.0,Healthy,Low,Optimal Conditions
Kidneybeans,29.99,53.38,110.0,13.71,5.46,59.7,11.6,50.8,80.1,Healthy,Low,Temperature Deviation
Kidneybeans,8.81,10.54,238.96,29.53,5.02,107.3,61.3,109.8,8.3,High Risk,High,Rainfall Deviation
Kidneybeans,31.02,84.11,133.56,20.94,5.49,73.5,43.8,116.1,46.2,High Risk,High,Temperature Deviation
Kidneybeans,18.65,56.22,109.11,5.1,5.58,136.9,22.7,97.9,98.0,Healthy,Low,Optimal Conditions
Kidneybeans,15.76,71.34,67.58,12.07,5.59,39.0,68.9,85.6,98.0,Healthy,Low,Optimal Conditions
Kidneybeans,15.59,59.33,69.78,5.12,5.53,45.8,64.8,105.4,98.0,Healthy,Low,Optimal Conditions
Kidneybeans,17.23,57.76,68.63,19.2,5.49,31.2,54.6,71.5,98.0,Healthy,Low,Optimal Conditions
Kidneybeans,32.34,77.63,44.37,21.64,6.57,139.9,34.7,86.7,50.1,At Risk,Moderate,Temperature Deviation
Kidneybeans,24.13,84.05,32.71,27.37,5.25,71.4,89.3,111.4,63.0,At Risk,Moderate,Humidity Deviation
Kidneybeans,17.24,55.03,94.24,15.89,5.43,48.8,35.9,60.5,98.0,Healthy,Low,Optimal Conditions
Kidneybeans,11.63,98.25,265.13,35.18,5.54,84.1,19.6,100.7,12.9,High Risk,High,Rainfall Deviation
Kidneybeans,20.64,28.24,70.17,13.41,5.45,73.0,69.9,84.2,73.9,At Risk,Moderate,Humidity Deviation
Kidneybeans,15.66,55.06,70.98,5.32,6.95,50.6,76.9,65.9,98.0,Healthy,Low,Optimal Conditions
Kidneybeans,26.89,98.69,234.72,31.1,6.68,28.7,65.5,46.0,17.5,High Risk,High,Rainfall Deviation
Kidneybeans,14.05,48.69,102.2,21.69,6.63,81.2,11.1,40.7,95.1,Healthy,Low,Optimal Conditions
Kidneybeans,13.28,79.85,40.38,25.61,6.06,24.9,63.8,105.5,67.8,At Risk,Moderate,Humidity Deviation
Kidneybeans,15.98,47.33,73.84,26.43,5.26,93.9,48.3,64.6,96.8,Healthy,Low,Optimal Conditions
Kidneybeans,22.39,68.5,99.39,10.54,6.97,63.7,28.8,116.6,98.0,Healthy,Low,Optimal Conditions
Kidneybeans,16.54,75.81,102.36,12.08,6.63,119.2,50.9,75.1,91.3,Healthy,Low,Humidity Deviation
Kidneybeans,17.77,52.42,70.72,10.92,6.36,107.4,45.6,45.8,98.0,Healthy,Low,Optimal Conditions
Kidneybeans,26.78,94.88,7.13,26.74,5.08,128.2,20.5,46.0,27.0,High Risk,High,Humidity Deviation
Kidneybeans,5.46,93.37,273.67,27.97,5.23,120.7,30.0,48.9,5.0,High Risk,High,Rainfall Deviation
Kidneybeans,19.04,63.96,107.27,13.08,5.6,81.2,20.2,86.1,98.0,Healthy,Low,Optimal Conditions
Kidneybeans,24.45,63.17,83.81,8.46,5.18,42.6,55.6,69.6,98.0,Healthy,Low,Optimal Conditions
Kidneybeans,22.44,50.8,63.9,15.68,6.29,45.9,63.0,17.0,98.0,Healthy,Low,Optimal Conditions
Kidneybeans,22.6,59.49,102.78,7.15,6.73,78.3,18.1,19.9,98.0,Healthy,Low,Optimal Conditions
Kidneybeans,21.37,54.44,67.3,14.02,5.82,73.9,20.7,41.6,98.0,Healthy,Low,Optimal Conditions
Kidneybeans,18.35,56.17,98.88,19.8,7.0,66.3,73.4,44.3,98.0,Healthy,Low,Optimal Conditions
Kidneybeans,21.4,59.54,89.68,10.49,5.6,131.3,80.7,28.0,98.0,Healthy,Low,Optimal Conditions
Kidneybeans,16.45,77.05,131.69,16.03,5.81,62.2,10.4,75.5,81.5,Healthy,Low,Humidity Deviation
Kidneybeans,23.76,79.88,143.77,13.23,6.74,78.2,20.9,78.8,72.9,At Risk,Moderate,Humidity Deviation
Kidneybeans,31.29,19.04,6.13,31.86,6.22,86.0,33.3,61.9,13.4,High Risk,High,Rainfall Deviation
Kidneybeans,23.32,82.57,61.06,24.1,5.14,74.7,32.3,46.3,81.1,Healthy,Low,Humidity Deviation
Kidneybeans,18.21,63.24,60.37,10.49,6.89,50.9,59.7,73.8,98.0,Healthy,Low,Optimal Conditions
Kidneybeans,14.07,87.06,77.4,21.11,6.57,122.6,71.4,23.2,71.2,At Risk,Moderate,Humidity Deviation
Kidneybeans,31.17,55.45,115.31,10.17,6.69,128.3,23.1,75.1,73.4,At Risk,Moderate,Temperature Deviation
Kidneybeans,19.95,62.77,79.53,18.42,6.78,83.7,56.4,15.3,98.0,Healthy,Low,Optimal Conditions
Kidneybeans,22.61,69.88,107.26,6.42,5.83,26.6,77.0,91.7,98.0,Healthy,Low,Optimal Conditions
Kidneybeans,9.55,95.72,233.6,54.77,5.74,52.3,69.6,57.1,5.0,High Risk,High,Rainfall Deviation
Kidneybeans,17.02,86.79,54.99,24.38,6.31,24.9,45.3,72.9,71.9,At Risk,Moderate,Humidity Deviation
Kidneybeans,25.25,74.43,139.56,22.92,6.79,113.9,79.2,84.2,81.6,Healthy,Low,Rainfall Deviation
Kidneybeans,19.46,70.93,27.02,24.9,5.8,31.4,23.1,59.8,79.4,Healthy,Low,Rainfall Deviation
Kidneybeans,23.3,38.15,66.78,21.62,5.54,117.5,54.0,35.0,85.8,Healthy,Low,Humidity Deviation
Kidneybeans,17.27,56.25,69.41,10.57,6.39,135.1,26.8,46.5,98.0,Healthy,Low,Optimal Conditions
Kidneybeans,17.25,58.37,83.09,8.99,5.3,87.6,42.7,59.8,98.0,Healthy,Low,Optimal Conditions
Kidneybeans,32.66,24.4,206.5,28.72,6.59,101.3,64.4,38.8,5.0,High Risk,High,Rainfall Deviation
Kidneybeans,16.59,53.23,84.78,15.09,5.64,77.0,37.9,111.1,98.0,Healthy,Low,Optimal Conditions
Kidneybeans,17.56,77.94,84.14,11.66,6.36,87.3,38.7,24.3,88.1,Healthy,Low,Humidity Deviation
Kidneybeans,21.82,51.87,102.83,5.94,6.22,42.7,17.3,52.3,98.0,Healthy,Low,Optimal Conditions
Kidneybeans,19.76,85.28,88.91,15.96,5.67,74.4,64.5,97.7,77.1,Healthy,Low,Humidity Deviation
Kidneybeans,12.39,95.17,202.15,33.64,5.43,35.2,31.2,71.1,22.4,High Risk,High,Humidity Deviation
Kidneybeans,35.01,12.02,224.14,43.21,6.61,56.7,30.8,36.8,5.0,High Risk,High,Temperature Deviation
Kidneybeans,18.89,79.21,94.51,13.64,6.42,99.1,20.8,61.7,86.2,Healthy,Low,Humidity Deviation
Kidneybeans,18.37,61.52,104.93,18.46,5.83,67.2,51.4,64.8,98.0,Healthy,Low,Optimal Conditions
Kidneybeans,20.79,61.69,82.52,11.21,6.88,92.1,75.3,115.2,98.0,Healthy,Low,Optimal Conditions
Kidneybeans,8.62,24.02,3.22,30.12,6.96,98.0,81.4,33.7,14.5,High Risk,High,Rainfall Deviation
Kidneybeans,20.73,45.57,101.59,22.84,5.42,43.7,57.6,84.8,94.7,Healthy,Low,Humidity Deviation
Kidneybeans,22.63,66.74,105.82,14.39,5.44,109.8,18.6,34.0,98.0,Healthy,Low,Optimal Conditions
Kidneybeans,3.69,97.1,255.31,44.91,6.85,131.4,20.7,117.0,5.0,High Risk,High,Rainfall Deviation
Kidneybeans,18.42,63.5,65.6,13.01,6.63,79.5,14.9,99.5,98.0,Healthy,Low,Optimal Conditions
Kidneybeans,23.06,68.76,97.74,5.5,6.32,52.7,25.9,94.9,98.0,Healthy,Low,Optimal Conditions
Kidneybeans,16.44,53.42,93.86,11.86,5.42,29.6,85.0,119.7,98.0,Healthy,Low,Optimal Conditions
Kidneybeans,17.49,50.84,75.36,13.74,6.05,69.4,39.0,117.7,98.0,Healthy,Low,Optimal Conditions
Kidneybeans,25.69,76.54,43.53,24.85,6.72,110.0,59.0,51.8,77.8,Healthy,Low,Humidity Deviation
Kidneybeans,29.95,19.6,3.74,48.69,6.96,42.4,26.3,25.6,5.0,High Risk,High,Rainfall Deviation
Kidneybeans,16.08,55.46,89.02,17.3,5.19,38.9,33.2,51.0,98.0,Healthy,Low,Optimal Conditions
Kidneybeans,11.44,93.98,3.81,37.87,5.15,74.4,45.3,49.6,15.5,High Risk,High,Humidity Deviation
Kidneybeans,10.71,10.19,9.02,29.42,6.11,38.5,68.1,53.2,25.3,High Risk,High,Humidity Deviation
Kidneybeans,20.47,76.03,114.3,29.25,6.92,59.9,26.6,22.9,89.4,Healthy,Low,Humidity Deviation
Kidneybeans,16.39,50.58,62.33,12.64,6.42,138.0,22.5,88.3,98.0,Healthy,Low,Optimal Conditions
Kidneybeans,16.97,43.02,61.31,31.87,5.34,55.4,53.7,37.5,91.6,Healthy,Low,Humidity Deviation
Kidneybeans,25.71,51.13,139.21,12.0,5.75,126.7,73.8,39.5,86.5,Healthy,Low,Rainfall Deviation
Kidneybeans,11.24,88.41,2.69,45.11,5.34,130.0,22.5,116.3,10.6,High Risk,High,Rainfall Deviation
Kidneybeans,19.88,50.72,103.86,16.98,5.45,36.6,27.0,23.2,98.0,Healthy,Low,Optimal Conditions
Kidneybeans,15.68,67.05,102.65,13.23,6.84,62.0,24.3,47.0,98.0,Healthy,Low,Optimal Conditions
Kidneybeans,23.22,65.21,69.49,13.18,5.56,35.7,29.6,78.0,98.0,Healthy,Low,Optimal Conditions
Kidneybeans,13.02,46.49,136.64,20.76,5.67,107.3,20.7,110.9,79.2,Healthy,Low,Rainfall Deviation
Kidneybeans,12.71,18.43,1.75,56.89,6.26,76.2,45.4,117.9,5.0,High Risk,High,Rainfall Deviation
Kidneybeans,29.15,70.63,48.61,19.36,6.0,111.0,31.4,46.4,75.8,Healthy,Low,Temperature Deviation
Kidneybeans,16.83,52.94,110.13,15.97,5.39,25.6,18.3,74.3,98.0,Healthy,Low,Optimal Conditions
Kidneybeans,19.98,62.84,72.51,19.24,5.51,39.5,46.6,61.4,98.0,Healthy,Low,Optimal Conditions
Kidneybeans,11.21,98.1,191.92,31.24,6.76,47.9,25.2,69.7,22.0,High Risk,High,Humidity Deviation
Kidneybeans,6.4,14.3,2.05,58.06,5.74,51.2,74.7,69.7,5.0,High Risk,High,Rainfall Deviation
Kidneybeans,24.28,69.24,94.41,19.58,6.35,94.8,76.1,22.1,98.0,Healthy,Low,Optimal Conditions
Kidneybeans,19.3,62.42,77.36,11.8,6.7,133.7,48.7,89.0,98.0,Healthy,Low,Optimal Conditions
Kidneybeans,26.18,76.85,85.57,24.43,5.78,74.7,65.7,37.5,85.0,Healthy,Low,Humidity Deviation
Kidneybeans,19.39,67.89,82.54,13.58,5.42,75.7,48.5,39.7,98.0,Healthy,Low,Optimal Conditions
Kidneybeans,18.5,50.78,68.32,15.97,6.3,57.5,54.1,102.1,98.0,Healthy,Low,Optimal Conditions
Kidneybeans,37.86,15.88,2.58,54.01,6.22,109.1,62.2,25.8,5.0,High Risk,High,Temperature Deviation
Kidneybeans,28.52,46.66,125.8,30.78,5.7,61.7,63.6,33.3,76.2,Healthy,Low,Temperature Deviation
Kidneybeans,26.64,69.2,42.67,10.29,5.18,91.4,87.7,18.0,83.3,Healthy,Low,Rainfall Deviation
Kidneybeans,17.67,43.76,113.01,20.37,6.32,48.6,79.0,109.8,91.4,Healthy,Low,Humidity Deviation
Kidneybeans,10.68,37.45,89.82,31.0,5.69,48.1,80.3,63.7,69.8,At Risk,Moderate,Temperature Deviation
Kidneybeans,15.81,67.66,103.73,27.31,5.93,93.0,89.3,52.7,98.0,Healthy,Low,Optimal Conditions
Kidneybeans,17.63,52.54,68.41,12.71,6.82,117.2,24.6,74.0,98.0,Healthy,Low,Optimal Conditions
Kidneybeans,35.93,18.7,5.85,26.84,5.5,118.6,54.8,107.5,5.0,High Risk,High,Temperature Deviation
Kidneybeans,18.15,50.03,69.01,10.03,5.16,92.6,89.2,21.1,98.0,Healthy,Low,Optimal Conditions
Kidneybeans,19.0,51.4,69.27,11.79,6.91,88.4,18.0,92.9,98.0,Healthy,Low,Optimal Conditions
Kidneybeans,34.03,95.82,201.12,37.04,6.33,127.3,57.5,93.9,5.0,High Risk,High,Temperature Deviation
Kidneybeans,20.22,60.08,95.05,12.77,5.67,49.3,30.4,118.0,98.0,Healthy,Low,Optimal Conditions
Kidneybeans,23.07,51.43,64.48,15.29,5.91,125.7,79.0,94.3,98.0,Healthy,Low,Optimal Conditions
Kidneybeans,38.64,95.61,3.18,50.02,5.31,54.5,75.8,96.7,5.0,High Risk,High,Temperature Deviation
Kidneybeans,8.37,91.22,26.45,17.87,5.72,70.9,77.9,104.2,25.4,High Risk,High,Humidity Deviation
Kidneybeans,29.3,48.0,104.95,31.54,6.97,64.9,70.3,86.5,80.4,Healthy,Low,Temperature Deviation
Kidneybeans,22.78,37.45,124.97,24.63,5.31,27.5,64.5,78.9,79.5,Healthy,Low,Humidity Deviation
Kidneybeans,24.75,55.05,79.3,7.66,6.66,135.5,27.1,44.7,98.0,Healthy,Low,Optimal Conditions
Kidneybeans,15.82,75.19,124.51,17.98,6.83,23.6,71.7,105.8,86.9,Healthy,Low,Humidity Deviation
Kidneybeans,30.11,16.07,248.23,53.86,6.34,107.0,88.2,113.6,5.0,High Risk,High,Rainfall Deviation
Kidneybeans,18.75,58.14,69.03,10.72,6.96,78.7,86.2,22.5,98.0,Healthy,Low,Optimal Conditions
Kidneybeans,20.75,64.73,70.87,12.55,6.75,111.4,28.5,50.1,98.0,Healthy,Low,Optimal Conditions
Kidneybeans,22.2,69.36,74.0,13.82,6.98,38.9,62.7,49.9,98.0,Healthy,Low,Optimal Conditions
Kidneybeans,33.84,97.89,5.68,52.03,5.29,126.9,78.3,71.5,5.0,High Risk,High,Temperature Deviation
Kidneybeans,19.22,61.01,70.48,17.88,6.67,22.8,11.6,60.9,98.0,Healthy,Low,Optimal Conditions
Kidneybeans,8.26,21.53,190.18,44.78,5.78,128.5,10.3,57.2,5.0,High Risk,High,Humidity Deviation
Kidneybeans,27.87,72.74,61.17,10.06,5.18,106.5,64.2,35.8,84.4,Healthy,Low,Temperature Deviation
Kidneybeans,22.56,50.17,126.24,25.8,5.9,36.2,42.6,31.8,94.1,Healthy,Low,Rainfall Deviation
Kidneybeans,24.76,20.94,2.88,58.54,6.83,21.9,13.9,115.7,11.7,High Risk,High,Rainfall Deviation
Kidneybeans,20.82,51.59,93.34,7.76,5.07,53.5,52.5,71.2,98.0,Healthy,Low,Optimal Conditions
Kidneybeans,9.25,29.54,105.77,27.04,6.16,71.4,12.3,114.2,55.3,At Risk,Moderate,Humidity Deviation
Kidneybeans,28.79,42.23,139.12,30.3,5.91,124.6,88.7,85.0,64.9,At Risk,Moderate,Temperature Deviation
Kidneybeans,17.69,65.05,76.43,11.17,6.05,129.4,66.9,45.6,98.0,Healthy,Low,Optimal Conditions
Kidneybeans,17.9,56.67,96.63,11.38,7.0,24.1,38.3,24.0,98.0,Healthy,Low,Optimal Conditions
Kidneybeans,19.34,67.82,81.27,5.38,6.91,37.4,71.9,36.0,98.0,Healthy,Low,Optimal Conditions
Kidneybeans,34.11,89.38,202.04,51.44,6.66,47.9,60.9,54.7,5.0,High Risk,High,Temperature Deviation
Kidneybeans,23.61,66.41,75.9,12.97,6.02,41.3,21.7,103.6,98.0,Healthy,Low,Optimal Conditions
Kidneybeans,29.0,96.83,209.64,47.88,6.55,51.6,59.3,82.9,5.0,High Risk,High,Rainfall Deviation
Kidneybeans,28.53,87.39,40.3,28.25,5.5,78.8,22.6,117.2,48.3,High Risk,High,Humidity Deviation
Kidneybeans,23.03,55.26,72.8,11.33,6.69,102.5,79.7,20.0,98.0,Healthy,Low,Optimal Conditions
Kidneybeans,3.12,11.86,209.32,53.69,6.6,138.5,73.2,29.2,5.0,High Risk,High,Temperature Deviation
Kidneybeans,17.17,57.53,91.85,9.35,5.26,105.7,19.4,114.5,98.0,Healthy,Low,Optimal Conditions
Kidneybeans,18.5,86.34,61.51,22.2,6.5,127.3,52.9,26.6,75.5,Healthy,Low,Humidity Deviation
Kidneybeans,18.76,59.93,71.25,11.79,5.27,48.9,68.7,118.5,98.0,Healthy,Low,Optimal Conditions
Kidneybeans,18.39,57.01,71.17,8.06,5.26,128.9,61.9,45.5,98.0,Healthy,Low,Optimal Conditions
Kidneybeans,20.9,63.94,72.65,10.21,5.58,30.5,40.9,71.0,98.0,Healthy,Low,Optimal Conditions
Kidneybeans,12.28,45.02,54.79,20.8,5.12,99.6,68.7,29.4,81.5,Healthy,Low,Temperature Deviation
Kidneybeans,17.81,58.32,80.08,8.09,5.15,54.9,72.3,21.1,98.0,Healthy,Low,Optimal Conditions
Kidneybeans,16.93,64.25,76.57,10.96,6.83,93.3,75.9,86.9,98.0,Healthy,Low,Optimal Conditions
Kidneybeans,31.37,10.79,255.42,33.8,5.89,37.3,63.0,106.3,5.0,High Risk,High,Rainfall Deviation
Kidneybeans,22.25,70.42,56.83,14.69,5.15,115.5,76.3,41.4,97.5,Healthy,Low,Optimal Conditions
Kidneybeans,37.38,20.19,2.89,47.32,5.49,35.4,70.1,117.0,5.0,High Risk,High,Temperature Deviation
Kidneybeans,9.78,69.42,109.63,25.57,6.63,68.9,75.4,66.7,81.7,Healthy,Low,Temperature Deviation
Kidneybeans,22.26,43.84,46.3,18.31,6.63,129.2,35.2,20.3,84.6,Healthy,Low,Rainfall Deviation
Kidneybeans,21.63,88.82,100.11,14.29,6.16,119.3,49.2,97.4,71.8,At Risk,Moderate,Humidity Deviation
Kidneybeans,18.88,53.63,67.58,16.18,5.34,68.9,53.6,42.8,98.0,Healthy,Low,Optimal Conditions
Kidneybeans,27.49,98.31,242.14,57.3,5.81,40.7,34.8,37.8,5.0,High Risk,High,Rainfall Deviation
Kidneybeans,16.71,67.52,64.29,11.2,5.03,55.2,66.6,36.3,98.0,Healthy,Low,Optimal Conditions
Kidneybeans,10.19,98.57,272.03,49.63,5.68,138.2,77.3,66.8,5.0,High Risk,High,Rainfall Deviation
Kidneybeans,16.55,53.56,70.96,15.05,5.28,72.8,60.2,44.5,98.0,Healthy,Low,Optimal Conditions
Kidneybeans,19.39,69.24,108.37,15.63,6.55,44.4,40.0,78.5,98.0,Healthy,Low,Optimal Conditions
Kidneybeans,16.35,45.94,112.69,30.57,5.27,113.3,86.7,115.5,94.2,Healthy,Low,Optimal Conditions
Kidneybeans,17.96,52.99,78.63,15.23,5.02,98.0,11.4,85.1,98.0,Healthy,Low,Optimal Conditions
Kidneybeans,5.66,91.74,259.0,29.66,6.87,113.1,36.0,42.1,5.0,High Risk,High,Rainfall Deviation
Kidneybeans,5.71,96.44,5.4,56.24,5.04,107.8,29.5,96.2,5.0,High Risk,High,Humidity Deviation
Kidneybeans,26.24,52.27,131.27,10.82,5.14,34.4,55.4,20.8,87.3,Healthy,Low,Rainfall Deviation
Kidneybeans,14.79,28.88,61.02,22.44,6.28,87.6,80.0,55.7,73.9,At Risk,Moderate,Humidity Deviation
Kidneybeans,19.35,67.42,105.04,13.84,5.12,106.7,62.2,62.4,98.0,Healthy,Low,Optimal Conditions
Kidneybeans,21.06,59.65,63.02,10.97,6.88,69.4,44.4,73.5,98.0,Healthy,Low,Optimal Conditions
Kidneybeans,15.74,62.03,84.75,15.25,5.95,49.7,40.7,16.4,98.0,Healthy,Low,Optimal Conditions
Kidneybeans,22.86,68.63,78.26,18.91,6.27,53.7,58.0,99.9,98.0,Healthy,Low,Optimal Conditions
Kidneybeans,12.04,69.35,73.57,10.23,6.41,44.6,80.6,54.5,89.6,Healthy,Low,Temperature Deviation
Kidneybeans,22.13,64.45,91.69,9.95,6.22,26.5,86.4,62.5,98.0,Healthy,Low,Optimal Conditions
Kidneybeans,23.61,56.48,109.86,15.36,6.3,38.2,58.8,31.3,98.0,Healthy,Low,Optimal Conditions
Kidneybeans,16.83,40.58,63.5,31.69,5.03,117.2,48.6,27.9,88.7,Healthy,Low,Humidity Deviation
Kidneybeans,13.63,76.45,42.73,10.71,5.09,93.8,33.2,32.7,75.4,Healthy,Low,Rainfall Deviation
Kidneybeans,14.85,88.71,59.2,18.47,6.38,52.5,73.3,117.9,70.9,At Risk,Moderate,Humidity Deviation
Kidneybeans,22.34,47.28,127.13,29.99,6.32,131.9,49.4,90.4,90.5,Healthy,Low,Rainfall Deviation
Kidneybeans,11.76,67.24,95.6,12.67,5.55,25.2,15.0,105.1,88.7,Healthy,Low,Temperature Deviation
Kidneybeans,23.44,69.92,79.52,11.72,5.57,34.3,61.0,104.0,98.0,Healthy,Low,Optimal Conditions
Kidneybeans,16.56,31.04,74.81,10.07,6.25,114.3,40.7,107.8,77.3,Healthy,Low,Humidity Deviation
Kidneybeans,23.81,42.09,79.47,27.49,5.21,108.8,50.3,16.3,90.5,Healthy,Low,Humidity Deviation
Kidneybeans,14.27,90.27,125.71,13.45,5.28,28.5,64.7,48.0,61.3,At Risk,Moderate,Humidity Deviation
Kidneybeans,18.38,66.64,72.38,14.5,5.88,85.9,57.7,62.8,98.0,Healthy,Low,Optimal Conditions
Kidneybeans,20.68,57.95,69.99,18.45,6.47,54.1,53.1,116.1,98.0,Healthy,Low,Optimal Conditions
Kidneybeans,24.47,63.67,87.04,19.75,5.67,53.4,37.2,93.8,98.0,Healthy,Low,Optimal Conditions
Kidneybeans,16.03,62.89,71.15,5.06,5.4,118.3,85.2,84.5,98.0,Healthy,Low,Optimal Conditions
Kidneybeans,19.36,53.89,104.04,14.98,5.17,64.0,53.0,98.7,98.0,Healthy,Low,Optimal Conditions
Kidneybeans,4.7,94.61,168.57,33.14,6.59,104.0,60.1,37.5,7.7,High Risk,High,Temperature Deviation
Kidneybeans,20.31,38.62,107.92,25.92,5.95,126.1,48.7,51.4,86.3,Healthy,Low,Humidity Deviation
Kidneybeans,17.43,56.33,109.6,10.41,6.05,53.0,21.5,82.8,98.0,Healthy,Low,Optimal Conditions
Kidneybeans,11.18,50.56,121.65,24.85,6.69,49.6,80.8,105.3,82.4,Healthy,Low,Temperature Deviation
Kidneybeans,19.71,52.22,104.31,8.59,5.74,132.6,55.0,112.3,98.0,Healthy,Low,Optimal Conditions
Kidneybeans,14.66,85.09,59.9,23.54,6.85,31.3,11.3,116.4,76.1,Healthy,Low,Humidity Deviation
Kidneybeans,22.71,32.14,103.69,16.41,6.48,30.4,46.2,45.5,78.6,Healthy,Low,Humidity Deviation
Kidneybeans,23.35,69.58,69.02,5.92,5.39,124.7,80.4,45.1,98.0,Healthy,Low,Optimal Conditions
Kidneybeans,21.64,56.84,105.2,17.02,5.72,136.7,69.6,94.5,98.0,Healthy,Low,Optimal Conditions
Kidneybeans,34.68,15.64,4.74,54.64,5.73,109.3,36.9,89.4,5.0,High Risk,High,Temperature Deviation
Kidneybeans,26.94,84.87,125.28,13.86,5.99,51.1,83.1,67.1,64.4,At Risk,Moderate,Humidity Deviation
Kidneybeans,7.35,50.01,34.21,10.8,5.39,125.2,47.3,104.6,58.2,At Risk,Moderate,Temperature Deviation
Kidneybeans,15.53,62.35,81.78,12.37,6.9,74.8,73.7,21.2,98.0,Healthy,Low,Optimal Conditions
Kidneybeans,30.96,74.77,88.63,15.2,5.24,125.7,14.5,53.3,69.0,At Risk,Moderate,Temperature Deviation
Kidneybeans,21.46,56.53,60.83,18.41,6.27,20.2,64.4,37.7,98.0,Healthy,Low,Optimal Conditions
Kidneybeans,34.96,93.49,225.33,46.41,5.64,129.8,23.5,86.0,5.0,High Risk,High,Rainfall Deviation
Kidneybeans,21.61,53.15,79.68,6.61,6.94,45.7,89.5,58.9,98.0,Healthy,Low,Optimal Conditions
Kidneybeans,15.18,61.98,90.74,12.87,5.13,59.8,38.7,89.0,98.0,Healthy,Low,Optimal Conditions
Kidneybeans,20.73,55.73,96.3,5.7,6.98,97.0,21.9,90.3,98.0,Healthy,Low,Optimal Conditions
Kidneybeans,23.95,47.33,82.49,12.2,6.79,87.0,30.8,56.0,96.8,Healthy,Low,Optimal Conditions
Kidneybeans,34.27,20.21,223.73,45.52,5.57,87.0,75.9,72.8,5.0,High Risk,High,Rainfall Deviation
Kidneybeans,8.97,94.65,4.69,45.28,5.29,36.2,33.5,111.9,5.0,High Risk,High,Humidity Deviation
Kidneybeans,21.55,62.9,64.6,15.61,5.95,80.1,10.4,109.2,98.0,Healthy,Low,Optimal Conditions
Kidneybeans,29.37,82.4,55.59,17.91,5.36,112.0,82.5,100.5,61.3,At Risk,Moderate,Humidity Deviation
Kidneybeans,17.99,61.84,76.36,7.25,6.08,82.6,66.8,120.0,98.0,Healthy,Low,Optimal Conditions
Kidneybeans,22.97,37.47,32.36,31.44,5.86,76.5,11.2,51.0,68.8,At Risk,Moderate,Rainfall Deviation
Kidneybeans,19.5,55.38,82.36,7.21,6.9,99.7,89.1,15.5,98.0,Healthy,Low,Optimal Conditions
Kidneybeans,3.11,17.07,4.36,46.21,6.5,126.8,52.0,37.5,5.0,High Risk,High,Temperature Deviation
Kidneybeans,28.95,98.96,1.69,34.64,6.44,48.4,23.1,81.6,15.2,High Risk,High,Humidity Deviation
Kidneybeans,10.57,83.79,127.65,13.52,5.44,85.3,77.6,31.0,57.4,At Risk,Moderate,Humidity Deviation
Kidneybeans,20.18,53.77,109.71,5.07,5.9,39.5,64.5,81.2,98.0,Healthy,Low,Optimal Conditions
Kidneybeans,27.76,91.25,2.22,41.06,5.37,125.0,72.6,94.2,14.3,High Risk,High,Rainfall Deviation
Kidneybeans,20.22,56.45,90.64,12.99,5.35,94.8,13.1,22.4,98.0,Healthy,Low,Optimal Conditions
Kidneybeans,20.79,65.19,99.12,9.15,5.77,48.1,12.9,67.0,98.0,Healthy,Low,Optimal Conditions
Kidneybeans,20.86,50.3,114.93,11.19,5.77,100.2,85.1,104.2,98.0,Healthy,Low,Optimal Conditions
Kidneybeans,2.0,91.14,2.71,45.68,5.78,116.5,37.5,78.4,5.0,High Risk,High,Temperature Deviation
Kidneybeans,31.33,90.14,1.1,27.07,5.8,83.9,81.5,84.0,10.1,High Risk,High,Rainfall Deviation
Kidneybeans,30.71,76.63,51.69,15.9,5.88,103.8,77.3,97.4,62.4,At Risk,Moderate,Temperature Deviation
Kidneybeans,24.42,79.94,28.13,31.99,6.98,94.6,31.5,60.1,66.5,At Risk,Moderate,Rainfall Deviation
Kidneybeans,16.2,64.08,88.99,13.45,5.5,48.2,89.2,81.0,98.0,Healthy,Low,Optimal Conditions
Kidneybeans,30.84,89.13,188.51,56.67,6.47,55.2,18.2,70.1,5.0,High Risk,High,Humidity Deviation
Kidneybeans,20.63,57.96,78.96,18.68,6.34,100.4,20.7,55.9,98.0,Healthy,Low,Optimal Conditions
Kidneybeans,22.69,41.17,102.33,25.56,5.26,59.0,65.7,18.2,89.4,Healthy,Low,Humidity Deviation
Kidneybeans,15.08,53.0,90.21,11.85,5.31,29.4,14.5,24.0,98.0,Healthy,Low,Optimal Conditions
Kidneybeans,15.86,51.1,94.85,19.12,6.71,51.9,26.3,20.0,98.0,Healthy,Low,Optimal Conditions
Kidneybeans,20.68,69.96,102.95,12.72,5.85,37.7,43.5,77.5,98.0,Healthy,Low,Optimal Conditions
Kidneybeans,11.61,73.21,123.42,18.31,6.95,130.7,70.2,60.2,78.4,Healthy,Low,Temperature Deviation
Kidneybeans,5.14,13.28,226.84,41.27,6.42,116.4,22.1,19.7,5.0,High Risk,High,Rainfall Deviation
Kidneybeans,18.41,69.13,62.14,18.8,6.12,32.3,22.2,87.4,98.0,Healthy,Low,Optimal Conditions
Kidneybeans,17.56,42.89,123.77,16.11,6.31,57.1,62.9,83.5,86.5,Healthy,Low,Humidity Deviation
Kidneybeans,23.71,53.85,109.64,13.25,5.77,31.0,64.5,52.8,98.0,Healthy,Low,Optimal Conditions
Kidneybeans,4.14,94.14,256.98,31.6,6.35,107.4,60.5,50.4,5.0,High Risk,High,Rainfall Deviation
Kidneybeans,22.1,63.2,98.65,8.62,5.01,52.0,37.8,115.9,98.0,Healthy,Low,Optimal Conditions
Kidneybeans,23.26,62.45,68.38,11.05,6.02,61.3,28.1,41.5,98.0,Healthy,Low,Optimal Conditions
Kidneybeans,26.34,46.91,69.4,16.59,6.66,98.0,43.2,68.0,90.9,Healthy,Low,Temperature Deviation
Kidneybeans,23.94,67.88,79.12,14.88,6.53,119.1,68.0,67.6,98.0,Healthy,Low,Optimal Conditions
Kidneybeans,14.35,42.3,87.23,11.65,5.18,44.9,24.9,21.1,88.5,Healthy,Low,Humidity Deviation
Kidneybeans,29.61,90.96,231.91,43.71,6.53,57.7,77.7,87.6,5.0,High Risk,High,Rainfall Deviation
Kidneybeans,15.41,57.22,62.59,5.65,5.76,47.7,38.1,57.4,98.0,Healthy,Low,Optimal Conditions
Kidneybeans,21.06,56.96,98.04,19.87,5.76,109.0,33.6,100.2,98.0,Healthy,Low,Optimal Conditions
Kidneybeans,31.29,71.27,81.09,18.88,6.28,25.0,27.8,65.2,72.9,At Risk,Moderate,Temperature Deviation
Kidneybeans,24.58,65.9,103.24,11.99,5.95,116.6,41.0,65.5,98.0,Healthy,Low,Optimal Conditions
Kidneybeans,17.96,39.24,66.97,12.23,5.41,130.2,59.1,89.2,87.1,Healthy,Low,Humidity Deviation
Kidneybeans,17.41,58.91,77.04,19.17,5.33,139.0,82.5,75.0,98.0,Healthy,Low,Optimal Conditions
Kidneybeans,22.24,59.61,78.75,9.99,5.16,72.2,29.8,17.0,98.0,Healthy,Low,Optimal Conditions
Kidneybeans,17.35,56.04,107.27,18.49,5.06,48.6,45.4,44.2,98.0,Healthy,Low,Optimal Conditions
Kidneybeans,23.31,61.39,80.97,12.29,5.55,45.2,27.0,98.9,98.0,Healthy,Low,Optimal Conditions
Kidneybeans,24.11,58.99,86.67,14.16,5.61,127.5,58.7,109.4,98.0,Healthy,Low,Optimal Conditions
Kidneybeans,12.21,78.04,25.16,25.49,5.48,128.1,26.0,29.7,57.9,At Risk,Moderate,Rainfall Deviation
Kidneybeans,19.97,66.38,98.12,9.92,5.77,89.2,54.1,105.5,98.0,Healthy,Low,Optimal Conditions
Kidneybeans,11.66,80.35,49.71,31.42,5.23,80.9,52.6,30.6,66.8,At Risk,Moderate,Humidity Deviation
Kidneybeans,21.76,88.05,57.67,26.13,5.91,104.3,55.3,22.5,71.6,At Risk,Moderate,Humidity Deviation
Kidneybeans,21.28,89.5,67.97,18.03,6.3,112.3,80.4,38.6,70.8,At Risk,Moderate,Humidity Deviation
Kidneybeans,14.37,76.68,52.57,12.29,6.65,61.9,82.0,32.7,83.4,Healthy,Low,Humidity Deviation
Kidneybeans,19.35,51.57,63.09,15.71,5.51,96.7,55.7,29.8,98.0,Healthy,Low,Optimal Conditions
Kidneybeans,15.66,58.43,69.12,6.44,5.63,20.4,70.6,31.6,98.0,Healthy,Low,Optimal Conditions
Kidneybeans,20.4,37.27,83.29,18.71,6.8,88.5,83.4,106.7,84.7,Healthy,Low,Humidity Deviation
Kidneybeans,15.56,55.96,104.16,12.57,6.92,55.8,45.7,17.7,98.0,Healthy,Low,Optimal Conditions
Kidneybeans,6.01,10.56,5.75,39.31,5.23,20.3,59.1,65.5,5.0,High Risk,High,Rainfall Deviation
Kidneybeans,15.79,61.76,99.0,6.01,5.83,57.4,81.4,42.6,98.0,Healthy,Low,Optimal Conditions
Kidneybeans,32.26,13.27,211.89,35.96,6.43,57.5,77.8,118.0,5.0,High Risk,High,Rainfall Deviation
Kidneybeans,23.97,49.64,129.06,12.09,6.43,52.0,69.7,69.0,92.6,Healthy,Low,Rainfall Deviation
Kidneybeans,29.58,86.59,122.04,11.23,5.68,125.1,89.8,18.1,52.4,At Risk,Moderate,Humidity Deviation
Kidneybeans,11.0,38.21,37.23,23.75,6.22,94.3,81.4,90.2,58.6,At Risk,Moderate,Humidity Deviation
Kidneybeans,20.37,85.65,82.7,13.95,5.16,68.3,29.6,106.3,76.5,Healthy,Low,Humidity Deviation
Kidneybeans,25.24,73.85,108.15,18.95,5.74,76.9,36.6,63.6,93.3,Healthy,Low,Humidity Deviation
Kidneybeans,35.89,24.13,260.97,50.86,5.86,99.0,34.6,23.1,5.0,High Risk,High,Temperature Deviation
Kidneybeans,3.68,15.32,186.37,33.54,5.43,136.6,23.5,77.8,5.0,High Risk,High,Temperature Deviation
Kidneybeans,16.47,75.28,79.31,24.51,5.95,135.2,22.9,53.0,92.1,Healthy,Low,Humidity Deviation
Kidneybeans,16.29,42.7,52.81,11.59,5.28,135.3,58.8,15.7,87.0,Healthy,Low,Humidity Deviation
Kidneybeans,35.88,11.71,172.08,38.18,5.92,70.7,74.5,54.5,5.0,High Risk,High,Temperature Deviation
Kidneybeans,2.72,90.03,1.22,32.49,6.08,48.3,18.8,57.9,5.0,High Risk,High,Temperature Deviation
Kidneybeans,24.05,59.03,60.65,8.37,6.92,79.6,38.7,48.1,98.0,Healthy,Low,Optimal Conditions
Kidneybeans,17.12,64.98,85.42,16.27,5.51,20.2,87.3,68.8,98.0,Healthy,Low,Optimal Conditions
Kidneybeans,16.04,58.69,94.76,10.95,6.64,59.5,13.6,15.9,98.0,Healthy,Low,Optimal Conditions
Kidneybeans,2.0,96.79,253.18,40.94,5.03,71.8,22.9,104.2,5.0,High Risk,High,Temperature Deviation
Kidneybeans,24.61,71.85,133.25,25.25,6.19,35.9,76.6,78.8,88.8,Healthy,Low,Rainfall Deviation
Kidneybeans,14.3,74.98,108.24,19.06,5.98,71.9,17.5,38.7,90.1,Healthy,Low,Humidity Deviation
Kidneybeans,27.39,89.88,36.13,28.19,6.57,115.7,47.6,49.5,46.7,High Risk,High,Humidity Deviation
Kidneybeans,6.13,97.11,3.84,27.57,6.44,114.8,14.2,103.5,5.0,High Risk,High,Humidity Deviation
Kidneybeans,21.55,63.71,94.82,13.69,5.23,33.4,21.3,111.7,98.0,Healthy,Low,Optimal Conditions
Kidneybeans,16.53,69.77,60.22,16.65,6.69,99.5,88.0,50.0,98.0,Healthy,Low,Optimal Conditions
Kidneybeans,17.41,51.98,84.35,19.47,6.04,59.0,82.5,79.4,98.0,Healthy,Low,Optimal Conditions
Kidneybeans,27.18,17.13,224.95,42.9,5.39,133.5,12.1,82.5,9.4,High Risk,High,Rainfall Deviation
Kidneybeans,22.58,56.62,81.44,16.56,6.8,41.9,33.7,15.5,98.0,Healthy,Low,Optimal Conditions
Kidneybeans,39.79,23.03,217.35,28.46,6.58,132.9,49.3,21.5,5.0,High Risk,High,Temperature Deviation
Kidneybeans,16.23,69.61,66.85,6.21,6.04,27.8,60.7,106.3,98.0,Healthy,Low,Optimal Conditions
Kidneybeans,24.27,62.92,68.13,14.67,5.15,61.9,11.3,61.4,98.0,Healthy,Low,Optimal Conditions
Kidneybeans,7.28,24.71,1.42,26.66,6.54,107.6,88.2,34.4,8.8,High Risk,High,Rainfall Deviation
Kidneybeans,25.25,69.67,46.77,10.76,5.6,59.1,79.3,28.1,91.3,Healthy,Low,Rainfall Deviation
Kidneybeans,21.2,59.38,109.66,16.43,5.54,106.6,28.3,86.6,98.0,Healthy,Low,Optimal Conditions
Kidneybeans,17.0,52.05,81.45,13.3,5.52,137.4,42.8,74.0,98.0,Healthy,Low,Optimal Conditions
Kidneybeans,28.46,73.59,69.42,11.88,5.93,38.1,73.2,31.0,80.8,Healthy,Low,Temperature Deviation
Kidneybeans,24.3,59.69,109.26,11.79,6.18,109.3,32.5,28.9,98.0,Healthy,Low,Optimal Conditions
Kidneybeans,19.33,71.89,34.44,18.82,5.01,79.0,79.2,53.3,82.3,Healthy,Low,Rainfall Deviation
Kidneybeans,5.4,88.22,8.48,26.5,6.23,24.1,24.6,23.4,9.0,High Risk,High,Temperature Deviation
Kidneybeans,24.83,65.6,50.43,23.47,6.41,128.0,79.7,52.8,94.4,Healthy,Low,Rainfall Deviation
Pigeonpeas,19.98,90.2,103.38,26.13,7.06,45.3,74.2,56.4,69.6,At Risk,Moderate,Humidity Deviation
Pigeonpeas,24.29,52.24,90.1,7.82,7.77,77.8,80.7,113.6,98.0,Healthy,Low,Optimal Conditions
Pigeonpeas,21.91,57.63,73.52,11.4,6.87,74.1,49.9,80.9,98.0,Healthy,Low,Optimal Conditions
Pigeonpeas,23.08,49.26,95.52,17.48,7.67,137.0,16.2,63.8,98.0,Healthy,Low,Optimal Conditions
Pigeonpeas,12.36,16.96,183.02,52.93,6.26,68.5,23.2,46.9,5.0,High Risk,High,Humidity Deviation
Pigeonpeas,20.47,71.27,87.56,23.31,8.13,35.3,12.6,72.0,98.0,Healthy,Low,Optimal Conditions
Pigeonpeas,30.32,55.51,98.52,12.75,7.22,101.8,36.8,114.6,98.0,Healthy,Low,Optimal Conditions
Pigeonpeas,24.78,62.69,91.81,19.94,7.96,54.2,18.1,26.2,98.0,Healthy,Low,Optimal Conditions
Pigeonpeas,25.73,60.93,102.89,19.84,6.94,85.5,58.1,73.6,98.0,Healthy,Low,Optimal Conditions
Pigeonpeas,21.38,67.22,93.78,15.18,7.87,30.1,43.2,40.9,98.0,Healthy,Low,Optimal Conditions
Pigeonpeas,28.31,82.04,63.99,11.75,7.06,136.9,14.4,85.2,81.9,Healthy,Low,Humidity Deviation
Pigeonpeas,24.18,46.18,89.92,15.54,6.1,80.5,33.9,89.5,98.0,Healthy,Low,Optimal Conditions
Pigeonpeas,24.86,78.59,99.65,15.39,7.69,50.3,24.4,54.0,87.1,Healthy,Low,Humidity Deviation
Pigeonpeas,21.76,48.66,71.3,18.06,6.68,52.9,20.1,16.7,98.0,Healthy,Low,Optimal Conditions
Pigeonpeas,28.68,69.25,97.19,17.8,7.81,55.5,68.5,93.8,98.0,Healthy,Low,Optimal Conditions
Pigeonpeas,31.05,69.95,88.06,9.75,6.82,89.9,10.6,47.4,98.0,Healthy,Low,Optimal Conditions
Pigeonpeas,27.49,60.1,89.55,7.26,8.17,84.1,54.5,72.1,98.0,Healthy,Low,Optimal Conditions
Pigeonpeas,23.89,72.78,33.15,26.7,7.63,38.2,62.9,49.4,80.2,Healthy,Low,Rainfall Deviation
Pigeonpeas,27.48,64.83,108.12,13.25,7.3,75.6,34.7,30.0,98.0,Healthy,Low,Optimal Conditions
Pigeonpeas,24.01,63.41,66.44,7.8,8.24,28.5,84.3,30.4,98.0,Healthy,Low,Optimal Conditions
Pigeonpeas,27.52,88.42,86.36,26.47,7.86,90.1,60.5,38.2,72.4,At Risk,Moderate,Humidity Deviation
Pigeonpeas,12.39,16.84,9.25,27.66,8.06,136.7,20.5,109.1,13.8,High Risk,High,Humidity Deviation
Pigeonpeas,22.89,50.33,124.88,30.84,6.28,48.3,60.0,91.2,94.6,Healthy,Low,Rainfall Deviation
Pigeonpeas,20.95,31.05,41.69,22.27,7.87,131.4,38.0,33.7,72.6,At Risk,Moderate,Humidity Deviation
Pigeonpeas,30.56,50.89,52.64,28.97,7.86,42.1,84.7,80.9,95.7,Healthy,Low,Optimal Conditions
Pigeonpeas,25.2,47.04,120.01,17.49,8.28,37.1,13.3,55.4,96.4,Healthy,Low,Optimal Conditions
Pigeonpeas,24.6,55.29,91.94,16.16,7.49,104.9,39.5,62.9,98.0,Healthy,Low,Optimal Conditions
Pigeonpeas,22.84,67.5,47.0,11.21,8.01,28.9,47.1,46.7,92.4,Healthy,Low,Rainfall Deviation
Pigeonpeas,22.72,51.79,107.77,19.58,7.31,83.0,13.9,99.4,98.0,Healthy,Low,Optimal Conditions
Pigeonpeas,21.71,55.6,77.38,6.45,6.34,139.1,68.8,77.8,98.0,Healthy,Low,Optimal Conditions
Pigeonpeas,25.14,60.7,99.21,19.2,6.28,43.0,55.4,113.5,98.0,Healthy,Low,Optimal Conditions
Pigeonpeas,35.52,73.62,131.75,26.87,7.06,137.1,37.6,61.7,72.6,At Risk,Moderate,Temperature Deviation
Pigeonpeas,29.64,72.91,99.82,16.38,8.18,82.4,79.6,43.3,95.6,Healthy,Low,Optimal Conditions
Pigeonpeas,22.86,71.47,54.35,22.33,6.97,30.8,19.7,102.7,94.5,Healthy,Low,Optimal Conditions
Pigeonpeas,19.79,95.28,2.23,33.81,6.9,25.7,62.0,87.2,30.6,High Risk,High,Humidity Deviation
Pigeonpeas,20.01,13.04,269.2,57.92,7.04,48.8,85.5,20.7,5.0,High Risk,High,Rainfall Deviation
Pigeonpeas,29.81,48.85,64.2,11.87,6.76,115.7,37.0,85.3,98.0,Healthy,Low,Optimal Conditions
Pigeonpeas,34.15,69.53,121.73,18.99,6.12,99.6,64.7,38.9,87.2,Healthy,Low,Temperature Deviation
Pigeonpeas,26.88,59.91,85.56,10.46,6.16,22.7,46.8,36.3,98.0,Healthy,Low,Optimal Conditions
Pigeonpeas,13.78,94.9,234.79,32.23,6.58,81.2,49.7,18.4,5.0,High Risk,High,Rainfall Deviation
Pigeonpeas,25.4,39.29,124.79,29.6,7.1,55.3,72.3,67.9,87.8,Healthy,Low,Humidity Deviation
Pigeonpeas,30.65,61.4,61.84,5.14,6.2,118.6,48.5,50.2,98.0,Healthy,Low,Optimal Conditions
Pigeonpeas,26.08,47.08,90.86,10.71,7.97,110.5,11.5,32.5,98.0,Healthy,Low,Optimal Conditions
Pigeonpeas,28.6,56.2,53.67,13.97,8.24,50.7,86.4,103.9,96.3,Healthy,Low,Optimal Conditions
Pigeonpeas,26.59,53.45,95.16,10.43,7.07,106.3,43.3,87.4,98.0,Healthy,Low,Optimal Conditions
Pigeonpeas,24.79,53.03,109.47,12.57,6.51,88.1,47.5,96.8,98.0,Healthy,Low,Optimal Conditions
Pigeonpeas,12.43,94.37,254.92,46.98,6.74,47.6,80.5,74.8,5.0,High Risk,High,Rainfall Deviation
Pigeonpeas,29.54,34.31,72.69,22.57,7.74,106.1,32.9,41.6,87.2,Healthy,Low,Humidity Deviation
Pigeonpeas,33.86,47.29,111.34,13.82,7.87,94.2,79.7,59.6,92.1,Healthy,Low,Temperature Deviation
Pigeonpeas,29.89,75.58,35.16,17.66,6.12,38.2,89.9,111.2,77.1,Healthy,Low,Rainfall Deviation
Pigeonpeas,37.73,94.98,241.19,25.33,7.09,114.8,79.2,63.4,5.0,High Risk,High,Rainfall Deviation
Pigeonpeas,30.87,69.53,63.16,6.17,7.3,84.1,57.1,48.3,98.0,Healthy,Low,Optimal Conditions
Pigeonpeas,26.96,48.79,77.06,13.74,6.48,85.1,67.2,21.9,98.0,Healthy,Low,Optimal Conditions
Pigeonpeas,32.61,34.89,120.23,17.9,7.2,36.9,58.9,36.5,81.7,Healthy,Low,Humidity Deviation
Pigeonpeas,20.19,46.32,28.35,17.19,6.45,53.9,63.1,47.4,81.5,Healthy,Low,Rainfall Deviation
Pigeonpeas,14.98,93.07,3.24,39.41,7.19,136.2,44.3,98.0,8.1,High Risk,High,Humidity Deviation
Pigeonpeas,22.73,68.41,95.6,17.95,6.27,104.6,61.2,65.8,98.0,Healthy,Low,Optimal Conditions
Pigeonpeas,24.98,60.44,93.87,6.75,7.02,71.1,72.9,19.3,98.0,Healthy,Low,Optimal Conditions
Pigeonpeas,20.2,30.42,73.53,18.2,7.96,74.6,55.5,73.9,82.5,Healthy,Low,Humidity Deviation
Pigeonpeas,24.26,51.04,94.15,19.0,6.49,31.0,50.5,56.0,98.0,Healthy,Low,Optimal Conditions
Pigeonpeas,31.06,68.5,102.52,9.21,6.28,91.1,32.5,36.2,98.0,Healthy,Low,Optimal Conditions
Pigeonpeas,16.79,77.68,42.32,27.21,6.49,78.4,40.3,36.2,66.9,At Risk,Moderate,Humidity Deviation
Pigeonpeas,27.27,35.12,131.9,11.98,6.05,81.7,16.1,108.6,80.2,Healthy,Low,Humidity Deviation
Pigeonpeas,11.38,94.72,182.22,58.75,7.14,92.8,56.7,94.0,5.0,High Risk,High,Humidity Deviation
Pigeonpeas,30.65,64.78,102.51,12.28,7.6,74.9,20.4,46.7,98.0,Healthy,Low,Optimal Conditions
Pigeonpeas,21.99,51.03,84.93,11.33,6.76,128.8,72.3,15.3,98.0,Healthy,Low,Optimal Conditions
Pigeonpeas,36.64,46.17,85.08,24.44,8.24,34.2,71.7,53.3,81.4,Healthy,Low,Temperature Deviation
Pigeonpeas,38.97,17.4,0.83,36.17,6.27,62.7,34.4,118.9,5.8,High Risk,High,Rainfall Deviation
Pigeonpeas,11.82,10.86,3.23,45.54,7.28,60.4,78.2,34.2,5.0,High Risk,High,Rainfall Deviation
Pigeonpeas,11.34,92.26,180.31,44.1,7.85,78.0,80.9,60.0,5.0,High Risk,High,Humidity Deviation
Pigeonpeas,37.28,89.39,6.11,46.55,6.44,43.3,45.8,116.2,5.0,High Risk,High,Rainfall Deviation
Pigeonpeas,43.72,95.46,274.57,55.85,7.83,105.8,13.1,17.4,5.0,High Risk,High,Temperature Deviation
Pigeonpeas,31.0,50.43,95.06,19.7,8.16,68.0,64.5,94.7,98.0,Healthy,Low,Optimal Conditions
Pigeonpeas,19.87,67.12,83.65,31.6,6.49,117.8,72.5,89.0,98.0,Healthy,Low,Optimal Conditions
Pigeonpeas,27.01,49.66,65.31,10.28,7.9,87.7,71.1,108.5,98.0,Healthy,Low,Optimal Conditions
Pigeonpeas,18.62,35.9,96.33,20.17,6.02,100.5,24.1,107.2,84.3,Healthy,Low,Humidity Deviation
Pigeonpeas,24.68,67.58,118.25,17.28,7.38,131.2,36.4,22.2,97.0,Healthy,Low,Optimal Conditions
Pigeonpeas,38.21,89.15,174.26,57.44,7.87,125.2,86.0,105.0,5.0,High Risk,High,Humidity Deviation
Pigeonpeas,17.96,93.31,1.31,50.0,7.39,103.3,76.7,30.9,5.0,High Risk,High,Humidity Deviation
Pigeonpeas,33.59,20.11,235.59,39.38,6.53,35.6,85.3,45.6,17.2,High Risk,High,Rainfall Deviation
Pigeonpeas,26.83,73.17,88.02,15.69,6.17,137.8,78.4,22.3,95.3,Healthy,Low,Optimal Conditions
Pigeonpeas,23.15,64.38,95.7,14.46,8.1,24.4,22.9,34.9,98.0,Healthy,Low,Optimal Conditions
Pigeonpeas,27.42,50.24,84.13,15.28,7.37,54.8,43.1,50.7,98.0,Healthy,Low,Optimal Conditions
Pigeonpeas,43.55,13.08,172.97,37.07,8.0,139.6,26.2,84.0,5.0,High Risk,High,Temperature Deviation
Pigeonpeas,28.74,34.36,77.91,27.61,7.36,109.9,52.1,118.6,87.2,Healthy,Low,Humidity Deviation
Pigeonpeas,28.63,45.15,66.28,15.83,7.75,24.7,36.7,27.4,98.0,Healthy,Low,Optimal Conditions
Pigeonpeas,14.14,18.46,199.45,39.97,7.43,22.9,67.9,48.0,9.5,High Risk,High,Rainfall Deviation
Pigeonpeas,27.37,51.18,92.94,6.92,7.49,106.1,66.0,96.3,98.0,Healthy,Low,Optimal Conditions
Pigeonpeas,34.22,89.07,112.07,29.83,7.79,112.4,11.7,34.3,61.8,At Risk,Moderate,Humidity Deviation
Pigeonpeas,24.75,81.29,82.65,12.97,6.87,75.6,28.8,107.9,83.1,Healthy,Low,Humidity Deviation
Pigeonpeas,23.65,76.92,85.14,11.5,8.13,79.7,14.5,28.2,89.6,Healthy,Low,Humidity Deviation
Pigeonpeas,24.69,85.72,105.95,26.32,8.28,83.9,52.6,117.3,76.4,Healthy,Low,Humidity Deviation
Pigeonpeas,24.76,62.42,84.66,16.53,6.95,102.7,71.6,82.5,98.0,Healthy,Low,Optimal Conditions
Pigeonpeas,26.19,69.16,65.21,15.58,7.81,101.0,19.0,22.9,98.0,Healthy,Low,Optimal Conditions
Pigeonpeas,34.63,88.55,51.74,19.73,7.11,130.7,25.7,48.7,56.8,At Risk,Moderate,Humidity Deviation
Pigeonpeas,30.77,64.42,89.54,9.72,6.47,59.7,84.4,110.6,98.0,Healthy,Low,Optimal Conditions
Pigeonpeas,23.91,67.11,82.31,5.58,6.8,92.9,85.6,59.6,98.0,Healthy,Low,Optimal Conditions
Pigeonpeas,24.61,46.43,104.94,5.5,6.0,93.7,22.3,46.1,98.0,Healthy,Low,Optimal Conditions
Pigeonpeas,22.11,84.8,84.62,24.9,7.96,77.6,60.6,46.3,77.8,Healthy,Low,Humidity Deviation
Pigeonpeas,9.67,10.07,4.32,48.56,6.95,51.5,80.4,101.6,5.0,High Risk,High,Temperature Deviation
Pigeonpeas,20.45,50.15,110.49,11.48,6.01,93.6,59.4,42.8,98.0,Healthy,Low,Optimal Conditions
Pigeonpeas,24.06,53.85,98.85,19.09,7.35,67.0,33.6,102.1,98.0,Healthy,Low,Optimal Conditions
Pigeonpeas,25.2,61.63,72.53,7.02,7.5,91.9,59.5,117.7,98.0,Healthy,Low,Optimal Conditions
Pigeonpeas,31.83,46.17,62.02,17.88,6.74,62.9,14.1,15.2,98.0,Healthy,Low,Optimal Conditions
Pigeonpeas,38.22,74.27,86.63,20.73,7.6,49.8,36.2,88.5,68.7,At Risk,Moderate,Temperature Deviation
Pigeonpeas,26.26,58.47,105.85,11.03,6.48,40.9,33.5,44.3,98.0,Healthy,Low,Optimal Conditions
Pigeonpeas,35.71,85.43,97.7,20.09,6.6,101.9,54.9,118.0,62.0,At Risk,Moderate,Humidity Deviation
Pigeonpeas,26.73,67.5,61.98,12.47,6.49,135.0,63.2,43.7,98.0,Healthy,Low,Optimal Conditions
Pigeonpeas,19.8,15.14,228.6,54.6,6.7,64.4,74.1,100.5,5.0,High Risk,High,Rainfall Deviation
Pigeonpeas,26.65,61.98,94.43,13.01,7.94,121.0,77.9,43.2,98.0,Healthy,Low,Optimal Conditions
Pigeonpeas,21.68,65.66,63.03,7.03,8.13,35.0,19.7,110.5,98.0,Healthy,Low,Optimal Conditions
Pigeonpeas,30.58,54.44,78.68,7.03,8.11,111.4,28.1,91.4,98.0,Healthy,Low,Optimal Conditions
Pigeonpeas,26.29,51.36,102.53,12.67,8.12,90.2,50.3,87.9,98.0,Healthy,Low,Optimal Conditions
Pigeonpeas,26.9,62.24,35.21,22.04,7.49,86.3,85.6,16.7,85.5,Healthy,Low,Rainfall Deviation
Pigeonpeas,20.88,69.09,71.7,16.1,6.34,26.3,25.3,44.0,98.0,Healthy,Low,Optimal Conditions
Pigeonpeas,24.3,65.99,54.09,30.03,6.48,127.4,43.8,111.4,96.6,Healthy,Low,Optimal Conditions
Pigeonpeas,12.72,10.97,0.63,29.89,7.98,51.5,65.1,78.8,9.9,High Risk,High,Rainfall Deviation
Pigeonpeas,24.43,58.67,105.59,7.76,6.79,139.3,73.2,55.3,98.0,Healthy,Low,Optimal Conditions
Pigeonpeas,26.01,59.59,72.92,15.68,7.24,64.0,33.2,44.9,98.0,Healthy,Low,Optimal Conditions
Pigeonpeas,22.39,59.56,43.41,21.41,7.14,53.0,14.1,36.6,90.3,Healthy,Low,Rainfall Deviation
Pigeonpeas,21.1,45.0,78.2,18.88,6.28,21.7,56.3,100.4,98.0,Healthy,Low,Optimal Conditions
Pigeonpeas,14.25,96.63,203.27,46.67,7.19,127.4,12.4,94.9,5.0,High Risk,High,Humidity Deviation
Pigeonpeas,31.15,40.4,61.76,10.51,8.03,83.9,48.7,75.3,94.5,Healthy,Low,Humidity Deviation
Pigeonpeas,20.13,69.42,121.12,23.66,8.04,110.7,73.7,65.4,96.0,Healthy,Low,Optimal Conditions
Pigeonpeas,37.92,80.77,40.04,28.24,8.28,39.6,69.2,54.9,48.5,High Risk,High,Temperature Deviation
Pigeonpeas,21.66,50.22,102.58,13.22,8.05,129.1,22.1,81.0,98.0,Healthy,Low,Optimal Conditions
Pigeonpeas,23.29,49.33,101.94,10.47,8.28,37.0,28.3,82.7,98.0,Healthy,Low,Optimal Conditions
Pigeonpeas,20.1,23.27,178.68,31.34,7.79,61.6,50.5,93.0,49.0,High Risk,High,Humidity Deviation
Pigeonpeas,22.03,69.21,95.68,8.47,7.32,42.6,79.2,62.1,98.0,Healthy,Low,Optimal Conditions
Pigeonpeas,15.1,93.95,171.93,45.8,7.17,103.8,39.5,30.0,9.1,High Risk,High,Humidity Deviation
Pigeonpeas,26.84,57.43,71.8,8.32,7.34,32.8,20.9,41.1,98.0,Healthy,Low,Optimal Conditions
Pigeonpeas,10.11,20.54,8.41,45.65,8.14,23.7,52.5,40.9,5.0,High Risk,High,Temperature Deviation
Pigeonpeas,22.81,67.57,81.28,8.54,8.13,58.6,67.9,71.4,98.0,Healthy,Low,Optimal Conditions
Pigeonpeas,28.26,64.68,54.31,10.95,7.23,27.9,51.3,37.6,96.7,Healthy,Low,Optimal Conditions
Pigeonpeas,38.1,15.17,206.0,46.98,6.71,136.3,69.4,89.7,5.0,High Risk,High,Rainfall Deviation
Pigeonpeas,22.23,68.22,43.9,17.93,7.19,44.0,31.9,82.9,90.6,Healthy,Low,Rainfall Deviation
Pigeonpeas,16.48,28.18,47.05,23.8,6.15,90.7,63.3,26.1,59.9,At Risk,Moderate,Humidity Deviation
Pigeonpeas,26.33,67.61,142.05,17.83,7.7,129.4,77.5,23.8,88.3,Healthy,Low,Rainfall Deviation
Pigeonpeas,18.48,70.63,101.26,27.68,6.95,120.3,73.7,27.7,93.7,Healthy,Low,Temperature Deviation
Pigeonpeas,21.1,69.8,39.15,31.75,8.27,125.5,29.1,94.0,87.8,Healthy,Low,Rainfall Deviation
Pigeonpeas,31.0,50.6,82.05,14.65,6.84,48.6,73.4,100.3,98.0,Healthy,Low,Optimal Conditions
Pigeonpeas,27.42,36.98,118.81,28.94,7.02,114.9,44.4,87.6,87.2,Healthy,Low,Humidity Deviation
Pigeonpeas,16.23,86.23,105.1,18.27,7.32,120.1,63.5,26.6,62.5,At Risk,Moderate,Humidity Deviation
Pigeonpeas,20.28,58.49,46.9,30.36,6.34,75.0,44.5,58.2,92.4,Healthy,Low,Rainfall Deviation
Pigeonpeas,15.32,10.06,7.93,42.54,7.82,51.3,80.6,46.2,11.9,High Risk,High,Rainfall Deviation
Pigeonpeas,14.69,90.98,4.72,47.46,8.12,55.4,53.2,74.2,5.0,High Risk,High,Rainfall Deviation
Pigeonpeas,24.42,64.23,106.48,14.51,7.12,110.0,89.8,23.7,98.0,Healthy,Low,Optimal Conditions
Pigeonpeas,29.21,71.47,139.55,18.18,7.56,74.4,24.5,111.7,87.1,Healthy,Low,Rainfall Deviation
Pigeonpeas,20.1,56.42,60.3,16.91,6.85,93.8,71.3,17.9,98.0,Healthy,Low,Optimal Conditions
Pigeonpeas,32.94,71.78,101.0,29.35,7.19,65.0,27.8,100.5,93.6,Healthy,Low,Optimal Conditions
Pigeonpeas,27.25,57.79,73.16,16.82,6.69,114.5,42.8,18.2,98.0,Healthy,Low,Optimal Conditions
Pigeonpeas,31.26,76.82,64.72,10.99,6.13,58.2,64.2,89.0,89.8,Healthy,Low,Humidity Deviation
Pigeonpeas,11.7,16.58,220.85,56.55,6.17,125.5,52.2,84.9,5.0,High Risk,High,Rainfall Deviation
Pigeonpeas,16.01,12.02,273.85,25.58,7.7,57.8,66.1,104.8,16.0,High Risk,High,Rainfall Deviation
Pigeonpeas,36.42,89.4,49.85,27.0,7.19,126.4,72.6,30.2,47.3,High Risk,High,Humidity Deviation
Pigeonpeas,20.29,54.23,62.73,11.75,6.56,79.8,22.7,72.7,98.0,Healthy,Low,Optimal Conditions
Pigeonpeas,14.93,94.36,9.87,44.89,6.03,93.4,38.4,119.3,5.0,High Risk,High,Humidity Deviation
Pigeonpeas,28.51,34.05,131.0,24.53,8.0,59.9,27.2,24.4,79.2,Healthy,Low,Humidity Deviation
Pigeonpeas,21.79,67.81,69.03,6.41,6.92,40.4,20.4,53.1,98.0,Healthy,Low,Optimal Conditions
Pigeonpeas,37.41,95.58,0.99,55.5,6.65,113.3,80.9,37.2,5.0,High Risk,High,Humidity Deviation
Pigeonpeas,37.09,10.32,238.68,30.04,6.79,81.1,41.9,88.5,9.7,High Risk,High,Rainfall Deviation
Pigeonpeas,15.94,39.27,59.13,29.46,6.16,130.5,70.5,26.8,78.4,Healthy,Low,Temperature Deviation
Pigeonpeas,30.8,56.65,109.94,14.53,7.58,76.1,45.0,99.2,98.0,Healthy,Low,Optimal Conditions
Pigeonpeas,25.98,54.77,69.81,17.73,6.51,56.2,57.4,49.2,98.0,Healthy,Low,Optimal Conditions
Pigeonpeas,20.05,65.03,84.72,7.94,7.64,98.7,40.1,75.7,98.0,Healthy,Low,Optimal Conditions
Pigeonpeas,26.75,33.69,53.01,21.85,7.73,137.7,76.7,79.3,82.4,Healthy,Low,Humidity Deviation
Pigeonpeas,35.11,40.69,75.63,15.83,7.71,64.0,27.6,110.5,82.4,Healthy,Low,Temperature Deviation
Pigeonpeas,30.97,69.03,80.32,15.77,6.91,98.8,71.7,82.0,98.0,Healthy,Low,Optimal Conditions
Pigeonpeas,23.7,66.54,88.2,18.52,6.96,51.6,58.7,108.5,98.0,Healthy,Low,Optimal Conditions
Pigeonpeas,37.11,74.96,127.13,31.67,7.41,36.1,75.1,73.6,65.9,At Risk,Moderate,Temperature Deviation
Pigeonpeas,22.83,57.97,94.59,18.16,7.38,69.8,60.6,67.2,98.0,Healthy,Low,Optimal Conditions
Pigeonpeas,38.66,87.68,35.69,30.43,7.04,26.2,32.7,104.9,32.7,High Risk,High,Temperature Deviation
Pigeonpeas,32.89,64.45,73.85,13.5,7.5,60.0,14.5,38.8,96.4,Healthy,Low,Optimal Conditions
Pigeonpeas,17.65,53.54,111.31,14.49,7.68,40.7,69.2,71.8,91.3,Healthy,Low,Temperature Deviation
Pigeonpeas,41.01,94.85,1.05,38.73,6.56,117.7,87.4,35.5,5.0,High Risk,High,Temperature Deviation
Pigeonpeas,33.0,57.54,28.09,10.1,8.0,51.4,29.0,72.7,77.4,Healthy,Low,Rainfall Deviation
Pigeonpeas,23.46,57.9,109.09,7.3,6.1,105.0,59.3,47.9,98.0,Healthy,Low,Optimal Conditions
Pigeonpeas,30.41,53.03,89.65,11.38,7.21,126.6,45.8,101.7,98.0,Healthy,Low,Optimal Conditions
Pigeonpeas,30.07,49.38,121.22,25.04,8.02,98.2,23.7,17.7,95.9,Healthy,Low,Optimal Conditions
Pigeonpeas,30.9,59.19,102.43,8.51,7.63,107.8,74.8,71.2,98.0,Healthy,Low,Optimal Conditions
Pigeonpeas,33.69,67.2,83.59,16.81,7.79,105.9,87.1,53.5,93.2,Healthy,Low,Temperature Deviation
Pigeonpeas,21.24,64.69,68.27,19.3,6.73,97.7,46.0,38.5,98.0,Healthy,Low,Optimal Conditions
Pigeonpeas,31.77,35.56,99.32,27.24,7.16,47.7,78.3,43.4,88.7,Healthy,Low,Humidity Deviation
Pigeonpeas,20.76,69.44,99.77,7.22,7.13,60.4,12.6,112.4,98.0,Healthy,Low,Optimal Conditions
Pigeonpeas,33.9,22.76,165.89,55.8,7.5,63.0,68.3,95.5,20.4,High Risk,High,Humidity Deviation
Pigeonpeas,8.7,10.24,175.56,31.56,7.2,129.7,31.7,69.6,6.6,High Risk,High,Temperature Deviation
Pigeonpeas,31.77,50.51,65.47,7.14,6.84,86.3,63.4,74.1,98.0,Healthy,Low,Optimal Conditions
Pigeonpeas,32.4,90.6,245.27,58.42,7.01,110.1,55.6,48.4,5.0,High Risk,High,Rainfall Deviation
Pigeonpeas,34.79,88.4,7.69,53.44,8.2,125.8,68.2,77.8,5.7,High Risk,High,Rainfall Deviation
Pigeonpeas,23.19,62.77,80.06,9.88,6.24,28.4,26.8,102.6,98.0,Healthy,Low,Optimal Conditions
Pigeonpeas,23.9,65.58,45.27,29.11,8.22,45.6,35.2,49.5,91.4,Healthy,Low,Rainfall Deviation
Pigeonpeas,20.47,18.39,4.57,55.18,6.66,73.0,24.3,40.0,12.7,High Risk,High,Rainfall Deviation
Pigeonpeas,30.82,60.65,89.4,19.2,7.82,21.9,19.9,41.0,98.0,Healthy,Low,Optimal Conditions
Pigeonpeas,30.01,64.25,67.27,13.01,6.25,40.7,29.4,110.1,98.0,Healthy,Low,Optimal Conditions
Pigeonpeas,30.99,63.77,97.47,17.05,6.22,117.8,30.2,118.3,98.0,Healthy,Low,Optimal Conditions
Pigeonpeas,34.44,94.48,255.05,43.23,6.2,131.4,35.0,37.0,5.0,High Risk,High,Rainfall Deviation
Pigeonpeas,18.8,63.22,92.34,30.92,7.3,107.3,29.8,83.9,95.8,Healthy,Low,Optimal Conditions
Pigeonpeas,15.32,43.81,142.97,30.53,7.49,96.0,29.2,48.0,70.2,At Risk,Moderate,Temperature Deviation
Pigeonpeas,27.77,82.04,135.13,11.9,7.98,26.0,37.0,73.3,72.8,At Risk,Moderate,Humidity Deviation
Pigeonpeas,31.49,57.61,96.69,15.53,7.92,123.7,47.3,105.6,98.0,Healthy,Low,Optimal Conditions
Pigeonpeas,22.53,71.96,49.04,16.06,6.57,99.2,18.3,38.8,90.7,Healthy,Low,Rainfall Deviation
Pigeonpeas,26.14,64.64,85.53,9.28,7.93,78.2,65.2,118.6,98.0,Healthy,Low,Optimal Conditions
Pigeonpeas,46.63,20.89,168.75,43.36,6.34,31.2,23.4,94.3,5.0,High Risk,High,Temperature Deviation
Pigeonpeas,31.1,54.21,68.45,17.38,7.05,66.6,36.4,49.7,98.0,Healthy,Low,Optimal Conditions
Pigeonpeas,16.93,77.83,69.41,27.5,7.57,131.1,11.9,117.8,77.5,Healthy,Low,Humidity Deviation
Pigeonpeas,28.98,51.98,80.73,18.14,7.03,126.2,53.9,42.7,98.0,Healthy,Low,Optimal Conditions
Pigeonpeas,13.93,61.87,53.04,20.79,6.0,123.0,46.9,70.8,74.7,At Risk,Moderate,Temperature Deviation
Pigeonpeas,17.39,75.35,120.55,16.06,7.2,110.8,37.5,97.7,79.0,Healthy,Low,Temperature Deviation
Pigeonpeas,9.89,14.62,5.05,48.32,7.02,105.5,26.4,42.3,5.0,High Risk,High,Temperature Deviation
Pigeonpeas,24.76,67.62,79.43,9.32,7.62,124.4,29.5,99.8,98.0,Healthy,Low,Optimal Conditions
Pigeonpeas,22.97,56.82,63.34,17.93,8.01,101.3,34.2,32.5,98.0,Healthy,Low,Optimal Conditions
Pigeonpeas,28.24,31.97,73.23,23.03,7.36,99.2,58.2,79.3,84.4,Healthy,Low,Humidity Deviation
Pigeonpeas,21.09,54.22,98.42,5.57,7.59,137.7,44.9,37.3,98.0,Healthy,Low,Optimal Conditions
Pigeonpeas,30.26,48.68,62.16,12.28,6.88,135.2,47.0,102.7,98.0,Healthy,Low,Optimal Conditions
Pigeonpeas,9.09,96.9,245.43,36.2,8.13,88.0,30.7,62.5,5.0,High Risk,High,Rainfall Deviation
Pigeonpeas,18.0,24.0,3.31,26.78,7.71,127.2,56.6,57.3,34.7,High Risk,High,Rainfall Deviation
Pigeonpeas,15.76,30.54,142.97,23.16,6.59,99.2,82.7,52.7,55.8,At Risk,Moderate,Humidity Deviation
Pigeonpeas,31.6,64.16,62.49,13.42,6.54,54.4,17.0,39.3,98.0,Healthy,Low,Optimal Conditions
Pigeonpeas,14.73,32.53,25.33,14.06,6.92,65.7,30.3,113.4,46.4,High Risk,High,Rainfall Deviation
Pigeonpeas,36.03,47.12,41.78,11.14,7.89,133.5,71.8,94.7,73.3,At Risk,Moderate,Temperature Deviation
Pigeonpeas,27.69,61.78,72.86,16.08,6.34,55.2,57.2,71.7,98.0,Healthy,Low,Optimal Conditions
Pigeonpeas,25.2,88.46,21.59,10.05,6.13,62.0,74.6,68.0,49.9,High Risk,High,Humidity Deviation
Pigeonpeas,20.66,54.9,61.81,7.59,8.02,111.4,89.7,108.9,98.0,Healthy,Low,Optimal Conditions
Pigeonpeas,11.37,19.92,7.75,53.91,7.89,90.3,40.4,73.6,5.0,High Risk,High,Rainfall Deviation
Pigeonpeas,21.53,93.07,4.34,38.81,8.04,43.3,37.8,83.9,27.2,High Risk,High,Humidity Deviation
Pigeonpeas,14.31,75.06,117.67,27.7,6.14,117.6,87.6,60.1,69.7,At Risk,Moderate,Temperature Deviation
Pigeonpeas,21.31,53.67,66.53,8.45,7.51,69.9,82.1,63.7,98.0,Healthy,Low,Optimal Conditions
Pigeonpeas,21.66,62.33,91.7,15.62,6.78,129.8,19.1,18.4,98.0,Healthy,Low,Optimal Conditions
Pigeonpeas,18.06,38.17,125.63,26.47,8.19,104.8,72.2,59.9,79.3,Healthy,Low,Humidity Deviation
Pigeonpeas,30.06,73.39,65.18,12.36,7.5,94.6,31.1,59.3,94.9,Healthy,Low,Humidity Deviation
Pigeonpeas,24.35,68.36,33.83,18.16,6.33,119.3,72.6,33.4,84.7,Healthy,Low,Rainfall Deviation
Pigeonpeas,26.84,51.23,62.78,16.48,6.21,101.3,22.0,15.8,98.0,Healthy,Low,Optimal Conditions
Pigeonpeas,26.37,35.62,86.02,13.4,6.77,137.5,26.9,81.3,88.7,Healthy,Low,Humidity Deviation
Pigeonpeas,12.66,89.81,5.44,35.59,7.08,132.7,79.8,114.4,11.9,High Risk,High,Rainfall Deviation
Pigeonpeas,25.79,62.83,96.64,13.25,7.89,25.1,25.8,49.4,98.0,Healthy,Low,Optimal Conditions
Pigeonpeas,20.12,87.03,84.53,20.86,6.07,74.6,82.2,67.3,74.5,At Risk,Moderate,Humidity Deviation
Pigeonpeas,23.17,46.22,104.1,8.6,6.15,135.7,49.0,57.6,98.0,Healthy,Low,Optimal Conditions
Pigeonpeas,15.92,11.53,8.03,44.72,7.62,85.8,33.9,88.0,10.8,High Risk,High,Rainfall Deviation
Pigeonpeas,27.36,69.16,82.75,25.68,8.09,80.8,10.1,18.6,98.0,Healthy,Low,Optimal Conditions
Pigeonpeas,29.37,50.04,65.08,17.91,6.53,80.3,37.2,109.1,98.0,Healthy,Low,Optimal Conditions
Pigeonpeas,22.97,47.31,137.29,10.22,6.16,102.1,24.6,70.5,90.1,Healthy,Low,Rainfall Deviation
Pigeonpeas,30.02,62.02,81.78,8.37,7.52,62.2,57.1,85.2,98.0,Healthy,Low,Optimal Conditions
Pigeonpeas,20.59,57.33,67.91,6.35,6.2,104.3,82.4,112.8,98.0,Healthy,Low,Optimal Conditions
Pigeonpeas,16.42,13.73,9.43,54.81,7.23,111.9,22.0,93.1,5.0,High Risk,High,Humidity Deviation
Pigeonpeas,22.34,60.87,76.03,11.16,7.9,88.5,41.9,63.9,98.0,Healthy,Low,Optimal Conditions
Pigeonpeas,40.04,90.93,5.91,38.17,6.18,44.1,68.3,118.9,5.0,High Risk,High,Temperature Deviation
Pigeonpeas,34.31,95.78,168.94,53.99,6.67,69.6,63.2,73.6,9.3,High Risk,High,Humidity Deviation
Pigeonpeas,29.17,31.95,50.53,18.72,7.67,56.5,33.8,80.7,78.8,Healthy,Low,Humidity Deviation
Pigeonpeas,28.54,58.69,81.7,10.89,6.51,48.8,50.0,35.8,98.0,Healthy,Low,Optimal Conditions
Pigeonpeas,16.44,89.89,70.59,29.87,7.27,38.3,62.7,92.2,57.7,At Risk,Moderate,Humidity Deviation
Pigeonpeas,34.39,70.58,104.44,21.71,7.08,79.3,23.5,55.4,89.6,Healthy,Low,Temperature Deviation
Pigeonpeas,30.3,84.59,44.27,20.14,6.74,92.6,73.1,109.7,68.9,At Risk,Moderate,Humidity Deviation
Pigeonpeas,24.75,39.08,112.18,22.06,6.65,68.9,50.3,67.7,92.1,Healthy,Low,Humidity Deviation
Pigeonpeas,41.51,13.94,2.76,57.53,7.87,60.2,65.5,64.7,5.0,High Risk,High,Temperature Deviation
Pigeonpeas,20.92,92.31,7.13,28.06,7.56,44.0,61.4,52.3,35.7,High Risk,High,Humidity Deviation
Pigeonpeas,27.49,61.16,87.01,10.23,8.1,101.6,54.4,65.5,98.0,Healthy,Low,Optimal Conditions
Pigeonpeas,44.9,15.94,8.18,43.43,6.44,132.5,82.6,42.5,5.0,High Risk,High,Temperature Deviation
Pigeonpeas,17.68,74.08,31.08,31.08,7.27,58.1,31.5,48.3,68.9,At Risk,Moderate,Rainfall Deviation
Pigeonpeas,22.95,54.48,86.03,15.89,6.7,36.2,11.6,54.1,98.0,Healthy,Low,Optimal Conditions
Pigeonpeas,28.04,89.33,122.66,11.04,7.95,97.3,50.5,30.2,66.4,At Risk,Moderate,Humidity Deviation
Pigeonpeas,28.28,57.8,85.72,7.0,7.09,90.8,19.8,117.3,98.0,Healthy,Low,Optimal Conditions
Pigeonpeas,34.55,14.57,201.65,56.77,6.81,54.2,33.5,71.1,5.0,High Risk,High,Rainfall Deviation
Pigeonpeas,26.9,68.0,84.62,10.98,6.09,85.7,20.9,63.5,98.0,Healthy,Low,Optimal Conditions
Pigeonpeas,23.13,68.94,99.38,6.79,6.73,104.4,75.9,70.3,98.0,Healthy,Low,Optimal Conditions
Pigeonpeas,11.41,19.2,7.19,32.78,6.81,135.2,81.1,17.3,9.1,High Risk,High,Rainfall Deviation
Pigeonpeas,11.11,88.08,7.04,50.17,7.48,110.2,50.4,112.5,5.0,High Risk,High,Temperature Deviation
Pigeonpeas,42.24,91.41,229.68,45.98,6.47,80.0,16.2,89.4,5.0,High Risk,High,Temperature Deviation
Pigeonpeas,23.91,74.23,122.05,24.3,8.26,80.8,18.2,19.7,89.3,Healthy,Low,Humidity Deviation
Pigeonpeas,24.23,63.12,102.01,13.91,7.1,121.6,14.5,49.0,98.0,Healthy,Low,Optimal Conditions
Pigeonpeas,31.17,47.23,107.98,15.96,7.14,57.5,53.0,82.5,98.0,Healthy,Low,Optimal Conditions
Pigeonpeas,18.8,37.33,71.97,16.36,7.16,23.1,77.7,115.4,86.6,Healthy,Low,Humidity Deviation
Pigeonpeas,13.39,21.02,258.82,52.11,7.57,68.7,34.0,35.2,5.0,High Risk,High,Rainfall Deviation
Pigeonpeas,30.54,46.41,96.31,6.28,6.27,44.0,63.9,104.4,98.0,Healthy,Low,Optimal Conditions
Pigeonpeas,22.81,60.87,82.81,14.5,6.36,75.2,37.2,60.9,98.0,Healthy,Low,Optimal Conditions
Pigeonpeas,21.72,61.67,93.45,8.97,7.33,135.4,53.0,48.0,98.0,Healthy,Low,Optimal Conditions
Pigeonpeas,29.97,57.21,73.16,14.46,7.99,107.3,16.9,50.9,98.0,Healthy,Low,Optimal Conditions
Pigeonpeas,33.81,22.04,211.34,32.15,6.09,78.1,63.6,28.1,28.4,High Risk,High,Rainfall Deviation
Pigeonpeas,19.92,48.3,128.23,14.71,7.48,57.6,38.3,34.6,93.1,Healthy,Low,Rainfall Deviation
Pigeonpeas,30.58,68.66,79.68,16.45,7.85,37.0,85.1,99.9,98.0,Healthy,Low,Optimal Conditions
Pigeonpeas,23.5,25.81,38.78,28.99,7.34,36.3,80.3,23.4,64.6,At Risk,Moderate,Humidity Deviation
Pigeonpeas,44.35,17.88,195.18,38.19,7.79,94.8,79.0,108.7,5.0,High Risk,High,Temperature Deviation
Pigeonpeas,23.45,52.0,76.31,5.76,8.14,34.9,80.2,66.2,98.0,Healthy,Low,Optimal Conditions
Pigeonpeas,36.51,18.8,3.37,34.56,6.79,21.6,43.4,52.7,18.9,High Risk,High,Rainfall Deviation
Pigeonpeas,27.82,86.22,142.3,15.3,6.32,92.7,80.1,36.0,63.9,At Risk,Moderate,Humidity Deviation
Pigeonpeas,28.21,52.43,62.07,9.54,6.48,59.3,75.2,85.7,98.0,Healthy,Low,Optimal Conditions
Pigeonpeas,24.9,50.35,87.68,8.39,8.13,52.4,67.0,56.4,98.0,Healthy,Low,Optimal Conditions
Pigeonpeas,18.27,98.7,221.77,33.04,6.57,86.9,26.4,58.3,18.9,High Risk,High,Rainfall Deviation
Pigeonpeas,28.0,59.22,91.43,19.51,6.92,45.9,89.9,21.1,98.0,Healthy,Low,Optimal Conditions
Pigeonpeas,42.41,97.42,238.18,38.41,6.12,89.3,69.9,72.1,5.0,High Risk,High,Temperature Deviation
Pigeonpeas,30.02,46.44,72.44,5.75,6.9,50.0,64.6,23.2,98.0,Healthy,Low,Optimal Conditions
Pigeonpeas,26.64,63.67,83.42,9.22,7.15,60.6,33.7,62.0,98.0,Healthy,Low,Optimal Conditions
Pigeonpeas,28.19,66.06,145.32,13.42,6.1,36.6,87.5,48.6,87.2,Healthy,Low,Rainfall Deviation
Pigeonpeas,28.82,48.02,77.45,7.17,8.24,54.2,31.5,81.6,98.0,Healthy,Low,Optimal Conditions
Pigeonpeas,27.84,56.35,69.21,12.3,8.3,120.7,87.9,112.2,98.0,Healthy,Low,Optimal Conditions
Pigeonpeas,36.88,19.29,197.63,25.52,6.81,123.5,56.1,104.2,18.6,High Risk,High,Rainfall Deviation
Pigeonpeas,22.32,49.12,99.26,14.18,6.77,113.7,44.8,79.6,98.0,Healthy,Low,Optimal Conditions
Pigeonpeas,36.4,19.38,2.99,41.24,8.22,125.6,34.9,40.5,9.8,High Risk,High,Rainfall Deviation
Pigeonpeas,32.69,39.86,72.8,17.67,6.73,122.6,32.5,106.0,91.1,Healthy,Low,Humidity Deviation
Pigeonpeas,28.34,65.46,103.4,19.48,6.69,85.3,86.5,16.1,98.0,Healthy,Low,Optimal Conditions
Pigeonpeas,20.67,77.34,115.3,18.89,7.49,70.0,41.9,83.4,87.1,Healthy,Low,Humidity Deviation
Mothbeans,30.62,38.91,21.54,5.52,6.42,72.1,55.3,98.6,98.0,Healthy,Low,Optimal Conditions
Mothbeans,36.26,60.79,58.34,31.73,7.6,80.6,23.4,105.4,91.3,Healthy,Low,Humidity Deviation
Mothbeans,35.0,41.96,24.83,15.03,7.36,38.1,76.4,46.8,98.0,Healthy,Low,Optimal Conditions
Mothbeans,31.46,39.93,40.08,6.02,6.47,53.1,38.7,41.1,98.0,Healthy,Low,Optimal Conditions
Mothbeans,36.08,72.1,34.5,15.61,7.25,131.1,24.2,75.9,74.3,At Risk,Moderate,Humidity Deviation
Mothbeans,33.81,44.3,49.34,17.84,6.84,132.6,47.5,113.3,98.0,Healthy,Low,Optimal Conditions
Mothbeans,36.66,41.67,50.03,19.52,8.28,75.6,37.6,79.3,98.0,Healthy,Low,Optimal Conditions
Mothbeans,27.09,26.51,60.79,15.15,8.3,66.4,49.5,50.2,89.3,Healthy,Low,Humidity Deviation
Mothbeans,27.31,54.81,33.99,6.73,7.11,36.5,59.2,17.5,98.0,Healthy,Low,Optimal Conditions
Mothbeans,33.71,21.8,56.75,24.67,7.3,88.5,84.6,110.2,84.2,Healthy,Low,Humidity Deviation
Mothbeans,35.57,25.94,44.41,18.31,6.47,22.0,53.9,67.0,89.1,Healthy,Low,Humidity Deviation
Mothbeans,29.72,40.77,48.47,10.51,7.17,138.7,81.6,84.1,98.0,Healthy,Low,Optimal Conditions
Mothbeans,29.55,27.57,55.76,30.48,6.31,102.9,19.4,29.3,91.1,Healthy,Low,Humidity Deviation
Mothbeans,22.75,22.2,17.75,20.24,8.22,47.0,86.6,39.1,72.8,At Risk,Moderate,Humidity Deviation
Mothbeans,19.21,57.76,38.63,24.25,6.08,122.9,64.2,116.8,75.6,Healthy,Low,Temperature Deviation
Mothbeans,21.77,90.07,130.96,36.94,8.02,95.4,42.4,69.5,10.8,High Risk,High,Rainfall Deviation
Mothbeans,32.09,15.12,43.28,10.17,6.27,76.5,87.5,18.7,76.1,Healthy,Low,Humidity Deviation
Mothbeans,34.29,49.71,55.88,13.65,7.01,74.1,44.5,117.2,98.0,Healthy,Low,Optimal Conditions
Mothbeans,26.25,40.79,58.4,11.42,6.79,57.3,10.7,81.5,98.0,Healthy,Low,Optimal Conditions
Mothbeans,39.81,68.09,68.25,26.87,8.1,120.2,33.5,69.8,67.6,At Risk,Moderate,Humidity Deviation
Mothbeans,25.56,52.62,22.04,13.23,8.32,44.7,45.4,83.0,98.0,Healthy,Low,Optimal Conditions
Mothbeans,21.22,51.22,43.06,22.44,7.29,81.4,16.3,35.4,86.8,Healthy,Low,Temperature Deviation
Mothbeans,33.5,27.41,66.09,31.3,6.26,55.4,73.3,85.7,86.8,Healthy,Low,Humidity Deviation
Mothbeans,35.63,75.35,49.68,11.89,6.6,58.2,22.3,23.1,69.5,At Risk,Moderate,Humidity Deviation
Mothbeans,31.86,46.94,28.61,12.56,6.02,92.2,10.1,82.5,98.0,Healthy,Low,Optimal Conditions
Mothbeans,24.49,69.41,35.96,14.66,6.28,65.3,26.6,88.7,76.6,Healthy,Low,Humidity Deviation
Mothbeans,31.81,47.74,46.76,16.49,7.26,45.3,37.2,54.9,98.0,Healthy,Low,Optimal Conditions
Mothbeans,36.0,59.7,71.91,15.09,6.04,80.1,83.9,41.1,85.0,Healthy,Low,Rainfall Deviation
Mothbeans,24.83,66.42,63.45,17.0,6.72,115.5,41.0,84.8,80.0,Healthy,Low,Humidity Deviation
Mothbeans,36.19,18.29,9.81,32.17,6.82,120.2,86.8,92.7,62.1,At Risk,Moderate,Humidity Deviation
Mothbeans,30.7,43.41,57.41,16.18,7.79,87.8,61.7,88.4,98.0,Healthy,Low,Optimal Conditions
Mothbeans,20.69,23.98,45.63,28.68,6.4,112.5,23.5,47.0,71.7,At Risk,Moderate,Temperature Deviation
Mothbeans,25.61,37.46,47.01,6.29,8.44,51.3,18.8,54.1,98.0,Healthy,Low,Optimal Conditions
Mothbeans,26.02,48.13,51.11,5.03,7.43,97.5,88.7,84.3,98.0,Healthy,Low,Optimal Conditions
Mothbeans,33.7,40.54,25.58,16.12,7.21,134.2,15.0,65.3,98.0,Healthy,Low,Optimal Conditions
Mothbeans,31.56,35.85,21.62,13.04,6.88,22.8,58.7,61.6,98.0,Healthy,Low,Optimal Conditions
Mothbeans,22.96,90.63,7.32,51.53,6.01,107.7,15.8,72.5,10.9,High Risk,High,Humidity Deviation
Mothbeans,41.89,47.56,67.9,11.98,7.85,31.8,42.3,61.9,79.2,Healthy,Low,Temperature Deviation
Mothbeans,36.22,46.73,25.62,10.59,6.2,79.3,38.4,48.8,98.0,Healthy,Low,Optimal Conditions
Mothbeans,17.31,91.28,0.94,52.76,6.69,59.4,53.9,42.5,5.0,High Risk,High,Humidity Deviation
Mothbeans,45.38,24.6,70.14,17.9,7.81,89.7,51.6,30.6,51.2,At Risk,Moderate,Temperature Deviation
Mothbeans,35.83,61.04,42.17,15.04,7.52,127.2,15.5,107.1,90.9,Healthy,Low,Humidity Deviation
Mothbeans,37.78,36.68,34.72,5.82,6.14,124.0,15.1,98.2,98.0,Healthy,Low,Optimal Conditions
Mothbeans,51.71,13.61,99.99,55.85,6.59,85.7,72.8,16.9,5.0,High Risk,High,Temperature Deviation
Mothbeans,25.49,37.54,27.11,5.44,7.09,69.5,33.3,48.4,98.0,Healthy,Low,Optimal Conditions
Mothbeans,29.18,36.66,66.69,15.84,6.92,90.9,79.5,110.3,95.5,Healthy,Low,Optimal Conditions
Mothbeans,35.15,17.86,19.37,22.32,6.33,85.9,83.3,98.1,78.3,Healthy,Low,Humidity Deviation
Mothbeans,43.01,18.95,116.27,25.37,8.31,37.3,49.9,98.5,23.2,High Risk,High,Rainfall Deviation
Mothbeans,39.23,24.22,132.38,36.8,6.92,23.8,87.9,105.4,39.4,High Risk,High,Rainfall Deviation
Mothbeans,33.86,43.98,52.33,14.35,7.03,72.4,62.1,83.7,98.0,Healthy,Low,Optimal Conditions
Mothbeans,21.09,15.96,31.85,27.07,8.32,83.3,21.1,83.5,63.5,At Risk,Moderate,Humidity Deviation
Mothbeans,27.15,44.41,29.96,18.95,8.02,53.2,87.1,54.7,98.0,Healthy,Low,Optimal Conditions
Mothbeans,38.06,16.48,35.72,31.3,6.13,54.0,21.8,65.6,77.5,Healthy,Low,Humidity Deviation
Mothbeans,34.51,75.76,54.55,31.8,7.35,61.5,66.4,69.7,68.9,At Risk,Moderate,Humidity Deviation
Mothbeans,20.43,94.09,129.39,39.85,7.6,30.3,35.2,113.0,5.0,High Risk,High,Rainfall Deviation
Mothbeans,41.96,91.01,9.78,27.95,7.25,127.3,43.0,104.0,31.3,High Risk,High,Humidity Deviation
Mothbeans,21.27,30.66,27.73,28.63,6.77,111.8,48.1,81.2,81.7,Healthy,Low,Temperature Deviation
Mothbeans,20.8,28.73,51.0,12.91,6.12,77.3,45.0,41.9,77.8,Healthy,Low,Temperature Deviation
Mothbeans,23.07,15.0,13.54,29.45,7.99,32.9,88.6,19.1,57.9,At Risk,Moderate,Humidity Deviation
Mothbeans,28.39,50.71,49.35,22.26,6.98,130.2,82.3,67.9,98.0,Healthy,Low,Optimal Conditions
Mothbeans,29.64,24.24,15.49,18.14,7.14,75.0,66.7,28.1,79.2,Healthy,Low,Humidity Deviation
Mothbeans,27.67,32.52,40.78,18.55,6.9,95.2,28.8,68.1,97.0,Healthy,Low,Optimal Conditions
Mothbeans,33.38,39.84,42.12,16.11,7.73,120.1,86.5,104.7,98.0,Healthy,Low,Optimal Conditions
Mothbeans,41.62,15.56,0.48,49.69,7.1,94.7,58.2,52.6,6.0,High Risk,High,Rainfall Deviation
Mothbeans,28.48,44.62,28.11,19.07,7.03,62.3,18.6,44.0,98.0,Healthy,Low,Optimal Conditions
Mothbeans,36.27,15.87,60.68,17.16,7.64,95.8,36.0,20.7,76.6,Healthy,Low,Humidity Deviation
Mothbeans,32.36,53.98,57.03,6.7,8.19,48.1,82.8,94.6,98.0,Healthy,Low,Optimal Conditions
Mothbeans,39.34,11.65,149.17,40.34,7.71,69.1,71.9,82.4,18.6,High Risk,High,Rainfall Deviation
Mothbeans,31.64,27.6,13.28,23.0,7.83,48.6,23.6,82.2,79.4,Healthy,Low,Rainfall Deviation
Mothbeans,30.55,44.42,40.46,7.93,7.44,28.3,19.1,89.7,98.0,Healthy,Low,Optimal Conditions
Mothbeans,34.61,61.46,46.07,28.5,8.19,136.5,76.2,36.5,90.3,Healthy,Low,Humidity Deviation
Mothbeans,35.79,50.06,55.44,15.99,6.9,123.9,63.9,73.1,98.0,Healthy,Low,Optimal Conditions
Mothbeans,40.31,63.21,23.67,24.79,6.08,92.8,14.0,15.9,78.4,Healthy,Low,Humidity Deviation
Mothbeans,22.39,93.17,4.76,52.13,7.87,26.0,24.2,75.1,5.0,High Risk,High,Humidity Deviation
Mothbeans,16.62,11.75,145.66,48.99,7.77,81.8,54.1,35.5,5.0,High Risk,High,Rainfall Deviation
Mothbeans,30.57,18.77,40.92,19.8,7.97,130.3,15.2,70.5,80.5,Healthy,Low,Humidity Deviation
Mothbeans,21.41,24.75,12.01,24.53,6.19,129.7,49.8,113.0,61.2,At Risk,Moderate,Rainfall Deviation
Mothbeans,38.45,58.96,19.54,18.56,6.19,87.9,86.9,44.8,91.4,Healthy,Low,Humidity Deviation
Mothbeans,14.92,97.52,0.93,32.71,7.03,70.9,73.5,108.2,5.0,High Risk,High,Temperature Deviation
Mothbeans,33.3,46.03,27.1,9.89,6.05,56.5,18.4,109.3,98.0,Healthy,Low,Optimal Conditions
Mothbeans,48.78,17.43,106.02,56.6,6.55,56.8,27.3,116.4,5.0,High Risk,High,Temperature Deviation
Mothbeans,37.63,47.76,27.06,13.31,8.21,87.4,20.6,45.1,98.0,Healthy,Low,Optimal Conditions
Mothbeans,26.64,41.55,46.44,10.74,7.11,58.5,89.6,76.6,98.0,Healthy,Low,Optimal Conditions
Mothbeans,42.46,21.41,6.06,38.02,7.47,29.3,88.2,25.7,36.9,High Risk,High,Rainfall Deviation
Mothbeans,36.88,35.3,47.33,10.83,7.79,99.7,57.8,105.9,98.0,Healthy,Low,Optimal Conditions
Mothbeans,26.9,50.74,45.4,18.89,7.1,86.0,59.9,33.5,98.0,Healthy,Low,Optimal Conditions
Mothbeans,28.3,42.72,39.51,11.97,7.98,36.1,39.5,114.3,98.0,Healthy,Low,Optimal Conditions
Mothbeans,21.73,21.9,38.77,14.38,7.78,86.9,42.3,97.2,72.8,At Risk,Moderate,Humidity Deviation
Mothbeans,49.44,12.75,7.95,29.52,7.87,46.5,86.1,26.1,7.2,High Risk,High,Temperature Deviation
Mothbeans,42.9,17.09,7.21,53.89,6.9,35.8,13.2,65.3,11.5,High Risk,High,Wind Force
Mothbeans,26.62,62.05,67.9,27.33,6.96,102.0,32.5,37.5,84.2,Healthy,Low,Humidity Deviation
Mothbeans,35.67,20.11,54.41,10.43,6.52,62.5,46.5,85.8,82.1,Healthy,Low,Humidity Deviation
Mothbeans,31.04,40.6,46.17,20.1,6.63,118.7,70.4,79.8,98.0,Healthy,Low,Optimal Conditions
Mothbeans,34.91,35.39,31.19,17.93,6.58,95.6,48.3,60.0,98.0,Healthy,Low,Optimal Conditions
Mothbeans,41.38,22.27,57.44,27.82,8.19,86.6,74.8,59.2,71.2,At Risk,Moderate,Humidity Deviation
Mothbeans,25.05,27.21,47.91,30.17,6.8,104.2,20.0,73.9,90.6,Healthy,Low,Humidity Deviation
Mothbeans,37.36,37.72,25.4,16.57,6.78,50.6,26.8,41.6,98.0,Healthy,Low,Optimal Conditions
Mothbeans,39.85,91.72,123.35,50.51,8.25,79.4,73.0,16.2,5.0,High Risk,High,Rainfall Deviation
Mothbeans,22.84,14.42,105.35,55.63,8.39,57.5,45.0,82.8,12.5,High Risk,High,Rainfall Deviation
Mothbeans,38.05,89.42,2.38,56.46,6.35,92.1,59.4,18.9,9.0,High Risk,High,Humidity Deviation
Mothbeans,23.5,34.8,67.13,12.28,7.4,100.6,83.2,102.5,89.8,Healthy,Low,Temperature Deviation
Mothbeans,29.06,40.92,30.01,9.64,7.84,33.9,68.8,35.4,98.0,Healthy,Low,Optimal Conditions
Mothbeans,27.56,63.09,40.38,13.07,6.47,75.3,88.4,115.0,87.9,Healthy,Low,Humidity Deviation
Mothbeans,23.41,96.9,7.56,35.63,7.1,76.9,88.0,64.9,36.7,High Risk,High,Humidity Deviation
Mothbeans,29.69,52.72,35.4,16.78,6.62,71.5,55.9,74.3,98.0,Healthy,Low,Optimal Conditions
Mothbeans,25.96,59.68,49.11,22.92,7.86,22.8,19.2,31.6,93.0,Healthy,Low,Humidity Deviation
Mothbeans,25.39,53.41,26.49,6.1,7.18,132.9,87.2,86.0,98.0,Healthy,Low,Optimal Conditions
Mothbeans,25.05,41.7,25.02,16.33,8.42,30.0,41.8,109.8,98.0,Healthy,Low,Optimal Conditions
Mothbeans,30.32,69.59,15.64,18.29,6.41,81.2,54.2,26.6,70.5,At Risk,Moderate,Humidity Deviation
Mothbeans,35.7,31.96,14.39,10.63,6.49,74.6,43.9,98.6,86.5,Healthy,Low,Rainfall Deviation
Mothbeans,35.08,36.93,38.95,17.98,7.03,135.6,60.5,94.4,98.0,Healthy,Low,Optimal Conditions
Mothbeans,25.56,28.7,61.57,25.54,6.44,86.2,66.8,74.6,91.4,Healthy,Low,Humidity Deviation
Mothbeans,15.0,95.42,6.48,25.92,6.88,137.5,82.2,30.9,6.4,High Risk,High,Humidity Deviation
Mothbeans,47.24,88.2,3.83,57.82,8.07,73.1,57.6,40.1,5.0,High Risk,High,Temperature Deviation
Mothbeans,26.89,36.44,49.99,7.81,6.28,54.2,84.7,43.8,98.0,Healthy,Low,Optimal Conditions
Mothbeans,22.13,60.2,18.92,21.99,7.27,68.1,44.7,83.6,80.3,Healthy,Low,Temperature Deviation
Mothbeans,43.63,94.49,7.51,43.37,6.11,98.6,13.4,21.0,8.1,High Risk,High,Humidity Deviation
Mothbeans,31.61,67.88,56.64,28.85,6.7,56.2,18.2,104.9,80.7,Healthy,Low,Humidity Deviation
Mothbeans,11.85,17.06,90.81,27.63,6.06,80.9,82.6,25.8,17.9,High Risk,High,Temperature Deviation
Mothbeans,25.75,42.24,35.76,19.75,8.06,63.9,40.5,58.7,98.0,Healthy,Low,Optimal Conditions
Mothbeans,32.43,19.93,51.45,29.69,7.55,94.4,69.8,94.8,81.9,Healthy,Low,Humidity Deviation
Mothbeans,41.45,89.89,2.64,53.96,7.34,96.6,61.7,115.2,5.0,High Risk,High,Humidity Deviation
Mothbeans,51.03,89.97,128.26,50.09,7.12,66.6,60.5,20.5,5.0,High Risk,High,Temperature Deviation
Mothbeans,24.61,68.1,21.85,24.52,7.61,99.1,63.9,99.2,79.0,Healthy,Low,Humidity Deviation
Mothbeans,44.72,27.18,47.56,21.79,6.16,123.9,46.5,109.4,63.7,At Risk,Moderate,Temperature Deviation
Mothbeans,30.32,39.88,45.77,13.23,8.28,71.5,61.8,89.3,98.0,Healthy,Low,Optimal Conditions
Mothbeans,36.45,42.62,45.49,14.24,7.05,42.0,57.4,54.4,98.0,Healthy,Low,Optimal Conditions
Mothbeans,31.41,48.54,49.18,11.41,6.3,115.0,63.6,99.1,98.0,Healthy,Low,Optimal Conditions
Mothbeans,36.82,40.25,31.59,13.05,8.49,44.3,77.1,15.2,98.0,Healthy,Low,Optimal Conditions
Mothbeans,29.5,47.97,24.55,6.93,6.37,99.5,19.2,56.8,98.0,Healthy,Low,Optimal Conditions
Mothbeans,29.97,49.28,31.11,14.26,6.62,108.5,72.2,47.6,98.0,Healthy,Low,Optimal Conditions
Mothbeans,26.68,44.82,35.28,10.18,7.45,39.4,46.5,36.4,98.0,Healthy,Low,Optimal Conditions
Mothbeans,48.19,89.32,8.2,34.56,8.17,29.8,30.3,91.4,5.0,High Risk,High,Temperature Deviation
Mothbeans,32.16,40.54,34.45,14.1,7.98,127.0,38.7,81.2,98.0,Healthy,Low,Optimal Conditions
Mothbeans,37.5,24.33,45.73,31.51,8.3,84.4,78.8,95.9,87.2,Healthy,Low,Humidity Deviation
Mothbeans,11.85,22.34,3.1,39.19,6.54,41.4,54.6,36.4,8.9,High Risk,High,Temperature Deviation
Mothbeans,33.15,43.04,28.11,10.75,7.45,91.9,81.8,112.7,98.0,Healthy,Low,Optimal Conditions
Mothbeans,31.37,43.91,50.69,7.89,6.57,39.0,68.6,38.9,98.0,Healthy,Low,Optimal Conditions
Mothbeans,28.38,54.65,45.92,9.28,6.29,72.6,24.5,32.6,98.0,Healthy,Low,Optimal Conditions
Mothbeans,37.56,43.0,28.41,9.93,7.19,28.6,34.4,30.0,98.0,Healthy,Low,Optimal Conditions
Mothbeans,36.82,40.68,28.37,15.51,6.14,136.8,88.8,95.3,98.0,Healthy,Low,Optimal Conditions
Mothbeans,20.47,94.97,0.14,46.51,6.94,127.9,57.2,113.3,5.0,High Risk,High,Humidity Deviation
Mothbeans,30.13,54.3,49.16,12.78,7.8,67.6,70.7,37.0,98.0,Healthy,Low,Optimal Conditions
Mothbeans,38.91,14.17,145.71,42.23,7.87,64.4,45.3,23.7,20.5,High Risk,High,Rainfall Deviation
Mothbeans,26.37,44.63,57.55,17.17,7.09,56.1,36.4,64.6,98.0,Healthy,Low,Optimal Conditions
Mothbeans,29.4,44.85,53.64,6.43,7.01,42.8,61.0,74.9,98.0,Healthy,Low,Optimal Conditions
Mothbeans,39.17,61.97,53.42,13.52,6.55,108.1,40.2,42.6,84.9,Healthy,Low,Humidity Deviation
Mothbeans,25.37,74.64,32.62,14.97,6.98,33.0,69.9,117.0,70.5,At Risk,Moderate,Humidity Deviation
Mothbeans,16.43,14.68,137.36,30.69,6.57,61.1,86.0,111.0,5.6,High Risk,High,Rainfall Deviation
Mothbeans,29.37,41.93,28.46,11.53,7.87,31.9,63.7,42.4,98.0,Healthy,Low,Optimal Conditions
Mothbeans,28.19,73.68,46.2,11.82,8.07,25.0,10.3,94.3,72.0,At Risk,Moderate,Humidity Deviation
Mothbeans,21.79,56.9,11.88,18.4,6.16,74.1,88.4,45.8,71.7,At Risk,Moderate,Rainfall Deviation
Mothbeans,33.76,31.68,20.36,20.18,7.76,125.2,80.9,32.1,96.0,Healthy,Low,Optimal Conditions
Mothbeans,21.01,57.79,19.57,21.61,8.2,32.9,77.8,97.8,81.1,Healthy,Low,Temperature Deviation
Mothbeans,13.29,98.26,3.52,31.68,7.94,35.9,11.8,51.9,5.0,High Risk,High,Temperature Deviation
Mothbeans,32.76,64.59,47.57,22.0,6.22,59.0,21.3,74.0,85.6,Healthy,Low,Humidity Deviation
Mothbeans,43.99,15.0,60.24,12.36,8.09,22.5,88.6,70.1,51.9,At Risk,Moderate,Humidity Deviation
Mothbeans,32.88,40.68,24.31,8.78,8.1,49.6,42.9,72.7,98.0,Healthy,Low,Optimal Conditions
Mothbeans,39.7,15.75,0.59,39.02,6.6,106.7,73.1,40.3,30.1,High Risk,High,Rainfall Deviation
Mothbeans,32.28,50.05,58.37,9.51,8.28,41.8,13.3,98.2,98.0,Healthy,Low,Optimal Conditions
Mothbeans,32.6,35.11,24.07,24.77,7.78,92.3,14.4,53.5,98.0,Healthy,Low,Optimal Conditions
Mothbeans,22.67,23.61,65.64,11.66,8.09,134.0,54.9,72.9,74.4,At Risk,Moderate,Humidity Deviation
Mothbeans,40.93,22.73,53.09,31.28,7.76,94.7,83.8,68.8,73.6,At Risk,Moderate,Humidity Deviation
Mothbeans,31.94,69.1,64.38,19.55,6.53,89.7,84.5,33.6,75.9,Healthy,Low,Humidity Deviation
Mothbeans,42.15,24.46,9.27,27.51,7.56,123.8,44.8,65.4,52.0,At Risk,Moderate,Rainfall Deviation
Mothbeans,44.43,19.28,9.99,58.59,8.38,133.5,81.1,34.4,12.9,High Risk,High,Temperature Deviation
Mothbeans,25.08,98.39,6.06,45.68,7.76,37.0,69.9,50.8,24.6,High Risk,High,Humidity Deviation
Mothbeans,31.13,50.66,36.36,13.18,6.6,58.1,85.3,111.5,98.0,Healthy,Low,Optimal Conditions
Mothbeans,20.68,93.46,5.16,46.81,6.65,83.8,78.2,73.3,6.2,High Risk,High,Humidity Deviation
Mothbeans,21.37,26.54,15.18,11.73,8.06,87.1,70.0,18.5,68.7,At Risk,Moderate,Temperature Deviation
Mothbeans,36.75,49.16,50.65,12.07,7.86,100.7,20.7,24.6,98.0,Healthy,Low,Optimal Conditions
Mothbeans,26.03,46.56,58.61,16.6,7.86,119.6,82.1,46.9,98.0,Healthy,Low,Optimal Conditions
Mothbeans,34.77,43.54,57.82,19.0,8.44,113.0,59.0,95.5,98.0,Healthy,Low,Optimal Conditions
Mothbeans,25.03,44.22,45.59,17.58,6.13,25.5,84.9,36.1,98.0,Healthy,Low,Optimal Conditions
Mothbeans,28.3,29.63,43.68,29.84,6.06,37.1,25.4,21.3,93.6,Healthy,Low,Humidity Deviation
Mothbeans,35.62,45.54,44.22,7.34,6.7,130.1,26.8,110.2,98.0,Healthy,Low,Optimal Conditions
Mothbeans,22.51,61.49,38.17,19.6,7.04,126.8,79.5,112.1,81.5,Healthy,Low,Humidity Deviation
Mothbeans,33.61,48.44,34.4,6.42,6.26,121.1,37.3,108.5,98.0,Healthy,Low,Optimal Conditions
Mothbeans,27.63,42.86,48.96,14.3,6.38,137.7,88.3,43.5,98.0,Healthy,Low,Optimal Conditions
Mothbeans,20.25,67.11,34.05,25.13,8.33,68.7,15.5,37.9,65.2,At Risk,Moderate,Humidity Deviation
Mothbeans,13.7,93.18,5.29,34.46,7.4,122.6,78.3,32.9,5.0,High Risk,High,Temperature Deviation
Mothbeans,30.98,44.62,38.31,6.44,8.26,113.8,44.5,114.9,98.0,Healthy,Low,Optimal Conditions
Mothbeans,29.1,15.0,14.82,26.88,6.19,52.8,30.3,75.7,66.9,At Risk,Moderate,Humidity Deviation
Mothbeans,39.75,71.57,42.45,12.37,7.66,83.0,51.1,51.0,68.1,At Risk,Moderate,Humidity Deviation
Mothbeans,33.97,51.22,35.45,7.16,6.05,89.6,30.0,58.4,98.0,Healthy,Low,Optimal Conditions
Mothbeans,42.63,16.84,28.91,14.81,8.02,52.4,62.0,91.7,59.7,At Risk,Moderate,Humidity Deviation
Mothbeans,32.2,68.83,51.7,19.88,7.24,111.7,65.0,99.6,79.2,Healthy,Low,Humidity Deviation
Mothbeans,26.07,46.54,56.92,16.19,7.75,62.5,55.5,88.1,98.0,Healthy,Low,Optimal Conditions
Mothbeans,29.1,31.81,36.04,29.44,6.04,32.1,12.0,114.0,96.2,Healthy,Low,Optimal Conditions
Mothbeans,36.71,44.47,35.79,11.4,7.05,61.0,74.9,68.3,98.0,Healthy,Low,Optimal Conditions
Mothbeans,16.61,89.72,102.2,51.62,7.73,108.4,23.4,40.9,5.0,High Risk,High,Humidity Deviation
Mothbeans,37.42,68.44,44.24,20.64,6.16,117.9,31.5,74.6,79.8,Healthy,Low,Humidity Deviation
Mothbeans,29.25,32.65,26.34,11.41,6.07,94.1,23.7,30.6,97.2,Healthy,Low,Optimal Conditions
Mothbeans,28.01,49.91,45.97,19.44,7.01,23.2,77.7,27.9,98.0,Healthy,Low,Optimal Conditions
Mothbeans,33.2,44.23,47.68,7.91,7.46,74.5,57.0,107.6,98.0,Healthy,Low,Optimal Conditions
Mothbeans,32.23,52.32,28.16,31.38,7.21,125.5,68.7,33.8,98.0,Healthy,Low,Optimal Conditions
Mothbeans,47.58,23.12,116.41,28.42,7.2,77.9,69.1,119.5,9.8,High Risk,High,Temperature Deviation
Mothbeans,39.6,72.22,49.19,25.89,7.78,60.2,60.2,91.3,67.8,At Risk,Moderate,Humidity Deviation
Mothbeans,34.47,52.63,16.14,30.3,7.86,61.0,12.0,79.0,93.3,Healthy,Low,Rainfall Deviation
Mothbeans,25.75,50.1,59.07,16.21,6.28,64.1,29.9,54.3,98.0,Healthy,Low,Optimal Conditions
Mothbeans,41.79,75.13,25.75,16.85,6.67,35.0,53.7,43.7,54.7,At Risk,Moderate,Humidity Deviation
Mothbeans,25.1,45.62,47.86,18.91,6.49,130.3,38.9,99.3,98.0,Healthy,Low,Optimal Conditions
Mothbeans,27.4,16.31,6.91,41.64,7.59,67.2,89.8,36.7,44.7,High Risk,High,Rainfall Deviation
Mothbeans,25.12,52.41,26.29,8.7,6.52,137.5,78.2,93.7,98.0,Healthy,Low,Optimal Conditions
Mothbeans,25.09,54.36,28.13,5.99,6.95,53.4,85.5,17.9,98.0,Healthy,Low,Optimal Conditions
Mothbeans,16.61,13.85,142.82,39.46,8.45,61.0,20.5,107.0,5.0,High Risk,High,Rainfall Deviation
Mothbeans,18.4,22.23,8.49,43.51,7.38,126.6,29.3,21.7,28.7,High Risk,High,Temperature Deviation
Mothbeans,34.7,35.92,25.84,5.68,7.24,119.0,31.3,18.3,98.0,Healthy,Low,Optimal Conditions
Mothbeans,26.09,46.07,40.01,8.68,8.11,69.3,87.5,39.5,98.0,Healthy,Low,Optimal Conditions
Mothbeans,26.84,71.62,18.57,26.18,8.2,44.8,30.1,109.5,72.6,At Risk,Moderate,Humidity Deviation
Mothbeans,36.8,35.79,23.82,17.93,6.62,47.0,77.5,71.9,98.0,Healthy,Low,Optimal Conditions
Mothbeans,34.29,51.19,54.51,6.79,7.46,101.4,19.3,79.1,98.0,Healthy,Low,Optimal Conditions
Mothbeans,29.44,38.44,42.45,7.87,7.97,34.5,70.6,25.4,98.0,Healthy,Low,Optimal Conditions
Mothbeans,34.08,38.23,50.09,19.3,6.93,20.0,48.1,109.8,98.0,Healthy,Low,Optimal Conditions
Mothbeans,31.95,58.68,10.81,19.96,6.82,32.5,52.7,113.9,78.4,Healthy,Low,Rainfall Deviation
Mothbeans,13.31,20.66,136.65,40.63,7.86,127.3,15.5,68.7,5.0,High Risk,High,Temperature Deviation
Mothbeans,25.9,47.44,24.56,12.38,6.49,43.7,51.8,73.3,98.0,Healthy,Low,Optimal Conditions
Mothbeans,31.51,48.4,47.14,17.75,8.24,94.7,48.5,36.4,98.0,Healthy,Low,Optimal Conditions
Mothbeans,32.92,53.93,31.13,6.49,7.06,20.1,54.3,20.2,98.0,Healthy,Low,Optimal Conditions
Mothbeans,20.6,10.99,110.07,33.64,6.65,130.9,64.3,56.7,22.4,High Risk,High,Rainfall Deviation
Mothbeans,36.65,35.3,11.83,29.28,6.42,99.0,54.2,107.4,85.7,Healthy,Low,Rainfall Deviation
Mothbeans,27.49,37.44,33.1,10.08,6.22,81.7,19.3,22.8,98.0,Healthy,Low,Optimal Conditions
Mothbeans,37.08,42.93,31.35,12.23,6.39,68.7,25.2,47.0,98.0,Healthy,Low,Optimal Conditions
Mothbeans,21.01,17.0,146.59,32.93,8.4,33.8,58.7,91.6,24.4,High Risk,High,Rainfall Deviation
Mothbeans,29.93,43.73,45.88,12.68,6.48,127.1,39.2,55.2,98.0,Healthy,Low,Optimal Conditions
Mothbeans,31.05,24.92,57.03,29.16,7.41,68.8,13.0,26.7,87.9,Healthy,Low,Humidity Deviation
Mothbeans,32.7,55.29,37.73,15.14,6.94,21.5,73.8,87.4,98.0,Healthy,Low,Optimal Conditions
Mothbeans,31.37,49.57,46.66,9.81,6.92,38.5,21.0,57.5,98.0,Healthy,Low,Optimal Conditions
Mothbeans,40.94,54.44,28.37,29.69,7.42,39.7,89.4,67.7,88.2,Healthy,Low,Temperature Deviation
Mothbeans,29.28,37.42,22.96,11.76,8.38,34.8,82.2,98.7,98.0,Healthy,Low,Optimal Conditions
Mothbeans,43.96,90.1,1.05,59.15,6.19,43.6,38.2,52.8,5.0,High Risk,High,Humidity Deviation
Mothbeans,31.46,50.81,52.11,11.99,6.78,49.0,67.2,24.0,98.0,Healthy,Low,Optimal Conditions
Mothbeans,27.77,52.08,61.24,25.72,7.23,44.5,29.1,21.1,98.0,Healthy,Low,Optimal Conditions
Mothbeans,25.17,48.49,43.53,19.82,7.91,49.5,66.6,16.3,98.0,Healthy,Low,Optimal Conditions
Mothbeans,39.82,95.31,2.99,59.61,7.89,39.7,45.5,67.3,5.0,High Risk,High,Humidity Deviation
Mothbeans,26.1,46.39,53.4,13.58,7.58,90.9,46.5,30.5,98.0,Healthy,Low,Optimal Conditions
Mothbeans,29.26,40.88,40.86,11.31,7.59,120.8,13.9,63.6,98.0,Healthy,Low,Optimal Conditions
Mothbeans,36.83,45.89,55.37,15.05,6.34,121.6,35.4,93.1,98.0,Healthy,Low,Optimal Conditions
Mothbeans,41.72,53.87,59.66,15.03,6.09,52.9,60.3,16.6,85.1,Healthy,Low,Temperature Deviation
Mothbeans,30.32,38.52,45.27,7.62,8.48,72.3,21.9,22.8,98.0,Healthy,Low,Optimal Conditions
Mothbeans,35.52,43.78,25.64,12.33,6.84,80.2,41.3,83.0,98.0,Healthy,Low,Optimal Conditions
Mothbeans,41.54,11.17,2.2,46.25,7.74,20.3,79.6,91.3,9.2,High Risk,High,Rainfall Deviation
Mothbeans,36.98,38.21,41.1,28.8,7.03,117.1,37.7,20.5,98.0,Healthy,Low,Optimal Conditions
Mothbeans,27.51,36.82,45.08,14.15,6.06,43.7,43.6,53.6,98.0,Healthy,Low,Optimal Conditions
Mothbeans,30.12,21.55,27.73,31.02,8.32,130.8,85.2,67.5,83.9,Healthy,Low,Humidity Deviation
Mothbeans,15.67,13.55,119.1,37.37,6.57,59.6,23.6,112.1,5.0,High Risk,High,Rainfall Deviation
Mothbeans,25.43,50.95,50.89,25.41,7.35,124.2,28.2,80.1,98.0,Healthy,Low,Optimal Conditions
Mothbeans,22.54,11.26,4.89,57.78,7.32,94.5,36.2,79.6,11.5,High Risk,High,Humidity Deviation
Mothbeans,21.66,23.13,3.58,47.7,7.97,106.3,83.9,100.8,26.3,High Risk,High,Rainfall Deviation
Mothbeans,36.11,44.35,53.89,18.59,7.71,106.3,21.3,49.0,98.0,Healthy,Low,Optimal Conditions
Mothbeans,20.14,29.53,17.56,24.03,6.41,105.3,70.6,104.4,72.1,At Risk,Moderate,Temperature Deviation
Mothbeans,40.37,69.16,55.04,20.35,6.05,92.9,59.8,34.0,69.3,At Risk,Moderate,Humidity Deviation
Mothbeans,36.42,45.98,37.4,19.04,8.03,31.7,78.7,30.7,98.0,Healthy,Low,Optimal Conditions
Mothbeans,25.98,44.63,45.79,16.31,6.07,41.3,59.7,70.2,98.0,Healthy,Low,Optimal Conditions
Mothbeans,37.16,50.17,34.35,13.05,6.94,74.6,57.7,56.8,98.0,Healthy,Low,Optimal Conditions
Mothbeans,35.3,47.84,32.51,17.41,6.38,130.8,76.4,95.5,98.0,Healthy,Low,Optimal Conditions
Mothbeans,34.34,72.54,30.16,20.98,6.07,95.1,54.7,54.8,73.7,At Risk,Moderate,Humidity Deviation
Mothbeans,29.08,28.59,53.24,25.99,6.85,107.8,31.8,115.2,92.3,Healthy,Low,Humidity Deviation
Mothbeans,27.39,23.35,32.06,17.22,6.64,116.5,50.8,79.2,86.0,Healthy,Low,Humidity Deviation
Mothbeans,13.62,14.86,103.72,42.28,6.44,109.7,79.5,79.0,5.0,High Risk,High,Temperature Deviation
Mothbeans,36.91,18.79,60.41,25.11,8.03,60.8,27.7,51.5,80.3,Healthy,Low,Humidity Deviation
Mothbeans,37.57,49.79,28.54,8.84,8.48,112.2,44.1,36.7,98.0,Healthy,Low,Optimal Conditions
Mothbeans,33.7,50.6,24.31,5.04,6.89,100.1,83.9,107.4,98.0,Healthy,Low,Optimal Conditions
Mothbeans,33.42,50.5,14.74,24.12,7.84,24.5,57.5,94.8,90.8,Healthy,Low,Rainfall Deviation
Mothbeans,12.01,13.53,7.24,54.43,6.59,25.7,82.5,97.7,5.0,High Risk,High,Temperature Deviation
Mothbeans,42.42,31.58,34.52,11.65,8.4,100.0,25.1,81.4,78.2,Healthy,Low,Temperature Deviation
Mothbeans,23.65,65.43,40.47,29.98,8.19,28.8,57.3,25.9,79.6,Healthy,Low,Humidity Deviation
Mothbeans,32.94,46.45,23.75,10.4,6.79,61.1,36.7,101.6,98.0,Healthy,Low,Optimal Conditions
Mothbeans,29.3,35.59,51.62,14.9,6.85,74.2,73.5,51.1,98.0,Healthy,Low,Optimal Conditions
Mothbeans,33.73,61.63,66.24,23.82,8.02,124.4,47.5,85.7,85.9,Healthy,Low,Humidity Deviation
Mothbeans,31.45,39.25,24.58,19.95,8.49,45.6,81.8,109.2,98.0,Healthy,Low,Optimal Conditions
Mothbeans,17.79,89.59,137.28,40.34,7.91,41.5,43.4,21.6,5.0,High Risk,High,Rainfall Deviation
Mothbeans,31.84,42.62,48.78,19.8,8.15,73.0,40.2,76.4,98.0,Healthy,Low,Optimal Conditions
Mothbeans,37.84,54.62,56.92,14.93,7.26,104.8,35.2,104.5,98.0,Healthy,Low,Optimal Conditions
Mothbeans,35.45,52.35,26.81,12.18,8.23,135.1,74.9,113.8,98.0,Healthy,Low,Optimal Conditions
Mothbeans,49.42,94.36,124.76,39.76,8.02,104.8,40.8,50.9,5.0,High Risk,High,Temperature Deviation
Mothbeans,15.6,20.23,2.17,58.38,6.27,61.2,65.4,28.2,5.0,High Risk,High,Temperature Deviation
Mothbeans,36.07,50.24,31.28,10.35,7.26,107.8,22.2,70.4,98.0,Healthy,Low,Optimal Conditions
Mothbeans,30.17,38.82,32.36,9.97,7.93,51.8,63.1,71.0,98.0,Healthy,Low,Optimal Conditions
Mothbeans,41.18,17.59,5.38,37.92,8.03,42.8,16.0,70.3,36.4,High Risk,High,Rainfall Deviation
Mothbeans,25.91,47.61,52.78,12.91,6.13,65.3,30.1,30.6,98.0,Healthy,Low,Optimal Conditions
Mothbeans,31.49,33.48,22.6,21.47,8.29,51.9,27.0,117.4,98.0,Healthy,Low,Optimal Conditions
Mothbeans,28.03,59.93,22.39,17.14,7.88,131.4,88.8,42.5,92.6,Healthy,Low,Humidity Deviation
Mothbeans,43.18,59.6,39.24,11.13,7.24,133.8,86.1,118.4,72.4,At Risk,Moderate,Temperature Deviation
Mothbeans,24.43,65.46,22.94,15.59,8.12,137.6,25.5,81.8,82.3,Healthy,Low,Humidity Deviation
Mothbeans,31.32,46.44,41.55,16.42,8.43,30.3,64.7,69.9,98.0,Healthy,Low,Optimal Conditions
Mothbeans,33.61,52.72,44.42,17.31,6.74,72.5,23.9,75.1,98.0,Healthy,Low,Optimal Conditions
Mothbeans,21.77,30.08,41.46,21.78,7.15,53.1,50.6,62.9,82.8,Healthy,Low,Temperature Deviation
Mothbeans,36.05,40.41,43.9,17.96,8.45,92.3,51.6,103.3,98.0,Healthy,Low,Optimal Conditions
Mothbeans,33.19,36.28,46.4,16.94,6.16,121.8,19.9,33.5,98.0,Healthy,Low,Optimal Conditions
Mothbeans,49.68,90.94,124.48,50.6,6.63,67.2,84.3,23.0,5.0,High Risk,High,Temperature Deviation
Mothbeans,37.54,52.5,52.02,10.0,6.94,127.7,88.0,21.4,98.0,Healthy,Low,Optimal Conditions
Mothbeans,33.98,49.52,48.25,29.55,7.51,62.9,73.4,84.7,98.0,Healthy,Low,Optimal Conditions
Mothbeans,36.29,17.5,30.94,22.37,8.29,46.9,27.7,111.0,79.0,Healthy,Low,Humidity Deviation
Mothbeans,17.93,88.68,137.38,57.43,6.71,103.3,78.0,68.1,5.0,High Risk,High,Rainfall Deviation
Mothbeans,30.87,25.57,63.91,19.74,6.42,54.3,77.8,31.8,86.1,Healthy,Low,Humidity Deviation
Mothbeans,34.71,25.75,41.13,14.52,6.33,40.2,57.7,38.4,88.9,Healthy,Low,Humidity Deviation
Mothbeans,36.05,38.51,53.05,16.63,8.08,61.6,47.8,89.2,98.0,Healthy,Low,Optimal Conditions
Mothbeans,33.63,37.4,31.52,17.15,7.59,94.6,28.2,85.1,98.0,Healthy,Low,Optimal Conditions
Mothbeans,37.54,40.05,53.07,18.8,6.43,21.2,79.9,95.2,98.0,Healthy,Low,Optimal Conditions
Mungbean,33.13,66.21,58.45,19.2,7.04,73.1,11.1,115.0,98.0,Healthy,Low,Optimal Conditions
Mungbean,27.26,64.59,40.21,13.14,6.07,22.7,61.3,78.3,98.0,Healthy,Low,Optimal Conditions
Mungbean,37.06,38.37,64.06,15.2,7.53,117.2,54.9,60.9,77.8,Healthy,Low,Humidity Deviation
Mungbean,26.64,59.95,45.7,15.15,5.77,23.2,50.8,42.9,98.0,Healthy,Low,Optimal Conditions
Mungbean,24.69,83.89,43.81,27.4,7.71,37.6,60.3,38.9,79.2,Healthy,Low,Humidity Deviation
Mungbean,24.5,91.88,106.87,22.49,6.18,115.2,40.0,110.8,53.7,At Risk,Moderate,Humidity Deviation
Mungbean,41.61,82.56,44.3,10.24,6.16,46.6,30.0,25.1,54.7,At Risk,Moderate,Temperature Deviation
Mungbean,42.49,19.8,0.88,38.67,6.56,34.7,73.8,15.4,5.0,High Risk,High,Rainfall Deviation
Mungbean,24.8,64.24,68.67,9.7,7.32,49.8,35.1,99.7,98.0,Healthy,Low,Optimal Conditions
Mungbean,31.26,37.52,28.63,19.6,6.81,140.0,11.6,83.9,75.1,Healthy,Low,Humidity Deviation
Mungbean,15.69,98.31,2.1,56.47,6.9,45.2,26.3,67.2,5.0,High Risk,High,Humidity Deviation
Mungbean,32.48,31.75,98.17,14.34,7.17,30.6,63.8,91.2,69.0,At Risk,Moderate,Humidity Deviation
Mungbean,29.79,45.25,68.55,16.02,6.76,112.5,69.6,34.4,94.3,Healthy,Low,Humidity Deviation
Mungbean,24.1,34.83,52.9,26.66,6.25,49.2,34.3,31.9,81.8,Healthy,Low,Humidity Deviation
Mungbean,26.82,63.2,64.5,10.11,6.15,94.9,20.5,30.4,98.0,Healthy,Low,Optimal Conditions
Mungbean,30.24,64.57,67.48,10.68,7.21,45.4,49.5,79.6,98.0,Healthy,Low,Optimal Conditions
Mungbean,35.49,79.6,26.36,26.99,7.61,60.5,87.4,71.3,71.7,At Risk,Moderate,Humidity Deviation
Mungbean,27.79,65.32,47.95,6.97,7.11,55.9,59.1,48.1,98.0,Healthy,Low,Optimal Conditions
Mungbean,34.07,74.9,58.18,23.42,6.84,40.2,10.6,32.7,92.6,Healthy,Low,Humidity Deviation
Mungbean,39.15,41.99,41.55,17.61,7.76,85.1,23.9,55.9,73.8,At Risk,Moderate,Temperature Deviation
Mungbean,46.44,98.48,1.66,44.81,6.49,131.7,42.5,87.8,5.0,High Risk,High,Temperature Deviation
Mungbean,34.28,82.9,76.67,30.61,6.26,108.0,61.8,76.6,80.7,Healthy,Low,Humidity Deviation
Mungbean,38.27,69.58,56.38,31.3,7.3,55.0,84.0,75.2,86.9,Healthy,Low,Temperature Deviation
Mungbean,29.06,58.12,77.41,17.3,5.77,21.2,15.5,79.1,98.0,Healthy,Low,Optimal Conditions
Mungbean,21.53,16.76,151.29,43.3,6.83,100.8,44.5,111.1,13.3,High Risk,High,Rainfall Deviation
Mungbean,17.02,20.94,8.41,45.49,6.04,24.7,29.5,31.6,5.0,High Risk,High,Humidity Deviation
Mungbean,32.56,60.86,66.76,7.45,6.29,27.2,89.8,25.8,98.0,Healthy,Low,Optimal Conditions
Mungbean,30.76,56.64,75.5,17.47,7.7,108.2,20.5,21.7,98.0,Healthy,Low,Optimal Conditions
Mungbean,32.82,63.14,79.24,14.65,6.27,30.7,39.2,36.0,98.0,Healthy,Low,Optimal Conditions
Mungbean,38.11,90.35,35.7,24.04,7.13,51.0,14.1,26.0,53.2,At Risk,Moderate,Humidity Deviation
Mungbean,36.8,20.02,179.98,34.49,6.25,22.8,23.2,100.6,22.8,High Risk,High,Rainfall Deviation
Mungbean,24.26,62.68,43.56,10.57,5.7,63.5,35.4,79.3,98.0,Healthy,Low,Optimal Conditions
Mungbean,30.94,27.08,33.87,26.06,7.54,107.2,35.0,32.8,67.1,At Risk,Moderate,Humidity Deviation
Mungbean,34.6,51.89,57.63,6.52,7.53,86.4,24.1,115.8,98.0,Healthy,Low,Optimal Conditions
Mungbean,42.35,89.0,2.57,44.03,7.31,93.3,74.9,25.8,5.0,High Risk,High,Rainfall Deviation
Mungbean,26.78,50.13,73.2,7.01,6.44,124.0,67.7,74.6,98.0,Healthy,Low,Optimal Conditions
Mungbean,29.67,51.12,69.09,8.56,6.8,31.3,66.9,109.1,98.0,Healthy,Low,Optimal Conditions
Mungbean,38.25,42.56,99.15,23.25,6.09,38.9,46.8,35.4,68.5,At Risk,Moderate,Temperature Deviation
Mungbean,32.74,52.12,52.15,10.95,6.22,105.0,47.5,114.4,98.0,Healthy,Low,Optimal Conditions
Mungbean,34.18,61.37,61.55,8.52,7.88,58.2,53.7,113.6,98.0,Healthy,Low,Optimal Conditions
Mungbean,23.1,92.25,4.22,59.7,7.57,120.2,68.1,51.8,7.2,High Risk,High,Humidity Deviation
Mungbean,14.88,16.94,168.44,57.62,6.94,49.0,88.1,83.4,5.0,High Risk,High,Rainfall Deviation
Mungbean,31.12,68.39,50.82,13.58,7.18,99.9,15.2,34.9,98.0,Healthy,Low,Optimal Conditions
Mungbean,32.97,83.0,75.71,24.41,7.95,88.4,53.5,50.5,80.5,Healthy,Low,Humidity Deviation
Mungbean,39.54,32.78,43.92,24.84,7.5,119.6,81.9,79.0,61.2,At Risk,Moderate,Humidity Deviation
Mungbean,24.99,64.45,45.65,18.03,6.63,125.1,51.5,62.6,98.0,Healthy,Low,Optimal Conditions
Mungbean,24.67,50.23,60.35,18.52,7.05,123.5,90.0,33.8,98.0,Healthy,Low,Optimal Conditions
Mungbean,24.11,50.92,23.85,23.46,7.65,25.5,38.3,41.0,85.9,Healthy,Low,Rainfall Deviation
Mungbean,22.46,79.41,54.04,23.74,6.81,127.8,87.3,39.7,80.5,Healthy,Low,Humidity Deviation
Mungbean,33.51,54.86,73.91,9.52,5.74,70.6,13.2,36.8,98.0,Healthy,Low,Optimal Conditions
Mungbean,32.57,86.42,78.55,15.59,6.74,113.2,45.8,70.0,75.4,Healthy,Low,Humidity Deviation
Mungbean,29.34,65.2,76.88,12.44,6.04,112.9,70.7,86.0,98.0,Healthy,Low,Optimal Conditions
Mungbean,19.07,36.22,90.48,21.01,7.76,115.0,54.4,98.0,61.0,At Risk,Moderate,Temperature Deviation
Mungbean,26.21,64.01,40.23,5.07,6.57,124.0,88.5,83.2,98.0,Healthy,Low,Optimal Conditions
Mungbean,40.13,90.78,180.51,54.46,5.91,23.2,71.9,99.0,5.0,High Risk,High,Rainfall Deviation
Mungbean,27.45,41.36,82.53,16.21,7.18,105.0,11.4,85.3,88.4,Healthy,Low,Humidity Deviation
Mungbean,34.55,61.52,45.07,5.79,7.72,122.1,44.7,24.2,98.0,Healthy,Low,Optimal Conditions
Mungbean,32.37,63.23,74.61,16.27,6.46,60.9,61.8,47.6,98.0,Healthy,Low,Optimal Conditions
Mungbean,34.06,16.05,129.33,52.39,7.46,110.1,36.1,16.9,20.3,High Risk,High,Humidity Deviation
Mungbean,40.05,20.39,139.68,59.27,7.69,25.7,13.7,101.0,5.0,High Risk,High,Humidity Deviation
Mungbean,33.37,68.49,40.95,8.3,5.75,28.7,52.7,91.7,98.0,Healthy,Low,Optimal Conditions
Mungbean,24.42,48.38,85.73,28.7,7.0,127.5,73.4,81.1,95.2,Healthy,Low,Optimal Conditions
Mungbean,35.35,60.99,58.27,18.0,7.25,47.6,35.8,63.5,98.0,Healthy,Low,Optimal Conditions
Mungbean,34.27,45.13,56.7,13.81,7.29,98.5,59.7,58.3,94.2,Healthy,Low,Humidity Deviation
Mungbean,17.77,15.67,181.56,45.73,7.27,107.9,49.0,28.2,5.0,High Risk,High,Rainfall Deviation
Mungbean,18.97,16.83,0.34,32.76,6.26,89.7,87.5,98.3,17.7,High Risk,High,Rainfall Deviation
Mungbean,26.97,48.46,101.74,30.4,5.93,49.8,15.1,101.3,87.3,Healthy,Low,Rainfall Deviation
Mungbean,28.51,55.39,77.21,14.13,7.54,92.3,59.0,55.2,98.0,Healthy,Low,Optimal Conditions
Mungbean,27.83,55.9,67.65,11.34,6.97,112.5,31.3,59.5,98.0,Healthy,Low,Optimal Conditions
Mungbean,20.23,34.71,89.27,16.26,6.84,63.2,67.1,79.0,63.8,At Risk,Moderate,Humidity Deviation
Mungbean,30.95,50.06,66.84,16.73,5.72,99.3,54.0,44.7,98.0,Healthy,Low,Optimal Conditions
Mungbean,34.53,59.63,58.32,17.7,6.58,116.7,55.4,37.1,98.0,Healthy,Low,Optimal Conditions
Mungbean,24.25,58.8,77.47,14.48,7.03,124.4,19.8,98.6,98.0,Healthy,Low,Optimal Conditions
Mungbean,34.61,42.12,93.1,18.72,7.97,121.6,70.2,29.2,84.0,Healthy,Low,Humidity Deviation
Mungbean,31.05,63.23,45.9,17.81,7.71,70.0,58.6,68.6,98.0,Healthy,Low,Optimal Conditions
Mungbean,24.99,65.6,59.53,14.16,7.11,65.6,12.4,97.6,98.0,Healthy,Low,Optimal Conditions
Mungbean,16.6,63.6,67.68,28.68,6.88,45.8,25.7,20.2,74.1,At Risk,Moderate,Temperature Deviation
Mungbean,34.72,65.96,78.5,7.33,6.96,131.9,62.8,17.1,98.0,Healthy,Low,Optimal Conditions
Mungbean,28.64,57.69,75.59,16.7,6.0,30.7,79.4,62.2,98.0,Healthy,Low,Optimal Conditions
Mungbean,33.88,64.41,46.56,14.09,6.78,50.8,57.3,61.2,98.0,Healthy,Low,Optimal Conditions
Mungbean,24.02,39.96,83.17,26.28,7.66,44.3,27.9,75.6,86.4,Healthy,Low,Humidity Deviation
Mungbean,27.26,66.25,53.37,5.17,7.2,41.7,25.7,16.7,98.0,Healthy,Low,Optimal Conditions
Mungbean,27.21,82.99,58.06,10.97,7.66,69.2,39.0,79.3,80.5,Healthy,Low,Humidity Deviation
Mungbean,29.98,66.71,57.02,12.77,6.08,108.4,55.0,72.9,98.0,Healthy,Low,Optimal Conditions
Mungbean,34.09,56.89,78.45,10.13,7.77,87.0,15.1,115.2,98.0,Healthy,Low,Optimal Conditions
Mungbean,32.95,61.31,49.77,7.1,6.24,85.4,50.6,43.3,98.0,Healthy,Low,Optimal Conditions
Mungbean,27.86,53.18,60.25,11.5,6.73,51.3,17.5,76.6,98.0,Healthy,Low,Optimal Conditions
Mungbean,23.51,22.82,186.15,36.74,6.92,44.6,79.9,108.4,25.7,High Risk,High,Rainfall Deviation
Mungbean,16.13,17.12,2.41,31.73,7.45,116.7,68.8,63.6,9.6,High Risk,High,Rainfall Deviation
Mungbean,34.59,65.42,71.04,14.37,6.35,42.0,19.0,80.4,98.0,Healthy,Low,Optimal Conditions
Mungbean,28.13,66.39,51.6,8.99,7.35,82.5,55.0,28.5,98.0,Healthy,Low,Optimal Conditions
Mungbean,28.06,69.4,41.66,17.83,5.99,138.5,25.4,45.4,98.0,Healthy,Low,Optimal Conditions
Mungbean,41.84,88.99,2.99,44.04,6.97,76.5,82.1,40.4,5.0,High Risk,High,Rainfall Deviation
Mungbean,30.1,58.61,26.97,21.71,5.93,44.3,67.8,46.9,88.6,Healthy,Low,Rainfall Deviation
Mungbean,28.72,50.35,40.32,12.63,7.0,127.6,33.2,84.2,98.0,Healthy,Low,Optimal Conditions
Mungbean,33.18,54.12,64.35,12.86,6.96,50.4,54.7,78.3,98.0,Healthy,Low,Optimal Conditions
Mungbean,30.97,53.83,60.5,15.75,6.55,69.3,23.1,79.7,98.0,Healthy,Low,Optimal Conditions
Mungbean,29.51,54.21,47.77,6.44,6.52,124.1,58.4,96.8,98.0,Healthy,Low,Optimal Conditions
Mungbean,27.45,57.77,74.4,14.97,6.83,56.1,70.8,108.3,98.0,Healthy,Low,Optimal Conditions
Mungbean,38.29,46.7,33.84,27.61,6.06,65.8,51.5,17.5,77.5,Healthy,Low,Temperature Deviation
Mungbean,42.03,87.55,34.74,11.62,7.0,70.3,70.9,46.9,41.0,High Risk,High,Temperature Deviation
Mungbean,39.48,10.63,168.73,49.36,7.45,62.5,88.9,76.7,5.0,High Risk,High,Rainfall Deviation
Mungbean,28.01,61.65,78.22,15.24,5.72,100.3,62.4,105.5,98.0,Healthy,Low,Optimal Conditions
Mungbean,32.88,67.51,72.08,11.16,7.29,118.1,85.7,50.1,98.0,Healthy,Low,Optimal Conditions
Mungbean,32.32,51.95,62.51,17.91,6.21,66.6,75.9,67.7,98.0,Healthy,Low,Optimal Conditions
Mungbean,24.92,61.14,40.87,10.1,7.11,20.7,79.4,115.5,98.0,Healthy,Low,Optimal Conditions
Mungbean,24.45,55.6,66.52,5.64,7.66,116.4,47.0,95.9,98.0,Healthy,Low,Optimal Conditions
Mungbean,34.52,59.96,79.41,12.9,7.33,116.0,73.3,92.4,98.0,Healthy,Low,Optimal Conditions
Mungbean,28.5,60.84,68.33,10.94,6.98,70.9,67.1,23.3,98.0,Healthy,Low,Optimal Conditions
Mungbean,27.2,44.89,24.49,20.93,7.21,114.7,34.5,59.6,80.3,Healthy,Low,Rainfall Deviation
Mungbean,33.91,73.32,89.9,12.16,6.07,68.9,33.6,118.0,90.1,Healthy,Low,Optimal Conditions
Mungbean,11.85,89.04,152.53,58.13,7.07,55.4,38.4,36.6,5.0,High Risk,High,Temperature Deviation
Mungbean,25.86,59.35,41.08,19.09,6.99,40.8,43.3,54.5,98.0,Healthy,Low,Optimal Conditions
Mungbean,9.56,17.54,180.96,50.05,7.07,29.9,70.3,52.2,5.0,High Risk,High,Temperature Deviation
Mungbean,32.99,62.72,68.9,9.59,7.42,53.0,64.4,37.9,98.0,Healthy,Low,Optimal Conditions
Mungbean,23.8,53.63,67.85,19.46,7.01,68.7,18.0,102.6,98.0,Healthy,Low,Optimal Conditions
Mungbean,25.18,78.69,87.31,18.77,6.08,105.7,45.5,103.3,83.3,Healthy,Low,Humidity Deviation
Mungbean,28.22,53.23,67.76,10.06,6.66,61.9,77.3,74.2,98.0,Healthy,Low,Optimal Conditions
Mungbean,17.35,82.76,72.41,10.64,6.23,115.3,57.8,52.9,57.6,At Risk,Moderate,Temperature Deviation
Mungbean,32.8,59.16,64.47,5.19,6.69,21.9,73.0,41.2,98.0,Healthy,Low,Optimal Conditions
Mungbean,34.19,50.36,47.91,8.61,7.59,105.2,87.4,88.0,98.0,Healthy,Low,Optimal Conditions
Mungbean,25.84,65.11,76.04,18.68,7.47,115.3,63.0,92.3,98.0,Healthy,Low,Optimal Conditions
Mungbean,27.62,59.16,66.57,11.27,6.56,87.6,41.6,22.6,98.0,Healthy,Low,Optimal Conditions
Mungbean,44.2,12.05,184.26,53.57,7.28,94.2,35.3,107.1,5.0,High Risk,High,Rainfall Deviation
Mungbean,27.58,84.1,37.04,23.73,6.54,125.3,29.2,44.5,76.3,Healthy,Low,Humidity Deviation
Mungbean,24.63,39.57,83.68,24.46,7.65,107.0,18.3,30.9,85.6,Healthy,Low,Humidity Deviation
Mungbean,27.1,50.08,64.39,5.4,6.73,79.2,61.6,40.1,98.0,Healthy,Low,Optimal Conditions
Mungbean,38.7,21.26,8.95,44.17,6.41,96.4,67.2,82.0,14.3,High Risk,High,Humidity Deviation
Mungbean,17.3,64.88,62.71,15.55,7.2,96.4,78.1,57.3,76.6,Healthy,Low,Temperature Deviation
Mungbean,25.24,84.67,73.88,11.56,6.24,106.3,27.2,27.3,78.0,Healthy,Low,Humidity Deviation
Mungbean,34.88,51.74,57.34,12.67,7.92,126.9,29.0,23.9,98.0,Healthy,Low,Optimal Conditions
Mungbean,25.11,67.42,68.15,19.16,7.01,63.7,50.1,31.9,98.0,Healthy,Low,Optimal Conditions
Mungbean,23.3,72.9,79.77,15.58,6.59,91.3,70.7,21.3,93.2,Healthy,Low,Optimal Conditions
Mungbean,31.38,33.64,102.88,16.55,6.37,79.9,59.5,45.6,68.9,At Risk,Moderate,Humidity Deviation
Mungbean,22.31,45.44,79.91,30.88,7.95,118.6,24.4,36.1,88.6,Healthy,Low,Temperature Deviation
Mungbean,32.81,53.39,78.07,11.77,5.81,97.2,18.8,84.0,98.0,Healthy,Low,Optimal Conditions
Mungbean,26.65,48.29,42.71,23.81,6.05,61.6,88.1,29.3,97.9,Healthy,Low,Optimal Conditions
Mungbean,33.2,58.61,66.99,9.59,6.16,45.5,25.6,40.9,98.0,Healthy,Low,Optimal Conditions
Mungbean,32.95,60.67,51.86,10.18,7.9,42.1,80.9,92.4,98.0,Healthy,Low,Optimal Conditions
Mungbean,22.88,44.28,63.5,31.18,7.48,114.9,17.5,53.9,89.2,Healthy,Low,Humidity Deviation
Mungbean,28.29,93.03,66.53,15.58,7.47,122.1,56.4,105.6,65.5,At Risk,Moderate,Humidity Deviation
Mungbean,47.0,97.07,6.29,48.2,7.74,81.9,54.7,103.8,5.0,High Risk,High,Temperature Deviation
Mungbean,35.53,91.25,157.51,51.2,7.0,47.4,69.7,18.2,5.0,High Risk,High,Rainfall Deviation
Mungbean,25.24,40.13,85.64,21.99,6.93,106.2,80.6,58.2,85.3,Healthy,Low,Humidity Deviation
Mungbean,15.83,22.92,136.13,58.59,5.98,131.5,25.3,110.4,5.0,High Risk,High,Humidity Deviation
Mungbean,22.5,32.79,29.77,18.12,7.49,128.1,70.1,76.1,65.1,At Risk,Moderate,Humidity Deviation
Mungbean,19.83,66.11,74.29,31.01,6.93,67.6,66.7,23.0,85.4,Healthy,Low,Temperature Deviation
Mungbean,26.49,63.6,64.16,16.39,6.68,40.9,24.6,108.7,98.0,Healthy,Low,Optimal Conditions
Mungbean,30.54,54.63,48.57,6.48,7.95,27.3,21.8,53.3,98.0,Healthy,Low,Optimal Conditions
Mungbean,37.57,80.2,58.0,24.37,5.76,107.2,35.9,56.6,74.4,At Risk,Moderate,Humidity Deviation
Mungbean,33.28,78.77,76.44,12.2,7.52,134.4,83.3,59.9,86.8,Healthy,Low,Humidity Deviation
Mungbean,33.2,47.71,55.58,17.64,7.03,120.1,24.8,42.5,97.3,Healthy,Low,Optimal Conditions
Mungbean,33.6,74.01,86.23,25.03,7.7,60.1,14.5,116.9,90.9,Healthy,Low,Humidity Deviation
Mungbean,26.13,68.28,47.62,12.93,7.44,107.7,12.4,36.3,98.0,Healthy,Low,Optimal Conditions
Mungbean,44.91,92.83,199.77,34.05,6.35,53.0,58.4,108.8,5.0,High Risk,High,Rainfall Deviation
Mungbean,33.15,56.0,63.57,14.88,6.99,31.3,48.7,21.6,98.0,Healthy,Low,Optimal Conditions
Mungbean,26.22,55.95,67.46,10.76,6.83,91.8,12.7,51.5,98.0,Healthy,Low,Optimal Conditions
Mungbean,26.88,57.52,59.73,13.83,6.37,103.8,78.8,29.0,98.0,Healthy,Low,Optimal Conditions
Mungbean,27.81,52.11,64.45,8.16,7.79,36.6,68.1,84.0,98.0,Healthy,Low,Optimal Conditions
Mungbean,33.69,26.57,83.87,21.59,5.97,78.8,54.0,112.4,69.9,At Risk,Moderate,Humidity Deviation
Mungbean,33.99,52.02,92.14,11.14,7.17,118.2,65.7,103.5,93.9,Healthy,Low,Rainfall Deviation
Mungbean,25.88,53.18,65.38,19.96,6.65,129.6,81.4,100.3,98.0,Healthy,Low,Optimal Conditions
Mungbean,17.21,82.73,79.76,30.51,6.59,32.7,67.6,68.0,57.2,At Risk,Moderate,Temperature Deviation
Mungbean,32.56,61.24,65.26,18.89,5.83,51.5,81.9,98.2,98.0,Healthy,Low,Optimal Conditions
Mungbean,25.86,66.5,62.11,17.91,7.81,28.3,87.6,90.2,98.0,Healthy,Low,Optimal Conditions
Mungbean,42.09,14.68,5.55,56.8,5.75,130.6,51.9,29.2,5.0,High Risk,High,Rainfall Deviation
Mungbean,25.59,54.53,50.51,13.75,6.3,79.0,61.4,96.7,98.0,Healthy,Low,Optimal Conditions
Mungbean,39.74,88.19,168.69,37.13,6.92,101.1,74.8,82.3,10.6,High Risk,High,Rainfall Deviation
Mungbean,30.45,51.76,62.6,10.64,6.36,77.8,40.5,102.2,98.0,Healthy,Low,Optimal Conditions
Mungbean,25.5,66.74,49.74,5.48,6.59,118.3,44.5,64.4,98.0,Healthy,Low,Optimal Conditions
Mungbean,31.82,56.87,69.14,11.16,6.91,90.7,25.8,45.9,98.0,Healthy,Low,Optimal Conditions
Mungbean,22.51,58.01,35.95,27.16,5.85,91.2,67.8,75.2,91.3,Healthy,Low,Temperature Deviation
Mungbean,30.58,62.23,59.41,10.47,6.26,29.2,12.8,98.1,98.0,Healthy,Low,Optimal Conditions
Mungbean,34.55,38.41,50.82,23.65,7.56,68.5,80.0,96.3,86.1,Healthy,Low,Humidity Deviation
Mungbean,30.57,51.03,45.86,19.2,5.72,44.4,21.1,88.4,98.0,Healthy,Low,Optimal Conditions
Mungbean,24.22,68.61,74.91,10.38,5.93,101.4,80.6,117.3,98.0,Healthy,Low,Optimal Conditions
Mungbean,30.6,58.61,46.27,17.12,7.5,135.8,16.8,40.1,98.0,Healthy,Low,Optimal Conditions
Mungbean,9.71,22.9,6.04,42.17,7.38,84.1,35.6,17.8,5.0,High Risk,High,Temperature Deviation
Mungbean,16.63,85.27,77.64,22.84,6.47,33.6,38.7,33.2,51.3,At Risk,Moderate,Temperature Deviation
Mungbean,35.6,63.87,89.4,14.83,7.53,115.0,35.7,98.6,92.9,Healthy,Low,Optimal Conditions
Mungbean,32.9,52.93,79.42,13.81,7.5,87.6,56.3,65.7,98.0,Healthy,Low,Optimal Conditions
Mungbean,26.99,68.72,54.91,5.84,7.53,105.6,34.6,54.0,98.0,Healthy,Low,Optimal Conditions
Mungbean,33.2,43.7,71.9,24.68,7.16,103.8,44.7,55.1,92.4,Healthy,Low,Humidity Deviation
Mungbean,22.63,98.67,134.65,55.01,6.76,55.0,73.1,92.4,7.9,High Risk,High,Humidity Deviation
Mungbean,37.33,89.92,130.42,38.09,5.93,127.6,49.8,68.0,31.0,High Risk,High,Humidity Deviation
Mungbean,33.54,66.56,41.37,15.99,6.12,86.7,79.6,113.1,98.0,Healthy,Low,Optimal Conditions
Mungbean,34.34,51.39,76.37,16.58,7.8,63.9,85.3,100.9,98.0,Healthy,Low,Optimal Conditions
Mungbean,27.73,57.14,63.55,7.73,6.7,28.1,38.7,85.0,98.0,Healthy,Low,Optimal Conditions
Mungbean,27.05,44.11,27.19,31.28,7.65,55.4,69.8,43.7,81.7,Healthy,Low,Rainfall Deviation
Mungbean,26.89,53.2,52.31,12.17,6.05,31.6,50.7,51.5,98.0,Healthy,Low,Optimal Conditions
Mungbean,34.89,57.03,64.14,12.26,7.4,138.2,51.9,51.8,98.0,Healthy,Low,Optimal Conditions
Mungbean,32.94,51.47,63.26,16.46,6.14,77.7,41.8,37.1,98.0,Healthy,Low,Optimal Conditions
Mungbean,17.93,92.17,7.33,26.9,6.47,116.9,64.7,94.3,16.9,High Risk,High,Humidity Deviation
Mungbean,29.1,46.97,63.3,18.7,7.27,29.0,45.9,92.4,96.4,Healthy,Low,Optimal Conditions
Mungbean,30.0,58.82,55.63,19.01,6.61,73.6,15.0,53.3,98.0,Healthy,Low,Optimal Conditions
Mungbean,21.78,86.8,73.28,20.63,5.82,71.6,74.2,32.0,67.0,At Risk,Moderate,Humidity Deviation
Mungbean,36.49,69.42,95.34,11.95,6.65,120.1,28.3,42.5,86.4,Healthy,Low,Rainfall Deviation
Mungbean,20.56,36.77,32.39,30.59,6.91,72.2,49.0,73.3,65.4,At Risk,Moderate,Humidity Deviation
Mungbean,30.43,66.68,62.43,18.25,6.02,119.1,63.0,78.4,98.0,Healthy,Low,Optimal Conditions
Mungbean,17.94,65.05,28.03,28.63,7.96,109.3,65.8,105.0,68.3,At Risk,Moderate,Temperature Deviation
Mungbean,33.78,55.0,63.62,11.71,6.7,74.0,64.7,86.0,98.0,Healthy,Low,Optimal Conditions
Mungbean,34.92,69.33,46.29,15.32,6.88,52.5,74.7,38.6,98.0,Healthy,Low,Optimal Conditions
Mungbean,35.64,51.38,28.08,13.22,6.28,47.7,32.4,38.7,87.0,Healthy,Low,Rainfall Deviation
Mungbean,32.42,50.54,47.62,15.68,6.04,109.0,51.2,107.6,98.0,Healthy,Low,Optimal Conditions
Mungbean,32.63,61.44,58.76,7.19,6.24,114.3,21.9,70.4,98.0,Healthy,Low,Optimal Conditions
Mungbean,29.38,55.09,54.04,17.04,5.79,130.9,35.6,77.6,98.0,Healthy,Low,Optimal Conditions
Mungbean,27.95,59.19,67.55,18.1,7.69,60.4,17.1,112.1,98.0,Healthy,Low,Optimal Conditions
Mungbean,33.69,50.52,79.06,5.17,5.74,81.0,63.3,52.0,98.0,Healthy,Low,Optimal Conditions
Mungbean,38.53,66.88,42.62,25.78,6.4,67.1,68.5,53.2,85.9,Healthy,Low,Temperature Deviation
Mungbean,34.03,36.94,78.13,24.37,7.91,56.0,26.0,115.6,84.3,Healthy,Low,Humidity Deviation
Mungbean,33.24,68.2,48.78,11.39,5.98,64.0,46.6,68.5,98.0,Healthy,Low,Optimal Conditions
Mungbean,28.44,62.5,60.01,17.62,7.89,118.0,13.8,37.5,98.0,Healthy,Low,Optimal Conditions
Mungbean,28.77,64.48,41.29,9.01,5.92,69.2,84.0,58.3,98.0,Healthy,Low,Optimal Conditions
Mungbean,34.77,75.13,88.28,13.5,6.18,125.6,75.9,16.6,88.2,Healthy,Low,Humidity Deviation
Mungbean,23.43,22.79,130.52,54.93,6.82,85.5,42.7,114.2,17.8,High Risk,High,Humidity Deviation
Mungbean,22.04,21.9,8.69,48.71,6.58,70.1,82.9,26.6,15.2,High Risk,High,Humidity Deviation
Mungbean,34.9,62.47,58.35,6.8,7.18,113.1,52.5,20.2,98.0,Healthy,Low,Optimal Conditions
Mungbean,20.76,62.91,87.6,13.77,7.6,103.9,50.5,33.8,84.9,Healthy,Low,Temperature Deviation
Mungbean,35.99,43.78,99.13,30.19,7.64,73.9,89.3,31.7,79.0,Healthy,Low,Rainfall Deviation
Mungbean,18.93,34.9,42.49,17.09,6.61,133.3,18.8,108.5,64.1,At Risk,Moderate,Humidity Deviation
Mungbean,28.56,64.91,55.8,13.57,6.83,92.6,23.7,75.7,98.0,Healthy,Low,Optimal Conditions
Mungbean,11.09,22.82,5.71,46.01,7.41,77.6,21.9,35.7,5.0,High Risk,High,Temperature Deviation
Mungbean,28.45,53.54,51.99,7.05,6.11,132.1,11.1,69.9,98.0,Healthy,Low,Optimal Conditions
Mungbean,27.09,65.96,48.77,18.38,7.27,99.7,87.0,105.9,98.0,Healthy,Low,Optimal Conditions
Mungbean,33.43,75.14,96.27,16.08,7.62,81.8,45.3,21.6,84.2,Healthy,Low,Rainfall Deviation
Mungbean,42.31,90.39,178.12,39.85,6.11,86.6,61.7,41.0,5.0,High Risk,High,Rainfall Deviation
Mungbean,26.35,57.13,49.8,12.3,7.86,53.8,43.1,54.1,98.0,Healthy,Low,Optimal Conditions
Mungbean,34.71,60.37,64.08,7.72,7.56,124.9,50.7,48.4,98.0,Healthy,Low,Optimal Conditions
Mungbean,24.98,58.4,63.36,12.05,6.9,126.9,31.6,76.4,98.0,Healthy,Low,Optimal Conditions
Mungbean,30.91,51.81,45.75,7.39,7.14,102.1,10.9,101.9,98.0,Healthy,Low,Optimal Conditions
Mungbean,22.51,33.99,90.49,23.39,7.77,44.3,16.5,52.2,70.3,At Risk,Moderate,Humidity Deviation
Mungbean,33.72,53.76,45.64,16.82,7.34,26.8,50.8,62.1,98.0,Healthy,Low,Optimal Conditions
Mungbean,25.39,65.75,49.6,11.87,7.73,58.2,12.9,108.4,98.0,Healthy,Low,Optimal Conditions
Mungbean,32.88,33.9,58.95,26.86,7.0,45.1,87.5,36.2,80.7,Healthy,Low,Humidity Deviation
Mungbean,28.68,64.8,43.66,7.77,7.14,22.9,62.8,21.8,98.0,Healthy,Low,Optimal Conditions
Mungbean,28.57,62.86,53.21,6.41,6.02,73.0,55.8,113.3,98.0,Healthy,Low,Optimal Conditions
Mungbean,18.94,73.45,48.46,20.35,5.84,24.3,83.4,24.8,77.1,Healthy,Low,Temperature Deviation
Mungbean,33.63,43.96,31.92,16.17,6.31,56.9,76.3,53.5,85.7,Healthy,Low,Humidity Deviation
Mungbean,33.78,67.91,67.25,17.39,7.61,103.6,47.2,114.3,98.0,Healthy,Low,Optimal Conditions
Mungbean,32.71,54.55,66.06,17.45,7.36,105.0,47.3,109.5,98.0,Healthy,Low,Optimal Conditions
Mungbean,33.97,50.74,64.0,14.34,6.3,110.5,25.4,58.4,98.0,Healthy,Low,Optimal Conditions
Mungbean,43.31,17.75,198.28,43.57,7.52,26.6,19.9,72.2,5.0,High Risk,High,Rainfall Deviation
Mungbean,33.16,67.46,69.45,17.34,7.24,37.0,12.4,104.0,98.0,Healthy,Low,Optimal Conditions
Mungbean,20.6,42.05,86.26,27.69,5.71,24.1,83.7,74.7,75.4,Healthy,Low,Temperature Deviation
Mungbean,26.05,66.36,47.74,17.66,7.13,99.2,45.0,18.8,98.0,Healthy,Low,Optimal Conditions
Mungbean,22.17,40.0,78.95,18.16,6.05,104.5,25.6,86.6,81.6,Healthy,Low,Humidity Deviation
Mungbean,38.9,91.19,4.21,45.35,7.75,76.3,65.7,51.3,5.8,High Risk,High,Humidity Deviation
Mungbean,35.22,90.44,40.66,27.18,7.16,101.3,28.0,103.8,68.5,At Risk,Moderate,Humidity Deviation
Mungbean,27.74,67.79,44.34,18.0,6.79,42.0,69.0,44.8,98.0,Healthy,Low,Optimal Conditions
Mungbean,30.26,85.03,75.49,26.66,6.07,101.7,64.4,60.1,77.4,Healthy,Low,Humidity Deviation
Mungbean,9.76,98.76,5.35,36.84,7.21,51.5,44.1,119.8,5.0,High Risk,High,Temperature Deviation
Mungbean,24.95,64.85,63.54,11.67,7.79,37.6,49.2,35.1,98.0,Healthy,Low,Optimal Conditions
Mungbean,28.87,68.95,68.88,8.52,6.76,115.7,25.6,36.4,98.0,Healthy,Low,Optimal Conditions
Mungbean,30.68,50.58,63.5,17.38,7.5,100.0,27.6,100.7,98.0,Healthy,Low,Optimal Conditions
Mungbean,13.13,16.46,134.36,27.51,5.87,109.5,83.6,77.1,5.0,High Risk,High,Temperature Deviation
Mungbean,28.97,64.41,65.27,7.97,5.82,126.7,28.1,119.6,98.0,Healthy,Low,Optimal Conditions
Mungbean,25.26,63.36,50.81,19.62,6.25,94.8,42.5,24.5,98.0,Healthy,Low,Optimal Conditions
Mungbean,32.21,41.36,81.42,26.14,7.54,34.6,69.0,113.3,88.9,Healthy,Low,Humidity Deviation
Mungbean,26.53,46.95,96.6,18.94,6.48,22.4,14.9,94.2,88.0,Healthy,Low,Rainfall Deviation
Mungbean,33.11,65.62,72.78,15.29,5.75,73.2,22.6,50.5,98.0,Healthy,Low,Optimal Conditions
Mungbean,26.77,56.54,50.86,31.17,7.43,140.0,41.1,47.1,98.0,Healthy,Low,Optimal Conditions
Mungbean,33.73,57.8,68.44,15.12,5.83,125.6,48.9,38.5,98.0,Healthy,Low,Optimal Conditions
Mungbean,45.86,92.23,167.81,30.45,5.92,122.4,53.9,86.7,5.0,High Risk,High,Temperature Deviation
Mungbean,19.11,18.48,136.64,32.57,6.79,78.6,83.7,110.1,24.6,High Risk,High,Humidity Deviation
Mungbean,34.54,51.37,61.98,9.67,6.6,95.2,56.7,32.6,98.0,Healthy,Low,Optimal Conditions
Mungbean,12.67,97.84,173.87,29.18,7.09,138.9,67.0,31.5,5.0,High Risk,High,Rainfall Deviation
Mungbean,39.7,18.02,9.53,54.58,6.97,55.4,51.8,26.3,5.0,High Risk,High,Humidity Deviation
Mungbean,19.49,84.12,17.04,25.59,7.83,35.2,29.2,39.7,43.0,High Risk,High,Humidity Deviation
Mungbean,34.01,66.98,55.23,16.54,6.87,101.5,65.1,96.4,98.0,Healthy,Low,Optimal Conditions
Mungbean,18.8,21.61,0.75,56.49,6.33,57.9,83.5,28.2,5.0,High Risk,High,Rainfall Deviation
Mungbean,34.61,69.14,72.73,20.38,6.93,96.5,42.0,18.4,98.0,Healthy,Low,Optimal Conditions
Mungbean,21.51,13.96,148.82,40.03,6.89,40.7,48.1,105.9,19.3,High Risk,High,Rainfall Deviation
Mungbean,35.84,76.01,90.24,19.91,7.52,47.4,86.7,32.5,82.5,Healthy,Low,Humidity Deviation
Mungbean,33.78,62.17,74.18,7.99,7.55,41.4,69.5,31.2,98.0,Healthy,Low,Optimal Conditions
Mungbean,29.24,68.38,69.27,9.23,6.73,62.0,85.2,33.3,98.0,Healthy,Low,Optimal Conditions
Mungbean,43.29,22.37,170.69,45.56,7.88,119.8,39.2,88.0,5.0,High Risk,High,Rainfall Deviation
Mungbean,35.04,40.04,36.76,13.19,6.66,51.5,10.7,70.0,85.1,Healthy,Low,Humidity Deviation
Mungbean,27.02,50.11,32.67,17.4,7.56,126.8,87.6,69.0,93.6,Healthy,Low,Rainfall Deviation
Mungbean,30.1,67.42,41.24,18.67,6.22,57.3,39.1,110.9,98.0,Healthy,Low,Optimal Conditions
Mungbean,26.45,64.62,77.39,6.57,6.9,129.7,80.9,114.6,98.0,Healthy,Low,Optimal Conditions
Mungbean,17.5,97.31,7.13,50.11,7.0,75.0,80.0,44.3,5.0,High Risk,High,Humidity Deviation
Mungbean,35.13,43.56,42.04,16.57,7.72,127.0,67.2,25.4,91.7,Healthy,Low,Humidity Deviation
Mungbean,29.16,52.84,53.28,7.57,6.41,133.1,70.3,29.5,98.0,Healthy,Low,Optimal Conditions
Mungbean,36.95,72.39,54.31,29.59,7.51,117.8,50.6,106.2,88.6,Healthy,Low,Temperature Deviation
Mungbean,24.51,81.54,32.1,23.85,7.08,56.9,31.0,32.7,75.8,Healthy,Low,Humidity Deviation
Mungbean,43.65,22.69,192.1,34.54,6.58,22.6,56.2,60.7,5.0,High Risk,High,Rainfall Deviation
Mungbean,38.73,88.42,77.13,17.24,5.88,134.3,39.9,82.7,57.5,At Risk,Moderate,Humidity Deviation
Mungbean,19.42,95.01,124.43,55.79,6.59,126.3,36.7,88.8,5.0,High Risk,High,Humidity Deviation
Mungbean,10.49,98.66,178.96,29.24,7.9,63.8,46.6,57.1,5.0,High Risk,High,Temperature Deviation
Mungbean,24.38,61.25,60.09,19.8,6.31,64.2,89.0,20.0,98.0,Healthy,Low,Optimal Conditions
Mungbean,31.95,90.44,76.41,12.11,6.33,139.0,56.8,119.9,69.3,At Risk,Moderate,Humidity Deviation
Mungbean,34.68,57.08,43.32,6.34,6.49,76.8,16.8,104.4,98.0,Healthy,Low,Optimal Conditions
Mungbean,37.84,62.55,69.78,30.62,5.96,43.1,32.8,33.4,88.6,Healthy,Low,Temperature Deviation
Mungbean,29.05,63.76,56.85,8.52,7.73,66.6,77.1,33.7,98.0,Healthy,Low,Optimal Conditions
Mungbean,32.84,50.61,76.82,10.95,7.95,104.2,86.0,22.0,98.0,Healthy,Low,Optimal Conditions
Mungbean,21.9,75.88,34.88,16.66,6.24,84.6,65.1,87.6,79.3,Healthy,Low,Humidity Deviation
Mungbean,24.3,51.74,40.71,11.61,5.82,72.3,37.0,21.2,98.0,Healthy,Low,Optimal Conditions
Mungbean,32.49,64.49,51.45,6.95,6.52,78.1,51.4,17.6,98.0,Healthy,Low,Optimal Conditions
Mungbean,18.21,39.84,70.1,24.03,6.97,135.9,42.3,20.1,67.5,At Risk,Moderate,Temperature Deviation
Mungbean,25.42,88.81,42.48,28.85,5.71,98.8,66.9,51.1,71.8,At Risk,Moderate,Humidity Deviation
Blackgram,30.53,33.42,81.83,14.22,7.76,47.7,52.5,49.8,80.1,Healthy,Low,Humidity Deviation
Blackgram,31.12,85.99,22.61,26.23,7.56,79.0,10.4,91.4,64.3,At Risk,Moderate,Rainfall Deviation
Blackgram,15.91,14.98,5.97,47.38,6.92,37.4,29.5,36.2,5.0,High Risk,High,Rainfall Deviation
Blackgram,28.79,59.08,64.4,8.77,6.87,85.7,58.9,38.1,98.0,Healthy,Low,Optimal Conditions
Blackgram,30.9,48.97,77.85,27.85,6.47,96.6,28.4,79.7,98.0,Healthy,Low,Optimal Conditions
Blackgram,42.42,56.35,108.95,19.25,6.49,73.8,51.3,72.1,61.9,At Risk,Moderate,Temperature Deviation
Blackgram,24.04,61.79,63.89,13.35,6.14,125.5,80.0,74.2,98.0,Healthy,Low,Optimal Conditions
Blackgram,38.08,89.33,39.96,13.37,7.99,107.2,76.2,118.0,59.2,At Risk,Moderate,Humidity Deviation
Blackgram,27.54,56.15,89.64,14.82,6.62,64.4,46.3,61.1,98.0,Healthy,Low,Optimal Conditions
Blackgram,33.42,69.31,86.55,12.88,7.34,110.5,57.5,88.9,98.0,Healthy,Low,Optimal Conditions
Blackgram,31.66,42.38,22.04,22.42,7.51,38.8,81.4,23.2,71.3,At Risk,Moderate,Rainfall Deviation
Blackgram,33.69,39.81,38.66,31.88,6.75,93.9,56.0,32.9,79.8,Healthy,Low,Humidity Deviation
Blackgram,24.19,53.44,79.07,14.49,6.57,45.8,12.5,44.7,98.0,Healthy,Low,Optimal Conditions
Blackgram,33.52,50.34,60.56,19.29,7.7,125.8,10.2,53.0,98.0,Healthy,Low,Optimal Conditions
Blackgram,33.19,83.82,47.35,18.65,7.3,25.1,22.1,61.7,84.9,Healthy,Low,Humidity Deviation
Blackgram,38.17,90.26,172.52,28.56,6.31,50.9,76.5,90.8,27.7,High Risk,High,Rainfall Deviation
Blackgram,42.29,92.59,2.68,44.66,7.72,87.5,73.7,108.7,5.0,High Risk,High,Rainfall Deviation
Blackgram,30.48,70.82,75.74,13.87,7.58,104.9,50.1,19.6,98.0,Healthy,Low,Optimal Conditions
Blackgram,29.07,51.12,20.07,13.57,6.72,106.0,21.9,31.2,79.1,Healthy,Low,Rainfall Deviation
Blackgram,26.35,79.52,92.1,13.08,7.58,85.5,43.9,100.1,92.3,Healthy,Low,Humidity Deviation
Blackgram,26.47,65.3,60.9,11.4,6.91,44.6,14.9,95.5,98.0,Healthy,Low,Optimal Conditions
Blackgram,30.36,59.36,46.13,22.13,6.68,68.8,70.9,112.3,97.3,Healthy,Low,Optimal Conditions
Blackgram,35.96,96.62,88.52,18.18,6.05,134.0,13.2,109.8,63.7,At Risk,Moderate,Humidity Deviation
Blackgram,25.56,51.73,67.03,13.8,7.81,114.0,22.8,32.6,98.0,Healthy,Low,Optimal Conditions
Blackgram,31.57,50.44,55.54,14.52,6.3,38.4,28.7,55.5,98.0,Healthy,Low,Optimal Conditions
Blackgram,32.21,69.35,64.67,16.97,6.57,138.3,41.8,85.2,98.0,Healthy,Low,Optimal Conditions
Blackgram,28.96,66.13,63.9,14.85,6.29,78.1,31.8,111.6,98.0,Healthy,Low,Optimal Conditions
Blackgram,42.12,11.26,5.48,28.13,6.85,42.0,44.9,21.0,10.3,High Risk,High,Rainfall Deviation
Blackgram,33.93,66.96,52.59,6.27,7.02,51.6,45.3,95.6,98.0,Healthy,Low,Optimal Conditions
Blackgram,27.31,72.38,78.54,14.52,6.14,80.1,81.6,101.3,98.0,Healthy,Low,Optimal Conditions
Blackgram,32.26,71.85,59.76,12.81,7.77,125.7,43.0,68.3,98.0,Healthy,Low,Optimal Conditions
Blackgram,29.88,71.53,56.91,11.87,7.29,25.8,12.9,104.1,98.0,Healthy,Low,Optimal Conditions
Blackgram,11.14,91.2,193.34,35.85,7.28,100.0,47.9,73.4,5.0,High Risk,High,Temperature Deviation
Blackgram,21.35,16.18,5.22,27.47,6.24,20.7,27.4,28.7,29.4,High Risk,High,Rainfall Deviation
Blackgram,26.25,56.59,55.15,7.66,6.56,72.4,31.0,34.7,98.0,Healthy,Low,Optimal Conditions
Blackgram,19.32,75.61,94.2,17.79,6.96,111.4,79.0,69.3,80.8,Healthy,Low,Temperature Deviation
Blackgram,19.73,80.88,31.87,14.33,7.05,115.4,74.9,40.0,63.5,At Risk,Moderate,Temperature Deviation
Blackgram,18.83,36.57,71.7,26.27,6.04,102.5,20.4,91.0,65.8,At Risk,Moderate,Temperature Deviation
Blackgram,28.41,62.77,47.87,21.66,6.45,60.8,40.0,110.9,98.0,Healthy,Low,Optimal Conditions
Blackgram,31.94,64.7,56.87,9.02,6.57,41.5,72.8,47.9,98.0,Healthy,Low,Optimal Conditions
Blackgram,32.78,85.53,92.17,10.19,6.54,113.1,37.2,54.6,83.2,Healthy,Low,Humidity Deviation
Blackgram,30.62,65.55,67.23,16.41,7.75,110.1,53.5,113.2,98.0,Healthy,Low,Optimal Conditions
Blackgram,31.2,64.38,83.66,12.49,7.11,74.5,21.2,108.1,98.0,Healthy,Low,Optimal Conditions
Blackgram,47.11,20.44,139.48,27.29,6.59,58.0,89.4,74.2,5.0,High Risk,High,Temperature Deviation
Blackgram,44.23,91.65,8.61,52.11,7.33,134.1,82.8,117.4,5.0,High Risk,High,Temperature Deviation
Blackgram,19.68,73.18,88.17,29.46,6.04,94.5,77.3,28.6,84.9,Healthy,Low,Temperature Deviation
Blackgram,33.78,57.41,76.61,17.56,6.22,65.3,68.2,23.1,98.0,Healthy,Low,Optimal Conditions
Blackgram,21.08,44.67,99.28,25.39,6.37,77.2,60.2,88.2,79.3,Healthy,Low,Temperature Deviation
Blackgram,38.94,95.36,208.76,50.06,7.88,111.9,88.8,28.1,5.0,High Risk,High,Rainfall Deviation
Blackgram,23.1,95.4,7.91,44.65,7.01,42.8,71.1,43.1,22.3,High Risk,High,Humidity Deviation
Blackgram,15.17,90.56,6.36,52.63,6.2,115.6,56.3,63.4,5.0,High Risk,High,Temperature Deviation
Blackgram,13.94,18.32,168.68,48.42,6.55,115.4,76.6,69.2,5.0,High Risk,High,Temperature Deviation
Blackgram,35.5,23.06,4.63,52.1,6.66,27.7,25.0,37.3,11.2,High Risk,High,Rainfall Deviation
Blackgram,25.96,72.85,112.63,13.91,7.57,73.6,86.1,79.2,89.9,Healthy,Low,Rainfall Deviation
Blackgram,27.44,57.98,61.05,16.58,6.67,43.5,57.7,63.8,98.0,Healthy,Low,Optimal Conditions
Blackgram,27.07,50.95,80.68,19.27,7.0,87.0,77.6,17.0,98.0,Healthy,Low,Optimal Conditions
Blackgram,31.2,68.54,75.05,19.09,6.78,86.6,86.5,109.5,98.0,Healthy,Low,Optimal Conditions
Blackgram,27.87,68.47,50.04,17.94,7.0,30.4,45.4,66.7,98.0,Healthy,Low,Optimal Conditions
Blackgram,29.0,72.28,62.96,19.41,7.37,127.5,26.7,66.6,98.0,Healthy,Low,Optimal Conditions
Blackgram,36.15,55.27,84.83,14.2,7.37,25.0,10.6,79.6,95.4,Healthy,Low,Optimal Conditions
Blackgram,30.04,48.64,47.65,15.42,7.3,59.9,46.6,85.3,96.7,Healthy,Low,Optimal Conditions
Blackgram,36.02,44.46,94.3,21.47,6.23,62.1,38.8,116.5,87.4,Healthy,Low,Humidity Deviation
Blackgram,16.37,91.64,147.45,26.96,7.61,114.8,40.8,77.3,22.8,High Risk,High,Temperature Deviation
Blackgram,28.04,50.91,60.94,5.25,6.85,82.4,49.6,50.8,98.0,Healthy,Low,Optimal Conditions
Blackgram,29.0,71.75,89.33,9.69,7.95,72.1,59.1,99.4,98.0,Healthy,Low,Optimal Conditions
Blackgram,26.29,56.83,83.54,19.02,6.26,103.3,12.8,106.9,98.0,Healthy,Low,Optimal Conditions
Blackgram,40.66,14.9,155.27,50.45,6.58,123.7,39.1,42.4,5.0,High Risk,High,Humidity Deviation
Blackgram,20.2,39.69,39.38,10.26,6.8,34.2,28.0,87.3,66.9,At Risk,Moderate,Temperature Deviation
Blackgram,33.84,76.04,65.63,16.46,6.61,130.5,41.1,29.3,98.0,Healthy,Low,Optimal Conditions
Blackgram,27.73,62.38,74.51,9.95,7.42,56.3,77.1,116.0,98.0,Healthy,Low,Optimal Conditions
Blackgram,25.28,62.75,74.92,18.66,7.26,123.7,51.8,87.4,98.0,Healthy,Low,Optimal Conditions
Blackgram,47.26,89.93,7.7,31.94,6.08,47.0,68.3,92.2,5.0,High Risk,High,Temperature Deviation
Blackgram,34.3,53.98,53.57,7.44,6.28,95.8,22.5,81.6,98.0,Healthy,Low,Optimal Conditions
Blackgram,26.73,72.43,58.57,17.97,6.61,138.9,88.5,101.9,98.0,Healthy,Low,Optimal Conditions
Blackgram,40.49,97.53,202.8,26.4,6.83,79.2,66.9,100.2,5.0,High Risk,High,Rainfall Deviation
Blackgram,35.53,37.89,85.21,11.53,6.56,104.0,40.0,24.2,83.3,Healthy,Low,Humidity Deviation
Blackgram,29.64,56.26,56.84,16.43,6.14,134.8,10.6,83.4,98.0,Healthy,Low,Optimal Conditions
Blackgram,30.02,54.68,51.37,17.9,6.85,53.0,85.8,23.6,98.0,Healthy,Low,Optimal Conditions
Blackgram,25.95,74.78,71.84,17.18,6.33,56.5,59.6,33.7,98.0,Healthy,Low,Optimal Conditions
Blackgram,34.33,72.7,57.41,18.81,7.1,34.7,17.5,37.4,98.0,Healthy,Low,Optimal Conditions
Blackgram,23.3,66.61,50.25,27.25,6.27,83.1,64.3,48.9,97.5,Healthy,Low,Optimal Conditions
Blackgram,31.9,58.78,59.96,13.44,7.24,113.2,13.3,33.3,98.0,Healthy,Low,Optimal Conditions
Blackgram,29.08,76.33,92.71,17.63,7.04,102.2,68.9,104.2,96.8,Healthy,Low,Optimal Conditions
Blackgram,25.23,54.44,87.74,6.99,6.64,43.5,18.9,70.3,98.0,Healthy,Low,Optimal Conditions
Blackgram,31.99,59.81,72.22,17.31,7.05,72.5,20.6,73.7,98.0,Healthy,Low,Optimal Conditions
Blackgram,25.15,61.28,70.78,16.2,6.91,94.6,83.6,113.7,98.0,Healthy,Low,Optimal Conditions
Blackgram,29.02,63.28,67.88,19.45,6.58,82.3,20.1,81.1,98.0,Healthy,Low,Optimal Conditions
Blackgram,32.86,53.26,85.19,11.45,6.81,111.6,34.2,105.0,98.0,Healthy,Low,Optimal Conditions
Blackgram,32.05,51.4,78.04,8.94,7.45,119.2,23.6,32.5,98.0,Healthy,Low,Optimal Conditions
Blackgram,35.75,83.08,78.52,27.42,6.64,136.8,44.9,78.9,84.9,Healthy,Low,Humidity Deviation
Blackgram,19.03,72.34,103.99,27.7,6.97,132.6,77.6,18.1,76.4,Healthy,Low,Temperature Deviation
Blackgram,16.99,95.9,213.47,56.18,6.04,118.7,70.3,32.0,5.0,High Risk,High,Rainfall Deviation
Blackgram,33.97,53.66,54.45,16.03,6.94,54.1,23.7,90.8,98.0,Healthy,Low,Optimal Conditions
Blackgram,26.63,73.58,72.44,10.3,7.44,79.6,10.8,103.3,98.0,Healthy,Low,Optimal Conditions
Blackgram,34.88,58.74,70.99,19.99,6.54,75.5,70.4,64.0,98.0,Healthy,Low,Optimal Conditions
Blackgram,25.33,62.83,72.07,8.49,6.67,55.8,44.2,98.8,98.0,Healthy,Low,Optimal Conditions
Blackgram,27.0,71.0,82.44,16.9,7.49,126.6,67.1,32.8,98.0,Healthy,Low,Optimal Conditions
Blackgram,26.0,59.12,52.12,16.36,7.28,106.2,17.7,49.5,98.0,Healthy,Low,Optimal Conditions
Blackgram,26.01,77.27,103.04,11.11,7.68,106.3,33.3,90.4,90.8,Healthy,Low,Rainfall Deviation
Blackgram,32.73,52.51,51.29,7.07,7.44,136.1,62.2,107.1,98.0,Healthy,Low,Optimal Conditions
Blackgram,28.52,64.39,66.21,15.72,6.44,51.5,50.6,84.8,98.0,Healthy,Low,Optimal Conditions
Blackgram,27.3,57.02,69.37,19.46,6.78,123.1,42.1,49.0,98.0,Healthy,Low,Optimal Conditions
Blackgram,31.81,57.22,78.04,10.48,6.03,39.0,72.2,37.8,98.0,Healthy,Low,Optimal Conditions
Blackgram,27.67,54.62,71.54,12.71,7.26,136.0,19.6,55.4,98.0,Healthy,Low,Optimal Conditions
Blackgram,22.23,58.17,95.78,25.47,7.58,77.4,83.7,17.4,91.2,Healthy,Low,Temperature Deviation
Blackgram,9.67,12.44,199.17,39.7,7.36,113.1,36.4,48.4,5.0,High Risk,High,Temperature Deviation
Blackgram,26.58,67.03,67.71,14.46,6.45,93.1,29.6,89.1,98.0,Healthy,Low,Optimal Conditions
Blackgram,27.18,55.16,51.01,18.68,6.15,69.8,38.3,34.2,98.0,Healthy,Low,Optimal Conditions
Blackgram,29.54,56.66,71.05,14.63,7.04,127.8,21.0,103.1,98.0,Healthy,Low,Optimal Conditions
Blackgram,28.73,53.82,74.18,10.18,6.9,39.7,47.9,92.3,98.0,Healthy,Low,Optimal Conditions
Blackgram,14.7,93.82,7.85,41.87,8.0,46.2,75.5,30.3,5.0,High Risk,High,Temperature Deviation
Blackgram,15.08,14.34,219.66,44.92,7.12,52.9,57.6,73.9,5.0,High Risk,High,Rainfall Deviation
Blackgram,27.86,41.23,104.41,18.75,7.42,135.0,40.1,105.8,83.1,Healthy,Low,Humidity Deviation
Blackgram,26.33,74.85,101.49,13.98,6.61,121.9,74.6,104.4,94.9,Healthy,Low,Rainfall Deviation
Blackgram,34.89,63.93,70.24,16.02,6.26,47.4,85.4,36.7,98.0,Healthy,Low,Optimal Conditions
Blackgram,26.71,62.08,82.16,17.56,6.65,28.9,19.0,100.7,98.0,Healthy,Low,Optimal Conditions
Blackgram,33.03,50.35,51.4,9.73,6.41,97.4,56.8,108.9,98.0,Healthy,Low,Optimal Conditions
Blackgram,20.77,75.58,86.9,28.92,7.96,110.9,15.0,80.9,87.8,Healthy,Low,Temperature Deviation
Blackgram,36.73,94.52,166.47,49.84,7.76,122.9,47.3,84.4,7.5,High Risk,High,Rainfall Deviation
Blackgram,44.2,95.31,7.37,41.52,6.53,77.4,79.5,91.1,5.0,High Risk,High,Temperature Deviation
Blackgram,41.13,91.06,53.36,29.77,6.2,58.2,39.5,96.3,51.4,At Risk,Moderate,Temperature Deviation
Blackgram,28.3,59.49,86.48,5.05,6.28,131.4,58.8,24.5,98.0,Healthy,Low,Optimal Conditions
Blackgram,36.95,78.79,71.0,20.17,7.82,120.4,10.3,63.2,86.5,Healthy,Low,Temperature Deviation
Blackgram,42.11,15.03,3.63,47.14,6.67,82.8,26.4,74.6,5.0,High Risk,High,Rainfall Deviation
Blackgram,30.72,66.92,50.12,11.47,7.45,108.8,40.5,101.2,98.0,Healthy,Low,Optimal Conditions
Blackgram,24.18,36.3,76.12,17.86,6.74,135.1,45.4,113.2,83.6,Healthy,Low,Humidity Deviation
Blackgram,39.15,23.41,205.32,54.23,7.87,44.4,43.2,115.2,5.0,High Risk,High,Rainfall Deviation
Blackgram,27.68,55.64,71.55,12.95,7.63,69.5,30.0,102.2,98.0,Healthy,Low,Optimal Conditions
Blackgram,23.81,87.73,52.24,20.53,6.73,31.0,54.6,93.1,80.2,Healthy,Low,Humidity Deviation
Blackgram,28.28,73.18,83.75,16.97,6.08,39.9,34.5,46.9,98.0,Healthy,Low,Optimal Conditions
Blackgram,27.18,60.7,51.97,11.05,6.99,24.9,63.9,23.4,98.0,Healthy,Low,Optimal Conditions
Blackgram,29.55,47.29,68.55,24.9,6.21,76.7,74.2,52.6,96.7,Healthy,Low,Optimal Conditions
Blackgram,33.72,67.71,51.41,9.87,6.74,124.2,16.9,95.8,98.0,Healthy,Low,Optimal Conditions
Blackgram,16.64,16.03,215.85,33.5,6.51,20.8,28.7,46.0,5.0,High Risk,High,Rainfall Deviation
Blackgram,24.42,87.08,37.15,22.99,7.12,114.5,24.2,100.7,72.9,At Risk,Moderate,Humidity Deviation
Blackgram,30.26,55.71,69.1,7.5,7.37,25.5,58.1,93.9,98.0,Healthy,Low,Optimal Conditions
Blackgram,20.41,21.72,188.38,57.57,7.83,137.6,34.3,71.7,5.0,High Risk,High,Rainfall Deviation
Blackgram,22.01,88.56,32.07,22.93,7.19,41.6,46.9,109.4,60.1,At Risk,Moderate,Humidity Deviation
Blackgram,34.73,50.21,74.91,13.42,6.02,94.4,73.7,21.1,98.0,Healthy,Low,Optimal Conditions
Blackgram,24.96,55.36,93.85,28.6,7.18,137.1,43.4,93.7,98.0,Healthy,Low,Optimal Conditions
Blackgram,36.25,54.17,51.98,14.84,6.64,108.3,42.4,62.0,95.0,Healthy,Low,Optimal Conditions
Blackgram,26.76,87.88,36.33,27.58,7.28,114.4,80.2,40.6,71.1,At Risk,Moderate,Humidity Deviation
Blackgram,41.63,90.65,3.84,39.93,7.95,112.8,42.2,56.1,10.3,High Risk,High,Rainfall Deviation
Blackgram,32.22,58.0,54.09,13.44,7.23,132.8,20.8,71.0,98.0,Healthy,Low,Optimal Conditions
Blackgram,32.32,58.85,75.52,7.59,7.16,21.8,77.3,77.0,98.0,Healthy,Low,Optimal Conditions
Blackgram,27.68,53.75,76.92,10.62,7.91,127.4,75.1,42.8,98.0,Healthy,Low,Optimal Conditions
Blackgram,28.5,72.96,68.95,6.44,6.47,25.7,14.6,111.9,98.0,Healthy,Low,Optimal Conditions
Blackgram,42.25,78.85,36.08,29.03,7.56,106.4,12.3,119.0,55.5,At Risk,Moderate,Temperature Deviation
Blackgram,38.52,30.44,119.92,26.64,7.13,49.9,24.3,69.1,49.2,High Risk,High,Humidity Deviation
Blackgram,31.37,56.63,56.81,13.72,7.52,28.9,59.5,100.6,98.0,Healthy,Low,Optimal Conditions
Blackgram,26.46,57.46,50.56,15.17,6.84,97.7,42.4,33.3,98.0,Healthy,Low,Optimal Conditions
Blackgram,21.36,45.39,52.43,27.33,7.29,110.8,23.3,84.1,85.2,Healthy,Low,Temperature Deviation
Blackgram,34.06,65.38,71.67,13.67,7.66,21.4,78.8,18.1,98.0,Healthy,Low,Optimal Conditions
Blackgram,38.88,80.42,115.77,10.07,7.59,86.4,18.0,88.6,64.9,At Risk,Moderate,Temperature Deviation
Blackgram,22.21,35.89,93.62,22.99,6.02,97.1,20.6,101.7,75.2,Healthy,Low,Humidity Deviation
Blackgram,24.3,74.58,42.36,21.06,7.94,44.0,60.8,73.6,94.7,Healthy,Low,Rainfall Deviation
Blackgram,28.55,60.56,59.27,12.27,6.37,44.8,77.9,113.1,98.0,Healthy,Low,Optimal Conditions
Blackgram,24.11,72.26,81.65,11.24,7.24,129.7,89.0,63.9,98.0,Healthy,Low,Optimal Conditions
Blackgram,32.28,78.41,95.22,12.99,7.58,102.5,85.3,52.1,92.6,Healthy,Low,Humidity Deviation
Blackgram,27.85,51.57,52.2,16.42,6.57,78.5,88.3,16.9,98.0,Healthy,Low,Optimal Conditions
Blackgram,27.19,64.93,24.86,13.31,7.44,125.8,49.8,35.4,82.4,Healthy,Low,Rainfall Deviation
Blackgram,41.1,49.17,92.6,14.93,7.34,126.6,11.7,118.6,73.5,At Risk,Moderate,Temperature Deviation
Blackgram,27.84,51.32,52.22,9.09,7.13,128.1,15.6,72.3,98.0,Healthy,Low,Optimal Conditions
Blackgram,34.88,54.68,64.78,5.5,7.83,94.7,57.0,20.1,98.0,Healthy,Low,Optimal Conditions
Blackgram,32.69,63.74,57.96,13.25,7.94,32.4,87.6,96.4,98.0,Healthy,Low,Optimal Conditions
Blackgram,32.96,68.6,72.96,16.62,6.28,106.6,61.3,44.9,98.0,Healthy,Low,Optimal Conditions
Blackgram,31.79,44.55,89.7,24.87,7.16,50.1,59.0,88.1,93.5,Healthy,Low,Humidity Deviation
Blackgram,30.14,69.3,54.56,10.88,6.59,96.6,70.9,116.3,98.0,Healthy,Low,Optimal Conditions
Blackgram,29.66,85.27,66.61,14.67,6.79,91.3,26.0,116.6,84.6,Healthy,Low,Humidity Deviation
Blackgram,29.32,68.95,78.14,16.25,6.46,53.9,88.5,44.2,98.0,Healthy,Low,Optimal Conditions
Blackgram,34.46,65.63,61.46,14.89,7.58,22.0,28.8,74.9,98.0,Healthy,Low,Optimal Conditions
Blackgram,36.71,95.61,70.87,30.87,6.53,96.0,88.2,39.5,62.3,At Risk,Moderate,Humidity Deviation
Blackgram,23.09,92.56,1.56,32.94,7.47,85.7,48.5,39.6,36.6,High Risk,High,Rainfall Deviation
Blackgram,26.52,62.63,88.58,8.79,7.36,41.1,42.6,44.0,98.0,Healthy,Low,Optimal Conditions
Blackgram,26.45,74.33,63.28,18.08,6.67,81.5,83.1,37.9,98.0,Healthy,Low,Optimal Conditions
Blackgram,30.29,50.03,104.09,22.84,7.96,126.9,11.3,16.5,93.7,Healthy,Low,Rainfall Deviation
Blackgram,32.8,77.42,64.34,18.4,6.98,96.4,65.4,62.4,96.4,Healthy,Low,Optimal Conditions
Blackgram,33.23,63.8,68.73,17.62,7.2,45.5,43.9,87.3,98.0,Healthy,Low,Optimal Conditions
Blackgram,44.74,95.72,152.52,41.82,7.32,38.7,28.1,73.6,5.0,High Risk,High,Temperature Deviation
Blackgram,26.39,50.57,52.93,15.67,6.03,127.5,16.3,31.4,98.0,Healthy,Low,Optimal Conditions
Blackgram,31.99,67.52,59.86,9.9,7.64,79.6,46.7,81.5,98.0,Healthy,Low,Optimal Conditions
Blackgram,23.65,38.99,55.7,26.14,7.98,29.4,53.8,26.7,85.6,Healthy,Low,Humidity Deviation
Blackgram,17.64,21.5,207.1,33.73,7.6,72.6,89.2,85.2,7.7,High Risk,High,Rainfall Deviation
Blackgram,38.82,84.73,102.46,23.45,7.96,135.7,44.8,104.5,64.6,At Risk,Moderate,Temperature Deviation
Blackgram,26.33,64.33,58.48,6.78,6.41,59.9,88.6,24.2,98.0,Healthy,Low,Optimal Conditions
Blackgram,24.48,55.98,54.47,5.66,6.89,116.6,18.0,26.1,98.0,Healthy,Low,Optimal Conditions
Blackgram,24.3,21.54,214.78,43.33,6.18,88.2,11.7,71.1,17.5,High Risk,High,Rainfall Deviation
Blackgram,36.97,21.2,2.97,37.84,6.56,81.3,23.2,82.1,24.9,High Risk,High,Rainfall Deviation
Blackgram,43.22,23.36,9.48,30.71,6.59,23.4,64.7,44.4,8.8,High Risk,High,Temperature Deviation
Blackgram,21.29,16.39,224.62,44.56,6.74,134.2,85.1,21.4,6.2,High Risk,High,Rainfall Deviation
Blackgram,38.17,80.99,48.02,11.45,7.96,56.3,67.1,81.3,77.0,Healthy,Low,Temperature Deviation
Blackgram,33.49,57.61,59.96,5.88,6.5,94.4,26.1,64.0,98.0,Healthy,Low,Optimal Conditions
Blackgram,37.36,48.1,86.76,28.94,6.57,75.2,28.2,30.2,88.3,Healthy,Low,Temperature Deviation
Blackgram,40.16,83.27,69.9,11.15,6.23,22.2,15.4,21.2,67.0,At Risk,Moderate,Temperature Deviation
Blackgram,34.71,83.2,92.8,27.98,6.16,99.0,18.7,83.0,86.4,Healthy,Low,Humidity Deviation
Blackgram,33.8,59.9,65.39,17.8,7.93,23.4,49.3,74.4,98.0,Healthy,Low,Optimal Conditions
Blackgram,18.31,14.06,212.01,44.15,7.68,36.8,60.1,51.9,5.0,High Risk,High,Rainfall Deviation
Blackgram,46.27,92.2,4.13,51.1,6.5,107.2,76.0,16.6,5.0,High Risk,High,Temperature Deviation
Blackgram,39.45,12.72,0.72,48.13,6.36,84.1,36.0,27.6,5.0,High Risk,High,Rainfall Deviation
Blackgram,30.8,52.94,72.13,7.86,7.73,26.0,41.0,95.0,98.0,Healthy,Low,Optimal Conditions
Blackgram,37.86,89.07,97.56,24.91,6.76,34.4,45.2,53.0,64.1,At Risk,Moderate,Humidity Deviation
Blackgram,26.26,60.37,72.12,13.17,6.42,47.7,66.9,50.8,98.0,Healthy,Low,Optimal Conditions
Blackgram,28.99,62.33,57.97,12.01,7.5,40.5,38.7,25.6,98.0,Healthy,Low,Optimal Conditions
Blackgram,28.75,74.36,77.96,18.97,6.21,133.0,50.9,44.6,98.0,Healthy,Low,Optimal Conditions
Blackgram,41.95,91.55,167.69,47.12,6.31,85.3,20.4,47.9,5.0,High Risk,High,Rainfall Deviation
Blackgram,30.83,50.31,60.43,9.0,7.5,74.1,55.9,41.2,98.0,Healthy,Low,Optimal Conditions
Blackgram,17.97,75.83,34.72,15.13,7.07,133.3,32.5,90.2,66.9,At Risk,Moderate,Temperature Deviation
Blackgram,20.71,90.53,210.35,43.38,6.63,65.0,57.1,53.0,12.6,High Risk,High,Rainfall Deviation
Blackgram,19.84,49.06,48.39,17.75,6.55,55.7,74.9,32.8,83.2,Healthy,Low,Temperature Deviation
Blackgram,37.49,35.65,53.55,18.71,6.91,99.1,64.6,60.9,72.8,At Risk,Moderate,Humidity Deviation
Blackgram,26.85,73.6,87.1,14.74,6.37,31.5,86.0,106.7,98.0,Healthy,Low,Optimal Conditions
Blackgram,30.93,72.85,55.53,14.54,7.84,120.4,33.0,115.0,98.0,Healthy,Low,Optimal Conditions
Blackgram,26.29,52.42,54.72,16.42,6.55,124.3,78.6,27.2,98.0,Healthy,Low,Optimal Conditions
Blackgram,23.4,50.47,53.89,16.99,6.86,60.5,21.6,95.5,97.9,Healthy,Low,Optimal Conditions
Blackgram,24.14,67.47,95.91,13.31,6.87,81.7,14.2,98.9,97.4,Healthy,Low,Optimal Conditions
Blackgram,34.03,77.76,91.35,10.14,7.03,34.2,49.7,50.9,95.3,Healthy,Low,Optimal Conditions
Blackgram,25.82,56.45,59.33,14.05,6.09,73.3,75.3,45.0,98.0,Healthy,Low,Optimal Conditions
Blackgram,32.89,68.66,91.56,17.41,7.38,30.6,78.5,94.9,98.0,Healthy,Low,Optimal Conditions
Blackgram,34.75,70.8,60.83,18.32,6.2,102.7,20.5,117.5,98.0,Healthy,Low,Optimal Conditions
Blackgram,26.56,63.25,73.36,12.69,7.48,20.2,55.1,79.6,98.0,Healthy,Low,Optimal Conditions
Blackgram,31.25,66.35,71.21,8.89,6.83,52.7,71.6,80.0,98.0,Healthy,Low,Optimal Conditions
Blackgram,30.24,72.58,83.31,18.37,7.83,42.6,67.6,82.7,98.0,Healthy,Low,Optimal Conditions
Blackgram,32.56,55.18,86.68,17.53,7.54,103.6,47.6,98.8,98.0,Healthy,Low,Optimal Conditions
Blackgram,9.0,97.68,5.84,44.13,6.62,131.6,37.8,29.0,5.0,High Risk,High,Temperature Deviation
Blackgram,36.47,68.69,90.34,19.97,6.96,70.1,79.4,93.7,94.0,Healthy,Low,Temperature Deviation
Blackgram,44.12,95.83,7.24,26.6,6.14,43.0,25.1,21.0,5.0,High Risk,High,Temperature Deviation
Blackgram,24.44,97.74,41.36,21.42,7.57,82.6,84.7,81.9,59.8,At Risk,Moderate,Humidity Deviation
Blackgram,30.81,69.46,108.59,29.21,6.15,43.1,34.7,86.8,91.7,Healthy,Low,Rainfall Deviation
Blackgram,29.24,69.61,75.68,13.81,7.16,43.9,18.9,49.3,98.0,Healthy,Low,Optimal Conditions
Blackgram,40.37,35.91,85.59,13.5,6.88,117.3,11.0,75.4,61.6,At Risk,Moderate,Temperature Deviation
Blackgram,32.19,53.51,56.56,5.64,6.89,97.7,33.1,19.3,98.0,Healthy,Low,Optimal Conditions
Blackgram,17.67,16.85,5.27,57.0,6.27,53.5,86.3,28.7,5.0,High Risk,High,Rainfall Deviation
Blackgram,45.45,92.64,2.39,51.95,6.37,40.4,27.6,39.2,5.0,High Risk,High,Temperature Deviation
Blackgram,46.04,93.17,9.1,37.35,7.45,58.7,86.3,35.0,5.0,High Risk,High,Temperature Deviation
Blackgram,27.58,70.85,55.2,19.21,7.17,70.1,27.7,81.2,98.0,Healthy,Low,Optimal Conditions
Blackgram,26.74,73.46,54.31,16.65,7.1,111.6,17.2,56.0,98.0,Healthy,Low,Optimal Conditions
Blackgram,37.16,83.55,31.76,12.14,7.81,134.1,60.0,68.6,65.8,At Risk,Moderate,Humidity Deviation
Blackgram,28.57,58.51,65.34,15.79,6.72,114.9,89.3,72.4,98.0,Healthy,Low,Optimal Conditions
Blackgram,34.54,68.29,58.99,19.92,6.02,89.1,64.8,34.2,98.0,Healthy,Low,Optimal Conditions
Blackgram,24.08,73.15,73.31,7.57,7.23,20.3,39.9,95.6,98.0,Healthy,Low,Optimal Conditions
Blackgram,30.64,57.89,53.94,17.37,7.1,114.9,87.5,34.3,98.0,Healthy,Low,Optimal Conditions
Blackgram,34.79,55.83,67.08,17.54,6.46,105.4,72.9,67.1,98.0,Healthy,Low,Optimal Conditions
Blackgram,38.84,78.85,80.14,28.29,6.64,56.1,17.1,68.2,78.9,Healthy,Low,Temperature Deviation
Blackgram,25.09,68.79,52.66,7.18,6.92,62.9,32.0,74.2,98.0,Healthy,Low,Optimal Conditions
Blackgram,23.75,45.36,25.84,16.25,6.46,45.2,39.3,94.2,76.7,Healthy,Low,Rainfall Deviation
Blackgram,29.88,53.07,74.58,19.99,7.46,78.2,47.7,111.9,98.0,Healthy,Low,Optimal Conditions
Blackgram,31.99,65.25,75.07,6.26,7.33,97.0,69.3,86.1,98.0,Healthy,Low,Optimal Conditions
Blackgram,13.85,17.6,2.25,53.68,7.6,53.9,34.1,118.1,5.0,High Risk,High,Temperature Deviation
Blackgram,25.57,66.42,59.74,14.05,7.64,40.8,46.1,55.2,98.0,Healthy,Low,Optimal Conditions
Blackgram,14.12,18.86,3.16,32.77,7.08,27.1,77.3,119.2,5.0,High Risk,High,Temperature Deviation
Blackgram,34.11,88.48,27.35,17.96,6.17,54.9,23.7,38.2,63.9,At Risk,Moderate,Humidity Deviation
Blackgram,29.4,47.34,87.94,11.95,6.87,108.6,32.6,118.3,96.8,Healthy,Low,Optimal Conditions
Blackgram,27.78,62.3,83.74,11.52,7.47,21.8,12.0,19.0,98.0,Healthy,Low,Optimal Conditions
Blackgram,26.25,64.9,81.62,13.51,6.16,104.4,54.2,48.2,98.0,Healthy,Low,Optimal Conditions
Blackgram,24.89,62.37,83.65,6.51,6.21,52.9,40.4,119.3,98.0,Healthy,Low,Optimal Conditions
Blackgram,20.54,37.2,62.46,30.77,6.44,31.8,44.1,95.2,72.5,At Risk,Moderate,Humidity Deviation
Blackgram,27.17,47.79,92.28,27.1,6.16,99.0,26.8,118.9,96.3,Healthy,Low,Optimal Conditions
Blackgram,27.08,92.29,81.25,11.32,6.47,64.1,61.7,67.4,74.1,At Risk,Moderate,Humidity Deviation
Blackgram,34.39,54.49,102.0,27.45,7.09,42.4,74.7,106.0,94.7,Healthy,Low,Rainfall Deviation
Blackgram,28.56,63.77,82.24,14.48,6.82,75.6,44.3,28.3,98.0,Healthy,Low,Optimal Conditions
Blackgram,35.22,36.74,50.21,25.7,7.85,126.5,83.8,92.2,83.2,Healthy,Low,Humidity Deviation
Blackgram,24.53,51.54,81.73,7.87,6.63,90.3,20.5,118.5,98.0,Healthy,Low,Optimal Conditions
Blackgram,18.99,93.6,206.71,55.35,6.47,23.3,23.7,62.6,5.0,High Risk,High,Rainfall Deviation
Blackgram,35.53,38.48,94.96,14.33,7.24,129.9,21.3,19.3,81.8,Healthy,Low,Humidity Deviation
Blackgram,39.18,13.82,7.1,38.97,6.86,50.3,62.6,42.7,17.3,High Risk,High,Rainfall Deviation
Blackgram,27.53,62.18,79.13,12.31,6.07,104.5,71.9,25.8,98.0,Healthy,Low,Optimal Conditions
Blackgram,29.09,43.57,59.95,23.92,6.44,88.7,29.6,49.7,92.3,Healthy,Low,Humidity Deviation
Blackgram,29.72,63.09,76.69,11.57,6.38,78.9,73.7,88.8,98.0,Healthy,Low,Optimal Conditions
Blackgram,34.43,57.65,73.46,5.48,7.82,102.0,32.1,86.7,98.0,Healthy,Low,Optimal Conditions
Blackgram,26.86,61.17,74.0,8.14,7.49,89.4,10.6,72.7,98.0,Healthy,Low,Optimal Conditions
Blackgram,31.36,72.44,60.51,15.11,6.3,30.3,84.5,105.5,98.0,Healthy,Low,Optimal Conditions
Blackgram,22.01,47.49,75.86,19.4,6.45,31.7,31.5,110.2,90.0,Healthy,Low,Temperature Deviation
Blackgram,38.92,76.42,98.87,23.83,7.56,133.3,66.9,111.9,78.3,Healthy,Low,Temperature Deviation
Blackgram,21.48,94.87,64.85,15.06,7.06,62.3,82.4,69.7,61.4,At Risk,Moderate,Humidity Deviation
Blackgram,40.01,48.0,60.6,28.18,7.84,102.1,15.3,52.5,77.6,Healthy,Low,Temperature Deviation
Blackgram,27.03,63.5,59.31,18.49,6.29,71.1,20.0,52.6,98.0,Healthy,Low,Optimal Conditions
Blackgram,26.34,57.08,53.29,28.15,6.43,124.3,81.8,23.6,98.0,Healthy,Low,Optimal Conditions
Blackgram,23.29,32.17,54.26,19.44,6.14,21.5,66.4,23.6,76.1,Healthy,Low,Humidity Deviation
Blackgram,31.28,74.96,58.92,5.15,6.08,46.8,89.4,23.1,98.0,Healthy,Low,Optimal Conditions
Blackgram,40.64,66.31,95.74,12.02,7.17,72.8,14.6,60.4,74.9,At Risk,Moderate,Temperature Deviation
Blackgram,24.8,41.69,33.15,14.84,7.14,134.3,82.8,78.0,78.2,Healthy,Low,Rainfall Deviation
Blackgram,30.22,70.05,53.71,16.72,7.32,52.3,80.1,23.4,98.0,Healthy,Low,Optimal Conditions
Blackgram,42.37,19.43,2.79,57.29,6.99,51.9,42.4,59.4,5.0,High Risk,High,Rainfall Deviation
Blackgram,27.48,82.36,102.4,14.35,7.68,89.2,88.3,22.3,83.5,Healthy,Low,Humidity Deviation
Blackgram,25.09,71.48,82.71,16.6,7.36,32.8,42.5,89.0,98.0,Healthy,Low,Optimal Conditions
Blackgram,31.9,57.13,71.74,10.32,7.84,73.1,32.9,21.0,98.0,Healthy,Low,Optimal Conditions
Blackgram,30.21,67.53,88.17,13.95,7.36,94.4,82.2,46.8,98.0,Healthy,Low,Optimal Conditions
Blackgram,20.74,83.13,79.3,29.9,7.17,106.2,27.5,66.9,76.4,Healthy,Low,Humidity Deviation
Blackgram,21.9,75.37,62.42,15.18,7.5,124.9,75.3,92.5,92.1,Healthy,Low,Temperature Deviation
Blackgram,27.63,54.91,68.98,10.31,7.24,87.9,44.5,95.6,98.0,Healthy,Low,Optimal Conditions
Blackgram,33.52,50.07,68.08,18.22,6.84,110.7,42.2,104.3,98.0,Healthy,Low,Optimal Conditions
Blackgram,36.2,15.08,4.06,57.43,6.6,125.2,22.5,105.4,8.0,High Risk,High,Rainfall Deviation
Blackgram,33.08,55.26,52.76,13.94,6.53,116.8,76.0,91.0,98.0,Healthy,Low,Optimal Conditions
Blackgram,31.14,45.67,86.62,24.8,6.95,35.3,20.7,76.7,94.8,Healthy,Low,Humidity Deviation
Blackgram,27.34,61.03,73.73,8.98,6.81,64.1,17.8,99.4,98.0,Healthy,Low,Optimal Conditions
Blackgram,30.77,73.67,111.93,27.45,7.25,47.2,38.3,58.2,90.3,Healthy,Low,Rainfall Deviation
Blackgram,24.35,37.95,32.48,15.52,6.29,72.6,67.6,107.3,73.3,At Risk,Moderate,Humidity Deviation
Blackgram,29.42,79.91,82.92,28.33,7.04,27.2,38.6,88.0,92.6,Healthy,Low,Humidity Deviation
Blackgram,29.01,59.09,46.98,24.56,6.81,55.5,61.5,110.7,97.9,Healthy,Low,Optimal Conditions
Blackgram,27.23,67.94,85.09,19.4,6.44,56.3,82.5,43.3,98.0,Healthy,Low,Optimal Conditions
Lentil,21.39,56.36,65.11,14.18,6.72,28.9,88.0,59.3,98.0,Healthy,Low,Optimal Conditions
Lentil,19.37,70.54,72.63,25.02,7.16,111.9,56.6,25.2,90.2,Healthy,Low,Humidity Deviation
Lentil,18.17,51.85,37.84,7.42,6.67,136.5,11.8,44.7,98.0,Healthy,Low,Optimal Conditions
Lentil,34.23,94.13,138.55,39.94,6.27,125.2,22.9,16.9,5.0,High Risk,High,Rainfall Deviation
Lentil,16.98,61.22,35.07,19.06,5.92,126.7,23.5,20.0,98.0,Healthy,Low,Optimal Conditions
Lentil,26.6,88.07,59.77,17.03,7.23,70.0,62.0,58.6,59.0,At Risk,Moderate,Humidity Deviation
Lentil,18.32,63.38,60.65,14.83,7.16,41.9,84.8,26.1,98.0,Healthy,Low,Optimal Conditions
Lentil,15.24,52.38,42.3,17.63,7.17,115.2,21.9,74.9,98.0,Healthy,Low,Optimal Conditions
Lentil,16.19,34.06,78.88,12.72,6.13,98.9,29.7,71.1,81.8,Healthy,Low,Humidity Deviation
Lentil,21.83,46.5,58.85,10.06,6.63,78.0,25.6,113.9,98.0,Healthy,Low,Optimal Conditions
Lentil,18.73,47.57,44.4,6.56,6.45,43.3,54.3,16.3,98.0,Healthy,Low,Optimal Conditions
Lentil,29.75,40.36,61.12,21.84,7.01,26.8,33.2,67.2,75.4,Healthy,Low,Temperature Deviation
Lentil,11.62,71.57,41.9,20.48,5.89,38.8,64.2,42.2,78.3,Healthy,Low,Temperature Deviation
Lentil,26.76,96.05,153.24,30.82,6.85,105.8,83.3,57.8,18.0,High Risk,High,Rainfall Deviation
Lentil,24.35,54.07,50.82,11.74,7.42,28.5,76.9,56.2,98.0,Healthy,Low,Optimal Conditions
Lentil,8.59,97.57,155.0,26.07,7.16,41.7,50.5,116.0,5.0,High Risk,High,Rainfall Deviation
Lentil,20.66,76.15,46.84,25.09,6.63,107.6,58.8,34.2,83.3,Healthy,Low,Humidity Deviation
Lentil,15.64,58.23,32.22,16.14,6.83,72.7,57.7,80.1,98.0,Healthy,Low,Optimal Conditions
Lentil,10.88,86.92,54.93,26.17,6.89,109.9,73.4,93.9,52.7,At Risk,Moderate,Humidity Deviation
Lentil,16.9,27.9,81.48,12.92,6.09,118.9,11.3,70.5,72.9,At Risk,Moderate,Humidity Deviation
Lentil,10.66,90.16,2.11,54.17,6.27,107.6,60.3,31.8,5.0,High Risk,High,Humidity Deviation
Lentil,21.08,58.37,35.24,7.59,5.63,36.1,57.0,36.1,98.0,Healthy,Low,Optimal Conditions
Lentil,20.55,53.28,63.81,13.57,5.83,66.1,30.7,42.2,98.0,Healthy,Low,Optimal Conditions
Lentil,19.18,47.64,40.1,15.52,7.57,21.7,16.7,104.8,98.0,Healthy,Low,Optimal Conditions
Lentil,18.12,51.74,64.64,7.44,7.53,76.1,72.7,87.2,98.0,Healthy,Low,Optimal Conditions
Lentil,25.84,45.9,22.19,12.63,6.32,43.9,84.8,20.9,87.5,Healthy,Low,Rainfall Deviation
Lentil,31.72,96.72,2.51,53.97,5.99,75.5,61.0,88.5,5.0,High Risk,High,Humidity Deviation
Lentil,23.67,61.36,42.68,12.15,6.46,137.7,56.7,43.4,98.0,Healthy,Low,Optimal Conditions
Lentil,29.23,66.56,59.65,28.97,7.26,87.1,85.8,19.9,80.7,Healthy,Low,Temperature Deviation
Lentil,14.38,16.31,3.23,31.49,6.54,48.5,55.8,106.5,36.6,High Risk,High,Rainfall Deviation
Lentil,17.98,48.29,39.15,6.95,7.09,25.2,68.3,29.9,98.0,Healthy,Low,Optimal Conditions
Lentil,18.45,52.62,36.92,12.33,7.74,75.0,12.2,53.2,98.0,Healthy,Low,Optimal Conditions
Lentil,17.83,50.92,37.96,19.35,6.82,84.4,44.0,79.8,98.0,Healthy,Low,Optimal Conditions
Lentil,21.89,46.76,31.19,13.44,7.34,100.3,41.9,15.3,98.0,Healthy,Low,Optimal Conditions
Lentil,18.92,58.29,42.48,12.97,5.94,40.3,69.4,61.0,98.0,Healthy,Low,Optimal Conditions
Lentil,32.79,12.54,113.99,25.92,5.69,92.6,48.6,81.0,13.7,High Risk,High,Temperature Deviation
Lentil,29.69,32.85,41.2,18.04,5.83,125.1,25.6,89.1,66.6,At Risk,Moderate,Temperature Deviation
Lentil,27.68,35.23,83.08,28.12,7.55,50.5,35.3,56.2,70.1,At Risk,Moderate,Humidity Deviation
Lentil,8.49,91.66,128.46,57.26,7.46,34.7,30.3,30.0,5.0,High Risk,High,Humidity Deviation
Lentil,21.48,74.24,60.16,25.9,7.57,106.5,48.8,36.1,86.1,Healthy,Low,Humidity Deviation
Lentil,17.26,39.63,55.84,27.19,5.68,134.5,28.2,98.8,93.6,Healthy,Low,Humidity Deviation
Lentil,30.29,38.67,59.63,24.71,7.28,128.6,46.8,66.4,71.3,At Risk,Moderate,Temperature Deviation
Lentil,16.76,50.05,67.29,14.61,7.76,57.5,36.4,67.4,98.0,Healthy,Low,Optimal Conditions
Lentil,25.16,68.08,23.76,20.33,6.84,102.5,77.5,37.1,87.5,Healthy,Low,Rainfall Deviation
Lentil,5.81,24.9,109.61,30.08,6.56,123.6,31.7,33.1,21.1,High Risk,High,Temperature Deviation
Lentil,2.1,15.18,6.21,42.6,7.09,32.8,22.4,39.3,5.0,High Risk,High,Temperature Deviation
Lentil,19.08,64.02,56.12,11.54,6.73,37.6,17.7,42.2,98.0,Healthy,Low,Optimal Conditions
Lentil,16.23,58.83,66.93,7.62,7.6,55.8,58.6,24.3,98.0,Healthy,Low,Optimal Conditions
Lentil,16.58,48.23,67.34,10.46,5.99,40.6,63.8,90.4,98.0,Healthy,Low,Optimal Conditions
Lentil,8.4,88.77,7.89,35.1,6.52,48.3,74.0,98.1,16.0,High Risk,High,Humidity Deviation
Lentil,4.42,90.09,126.28,43.15,7.06,30.0,49.6,97.0,5.0,High Risk,High,Temperature Deviation
Lentil,33.04,16.58,0.06,27.34,5.91,83.1,35.2,101.1,5.0,High Risk,High,Rainfall Deviation
Lentil,29.47,31.75,24.03,21.13,6.46,47.9,41.3,58.2,59.3,At Risk,Moderate,Temperature Deviation
Lentil,23.3,70.36,51.22,17.21,6.35,68.6,35.5,85.8,92.0,Healthy,Low,Humidity Deviation
Lentil,33.06,23.63,8.17,50.91,7.64,76.5,44.1,109.5,5.0,High Risk,High,Temperature Deviation
Lentil,14.94,76.32,20.53,17.36,6.88,46.0,86.8,28.6,71.7,At Risk,Moderate,Humidity Deviation
Lentil,24.62,64.83,55.66,16.77,6.94,75.7,37.6,39.7,98.0,Healthy,Low,Optimal Conditions
Lentil,19.87,63.87,64.8,9.91,7.88,38.9,53.5,87.4,98.0,Healthy,Low,Optimal Conditions
Lentil,32.68,10.82,4.16,33.75,7.0,139.0,69.3,56.7,9.1,High Risk,High,Temperature Deviation
Lentil,24.75,61.46,54.25,32.0,7.61,35.1,26.1,33.5,98.0,Healthy,Low,Optimal Conditions
Lentil,2.0,20.83,124.75,38.2,5.8,76.9,50.7,97.7,5.0,High Risk,High,Temperature Deviation
Lentil,16.19,27.86,84.68,19.27,6.78,138.1,31.8,107.9,71.0,At Risk,Moderate,Humidity Deviation
Lentil,29.35,14.06,159.14,41.79,7.23,55.2,63.4,55.7,5.0,High Risk,High,Rainfall Deviation
Lentil,13.77,36.43,53.43,31.34,6.2,122.4,61.8,100.0,85.4,Healthy,Low,Humidity Deviation
Lentil,17.03,63.96,61.47,7.25,6.61,59.6,22.4,77.2,98.0,Healthy,Low,Optimal Conditions
Lentil,16.49,39.06,23.55,13.81,7.61,85.0,40.1,105.7,85.4,Healthy,Low,Rainfall Deviation
Lentil,20.94,60.82,35.0,6.81,5.58,133.0,65.4,22.5,98.0,Healthy,Low,Optimal Conditions
Lentil,13.82,48.27,17.08,31.38,6.5,47.1,71.0,24.7,80.8,Healthy,Low,Rainfall Deviation
Lentil,3.53,24.77,2.99,50.57,5.7,109.0,48.7,27.4,5.0,High Risk,High,Temperature Deviation
Lentil,29.14,16.22,6.27,52.04,7.9,122.8,43.1,45.9,5.0,High Risk,High,Humidity Deviation
Lentil,17.59,47.32,63.12,16.66,6.68,34.0,51.6,70.7,98.0,Healthy,Low,Optimal Conditions
Lentil,11.71,82.53,74.05,14.85,7.65,70.9,14.6,100.8,59.9,At Risk,Moderate,Humidity Deviation
Lentil,12.2,34.03,45.18,22.46,6.64,138.1,47.7,76.6,77.0,Healthy,Low,Humidity Deviation
Lentil,17.72,50.86,38.94,9.44,6.71,122.8,61.6,98.8,98.0,Healthy,Low,Optimal Conditions
Lentil,28.68,87.32,46.85,18.18,7.91,58.9,22.0,33.5,51.8,At Risk,Moderate,Humidity Deviation
Lentil,23.0,38.73,34.95,12.22,7.59,92.4,32.6,56.9,92.5,Healthy,Low,Humidity Deviation
Lentil,35.86,19.29,4.74,26.38,5.79,107.2,58.7,90.3,5.0,High Risk,High,Temperature Deviation
Lentil,14.65,64.77,30.81,22.66,6.05,92.0,86.7,49.9,98.0,Healthy,Low,Optimal Conditions
Lentil,26.1,74.98,21.35,27.0,7.87,47.6,53.5,47.1,70.5,At Risk,Moderate,Humidity Deviation
Lentil,19.37,72.9,62.44,30.55,7.87,71.7,35.7,55.6,88.1,Healthy,Low,Humidity Deviation
Lentil,16.72,58.68,40.39,17.45,6.12,86.0,66.8,83.5,98.0,Healthy,Low,Optimal Conditions
Lentil,17.75,45.33,53.61,14.24,6.69,96.1,78.1,41.7,98.0,Healthy,Low,Optimal Conditions
Lentil,18.7,27.26,39.47,20.44,5.67,38.8,88.4,90.3,78.7,Healthy,Low,Humidity Deviation
Lentil,17.5,79.33,89.91,16.13,5.84,79.1,37.4,63.0,67.1,At Risk,Moderate,Humidity Deviation
Lentil,23.55,55.85,61.72,9.47,6.49,54.4,87.7,61.8,98.0,Healthy,Low,Optimal Conditions
Lentil,23.4,60.14,66.81,16.32,6.37,56.2,64.8,28.6,98.0,Healthy,Low,Optimal Conditions
Lentil,22.94,57.72,38.75,15.04,6.27,54.1,31.9,68.2,98.0,Healthy,Low,Optimal Conditions
Lentil,29.63,94.37,157.16,44.47,6.08,65.4,66.6,55.7,5.0,High Risk,High,Rainfall Deviation
Lentil,21.4,48.82,64.67,10.08,7.22,55.7,61.9,44.1,98.0,Healthy,Low,Optimal Conditions
Lentil,23.22,28.27,12.11,20.83,7.89,84.2,43.9,45.5,59.0,At Risk,Moderate,Rainfall Deviation
Lentil,14.55,47.56,51.01,21.89,5.66,115.2,13.9,72.7,98.0,Healthy,Low,Optimal Conditions
Lentil,12.07,47.23,36.2,10.64,7.83,25.7,82.2,36.0,89.8,Healthy,Low,Temperature Deviation
Lentil,14.63,13.99,0.19,57.88,6.16,97.4,69.4,117.2,8.9,High Risk,High,Rainfall Deviation
Lentil,31.66,17.05,0.08,27.49,6.7,135.4,21.9,34.8,8.5,High Risk,High,Rainfall Deviation
Lentil,20.37,75.85,51.35,10.38,7.56,125.4,39.3,88.6,83.7,Healthy,Low,Humidity Deviation
Lentil,23.89,63.14,36.27,16.71,6.68,101.7,48.0,23.3,98.0,Healthy,Low,Optimal Conditions
Lentil,6.5,15.68,1.69,32.11,7.34,135.7,29.6,105.7,7.2,High Risk,High,Rainfall Deviation
Lentil,23.46,77.46,50.31,25.27,7.94,119.9,30.1,26.5,81.3,Healthy,Low,Humidity Deviation
Lentil,4.85,20.46,7.54,55.32,7.26,121.6,41.4,81.5,5.0,High Risk,High,Temperature Deviation
Lentil,18.29,56.81,38.74,15.93,7.08,68.8,32.8,52.8,98.0,Healthy,Low,Optimal Conditions
Lentil,18.61,45.32,43.61,13.11,6.71,36.9,85.8,34.4,98.0,Healthy,Low,Optimal Conditions
Lentil,9.28,68.29,46.72,30.55,5.72,104.2,60.4,78.0,75.0,Healthy,Low,Temperature Deviation
Lentil,22.73,51.31,38.89,15.61,6.04,79.8,35.4,101.5,98.0,Healthy,Low,Optimal Conditions
Lentil,9.0,11.62,107.85,45.39,6.09,119.0,10.5,112.6,11.8,High Risk,High,Humidity Deviation
Lentil,26.57,34.03,73.27,15.82,7.76,29.8,28.2,116.6,78.7,Healthy,Low,Humidity Deviation
Lentil,7.39,12.98,0.43,31.87,6.73,58.3,63.9,69.7,8.9,High Risk,High,Rainfall Deviation
Lentil,22.02,40.02,44.06,31.68,6.67,24.4,51.4,17.4,94.0,Healthy,Low,Humidity Deviation
Lentil,30.58,91.25,5.58,35.48,7.39,96.4,51.9,66.5,13.5,High Risk,High,Humidity Deviation
Lentil,17.02,60.34,37.98,7.51,7.63,29.6,22.3,24.6,98.0,Healthy,Low,Optimal Conditions
Lentil,30.51,23.8,126.69,56.56,7.62,35.3,84.7,29.6,5.0,High Risk,High,Rainfall Deviation
Lentil,20.23,63.67,55.09,18.12,7.85,109.8,48.6,55.7,98.0,Healthy,Low,Optimal Conditions
Lentil,20.07,45.96,39.13,10.37,7.63,65.1,29.2,97.2,98.0,Healthy,Low,Optimal Conditions
Lentil,13.19,93.1,6.37,33.41,7.07,86.9,15.7,109.8,31.1,High Risk,High,Humidity Deviation
Lentil,22.51,56.57,52.89,17.88,7.7,87.2,44.3,80.1,98.0,Healthy,Low,Optimal Conditions
Lentil,19.2,58.24,60.52,15.82,5.94,93.4,17.2,77.6,98.0,Healthy,Low,Optimal Conditions
Lentil,29.08,36.43,63.08,29.76,7.35,52.0,41.8,20.5,73.4,At Risk,Moderate,Temperature Deviation
Lentil,19.25,59.56,64.43,11.47,5.95,51.4,45.6,83.2,98.0,Healthy,Low,Optimal Conditions
Lentil,27.3,71.93,42.9,22.53,5.66,139.6,54.0,31.3,80.4,Healthy,Low,Humidity Deviation
Lentil,22.6,69.65,65.5,16.1,6.67,31.9,24.1,24.2,93.0,Healthy,Low,Humidity Deviation
Lentil,15.04,45.76,61.87,7.99,6.8,64.4,36.3,105.0,98.0,Healthy,Low,Optimal Conditions
Lentil,24.61,66.19,17.71,11.96,5.57,91.1,89.7,110.4,83.9,Healthy,Low,Rainfall Deviation
Lentil,19.25,44.83,53.19,14.99,7.22,58.8,88.9,45.4,98.0,Healthy,Low,Optimal Conditions
Lentil,20.66,38.35,18.04,11.76,6.01,125.1,18.9,90.8,78.1,Healthy,Low,Rainfall Deviation
Lentil,26.11,16.03,5.35,32.37,6.2,106.0,27.4,55.3,36.8,High Risk,High,Humidity Deviation
Lentil,20.87,69.7,86.35,20.94,7.38,47.0,78.4,58.3,83.6,Healthy,Low,Rainfall Deviation
Lentil,22.93,54.61,54.28,18.75,6.93,51.9,37.4,104.9,98.0,Healthy,Low,Optimal Conditions
Lentil,34.48,19.25,7.11,39.42,7.86,118.8,84.4,26.7,5.0,High Risk,High,Temperature Deviation
Lentil,20.55,59.41,45.7,9.78,6.26,114.7,40.5,16.7,98.0,Healthy,Low,Optimal Conditions
Lentil,16.57,69.92,72.68,19.17,5.65,78.2,19.9,98.9,91.1,Healthy,Low,Humidity Deviation
Lentil,24.03,62.77,65.53,9.75,6.29,63.5,80.5,55.0,98.0,Healthy,Low,Optimal Conditions
Lentil,13.67,43.26,69.26,17.33,6.9,94.1,30.9,39.8,93.2,Healthy,Low,Optimal Conditions
Lentil,28.98,97.96,155.21,35.45,6.82,57.1,72.8,36.1,8.4,High Risk,High,Rainfall Deviation
Lentil,21.34,39.53,25.85,23.91,6.42,37.9,19.8,85.8,88.6,Healthy,Low,Humidity Deviation
Lentil,26.66,42.14,57.2,14.99,7.31,117.8,56.9,84.0,89.9,Healthy,Low,Temperature Deviation
Lentil,20.6,50.93,52.71,14.06,5.68,72.5,77.8,27.7,98.0,Healthy,Low,Optimal Conditions
Lentil,27.58,86.01,14.99,23.93,7.17,99.8,14.7,55.3,40.7,High Risk,High,Humidity Deviation
Lentil,20.4,75.5,78.1,25.68,7.4,87.4,53.7,101.3,79.6,Healthy,Low,Humidity Deviation
Lentil,18.2,66.29,58.73,21.63,7.19,43.3,55.7,26.5,98.0,Healthy,Low,Optimal Conditions
Lentil,15.15,54.07,37.0,6.45,6.36,29.5,63.2,36.1,98.0,Healthy,Low,Optimal Conditions
Lentil,11.71,72.18,21.15,18.88,7.74,131.3,76.6,32.9,67.4,At Risk,Moderate,Temperature Deviation
Lentil,20.28,58.54,56.24,9.06,6.35,136.1,44.1,83.1,98.0,Healthy,Low,Optimal Conditions
Lentil,17.46,25.18,70.88,25.78,6.92,28.5,78.5,81.6,75.7,Healthy,Low,Humidity Deviation
Lentil,25.16,39.02,61.82,17.57,6.15,22.1,59.7,62.7,92.2,Healthy,Low,Humidity Deviation
Lentil,16.76,45.02,57.03,17.9,6.38,84.9,57.9,41.0,98.0,Healthy,Low,Optimal Conditions
Lentil,19.32,41.9,22.02,23.8,7.51,50.4,13.2,61.5,87.0,Healthy,Low,Rainfall Deviation
Lentil,17.86,59.5,35.92,14.76,5.65,130.4,56.9,112.8,98.0,Healthy,Low,Optimal Conditions
Lentil,32.78,91.23,114.79,44.9,7.44,93.2,48.8,104.7,5.0,High Risk,High,Humidity Deviation
Lentil,7.89,13.98,166.18,28.84,6.22,120.9,55.6,24.7,5.1,High Risk,High,Rainfall Deviation
Lentil,39.18,13.88,7.02,48.36,7.37,108.0,75.4,19.6,5.0,High Risk,High,Temperature Deviation
Lentil,27.25,95.19,2.62,40.82,6.1,113.7,52.6,28.9,15.3,High Risk,High,Humidity Deviation
Lentil,23.87,57.63,46.02,15.81,7.52,33.7,77.4,114.4,98.0,Healthy,Low,Optimal Conditions
Lentil,18.24,48.36,47.2,8.3,6.41,49.0,10.3,17.0,98.0,Healthy,Low,Optimal Conditions
Lentil,29.82,65.13,46.28,29.14,6.26,42.8,21.9,82.6,80.5,Healthy,Low,Temperature Deviation
Lentil,23.71,61.16,30.28,13.81,7.08,128.7,52.8,20.4,98.0,Healthy,Low,Optimal Conditions
Lentil,11.31,79.67,53.2,11.79,6.67,139.2,79.6,16.7,65.1,At Risk,Moderate,Humidity Deviation
Lentil,9.88,12.42,6.21,48.4,7.4,116.5,80.3,94.0,5.0,High Risk,High,Humidity Deviation
Lentil,13.59,29.3,19.99,13.55,5.8,48.3,76.7,71.5,64.6,At Risk,Moderate,Humidity Deviation
Lentil,16.86,60.39,50.22,6.8,6.44,73.4,38.3,42.8,98.0,Healthy,Low,Optimal Conditions
Lentil,22.39,64.06,31.03,14.4,5.68,44.3,53.6,98.4,98.0,Healthy,Low,Optimal Conditions
Lentil,23.79,59.32,37.75,15.29,6.3,112.0,28.4,30.2,98.0,Healthy,Low,Optimal Conditions
Lentil,26.25,76.34,84.7,10.18,5.51,134.5,54.5,24.3,69.6,At Risk,Moderate,Humidity Deviation
Lentil,20.67,57.5,36.53,17.6,6.86,83.0,53.3,21.5,98.0,Healthy,Low,Optimal Conditions
Lentil,22.16,41.47,48.91,14.03,6.35,96.4,88.2,29.0,95.8,Healthy,Low,Optimal Conditions
Lentil,29.28,83.0,66.64,23.59,7.76,58.8,54.2,74.3,55.9,At Risk,Moderate,Humidity Deviation
Lentil,18.6,51.97,63.78,10.63,7.06,64.9,16.8,112.2,98.0,Healthy,Low,Optimal Conditions
Lentil,15.1,50.42,41.11,9.35,7.5,54.4,60.5,15.8,98.0,Healthy,Low,Optimal Conditions
Lentil,31.24,96.64,8.67,56.12,7.13,46.0,82.8,40.6,5.0,High Risk,High,Humidity Deviation
Lentil,29.28,37.28,54.83,28.79,7.94,27.1,37.2,83.3,73.6,At Risk,Moderate,Temperature Deviation
Lentil,16.57,62.99,42.17,8.84,6.93,121.4,48.1,26.8,98.0,Healthy,Low,Optimal Conditions
Lentil,15.99,48.48,47.45,6.72,7.18,85.3,37.5,31.7,98.0,Healthy,Low,Optimal Conditions
Lentil,29.62,40.12,36.36,18.37,5.59,57.5,41.9,21.1,75.7,Healthy,Low,Temperature Deviation
Lentil,21.0,49.12,44.5,6.2,5.75,38.5,12.4,95.1,98.0,Healthy,Low,Optimal Conditions
Lentil,6.55,98.35,9.95,44.8,6.24,60.3,59.0,55.0,5.0,High Risk,High,Humidity Deviation
Lentil,27.37,38.67,48.21,24.39,5.95,23.6,46.7,76.9,82.9,Healthy,Low,Temperature Deviation
Lentil,25.68,86.1,31.5,13.33,7.54,104.3,86.6,24.4,65.6,At Risk,Moderate,Humidity Deviation
Lentil,19.33,39.77,43.84,23.43,5.99,125.1,74.2,44.7,93.7,Healthy,Low,Humidity Deviation
Lentil,22.83,61.67,61.85,9.02,7.41,95.9,52.1,116.2,98.0,Healthy,Low,Optimal Conditions
Lentil,26.52,71.19,23.43,10.71,7.58,91.5,87.4,55.8,77.0,Healthy,Low,Humidity Deviation
Lentil,18.4,50.41,63.94,8.99,5.83,60.0,73.8,57.1,98.0,Healthy,Low,Optimal Conditions
Lentil,27.59,36.46,86.09,18.43,7.66,43.0,60.6,77.8,70.2,At Risk,Moderate,Temperature Deviation
Lentil,12.63,62.88,52.63,24.2,7.65,108.7,25.9,28.7,91.7,Healthy,Low,Temperature Deviation
Lentil,11.14,23.08,133.23,33.31,6.8,123.3,64.0,17.9,24.0,High Risk,High,Rainfall Deviation
Lentil,23.83,58.05,30.72,13.94,5.92,130.4,19.8,23.1,98.0,Healthy,Low,Optimal Conditions
Lentil,13.68,44.96,59.31,26.75,7.73,99.5,38.8,57.4,95.3,Healthy,Low,Optimal Conditions
Lentil,16.03,55.74,37.42,15.02,7.4,90.5,32.3,101.1,98.0,Healthy,Low,Optimal Conditions
Lentil,17.19,47.74,60.38,13.17,5.77,90.9,78.7,62.4,98.0,Healthy,Low,Optimal Conditions
Lentil,35.83,18.8,4.36,58.25,6.52,72.7,30.7,70.1,5.0,High Risk,High,Temperature Deviation
Lentil,38.69,24.52,7.52,33.42,7.82,21.2,54.0,21.1,5.0,High Risk,High,Temperature Deviation
Lentil,18.54,47.17,31.38,10.33,6.78,116.8,37.0,47.7,98.0,Healthy,Low,Optimal Conditions
Lentil,21.17,60.31,30.14,5.09,7.67,53.3,52.1,84.2,98.0,Healthy,Low,Optimal Conditions
Lentil,12.44,69.97,74.63,13.54,7.28,68.0,59.7,70.2,80.9,Healthy,Low,Temperature Deviation
Lentil,12.7,84.23,70.91,23.39,6.21,137.1,31.4,70.6,62.6,At Risk,Moderate,Humidity Deviation
Lentil,35.46,20.83,110.73,48.12,7.24,71.5,85.0,53.4,5.0,High Risk,High,Temperature Deviation
Lentil,2.0,92.23,0.8,48.18,7.81,138.2,35.8,29.7,5.0,High Risk,High,Temperature Deviation
Lentil,23.71,50.78,31.35,13.96,6.5,124.5,18.2,77.5,98.0,Healthy,Low,Optimal Conditions
Lentil,12.43,72.17,49.45,11.94,7.75,34.1,89.7,68.7,80.2,Healthy,Low,Humidity Deviation
Lentil,14.53,25.71,46.4,14.41,6.75,128.9,78.9,111.4,75.2,Healthy,Low,Humidity Deviation
Lentil,23.27,51.87,68.49,8.91,6.33,21.1,83.8,79.5,98.0,Healthy,Low,Optimal Conditions
Lentil,16.44,57.91,33.84,7.18,6.77,35.9,17.3,87.9,98.0,Healthy,Low,Optimal Conditions
Lentil,24.09,43.08,42.9,12.13,5.63,103.5,85.6,93.1,97.7,Healthy,Low,Optimal Conditions
Lentil,18.62,49.07,57.36,8.56,6.93,120.7,51.3,77.3,98.0,Healthy,Low,Optimal Conditions
Lentil,8.78,92.71,105.98,46.74,7.9,135.7,63.3,67.8,5.1,High Risk,High,Humidity Deviation
Lentil,26.31,35.42,55.48,24.1,7.95,42.0,62.6,34.7,83.3,Healthy,Low,Humidity Deviation
Lentil,25.81,72.72,32.59,30.28,7.09,21.0,45.8,73.0,85.2,Healthy,Low,Humidity Deviation
Lentil,16.07,64.97,57.02,15.13,6.92,127.5,33.1,104.6,98.0,Healthy,Low,Optimal Conditions
Lentil,24.75,61.35,30.1,5.89,5.71,102.1,64.8,23.5,98.0,Healthy,Low,Optimal Conditions
Lentil,17.38,52.98,39.57,11.24,7.11,38.5,27.5,52.5,98.0,Healthy,Low,Optimal Conditions
Lentil,31.33,24.76,144.83,38.27,7.37,71.0,49.4,101.5,5.5,High Risk,High,Rainfall Deviation
Lentil,29.54,63.37,16.52,31.16,6.8,59.1,35.2,19.4,66.1,At Risk,Moderate,Temperature Deviation
Lentil,19.28,59.01,41.16,14.86,7.0,73.6,10.8,76.8,98.0,Healthy,Low,Optimal Conditions
Lentil,15.13,46.99,37.7,12.28,7.38,133.3,32.8,73.7,98.0,Healthy,Low,Optimal Conditions
Lentil,35.95,94.23,9.26,41.37,6.07,55.5,54.4,59.7,5.0,High Risk,High,Temperature Deviation
Lentil,19.74,48.31,65.27,18.86,6.07,26.3,84.2,47.8,98.0,Healthy,Low,Optimal Conditions
Lentil,24.19,62.65,32.13,8.11,7.53,52.1,63.5,19.2,98.0,Healthy,Low,Optimal Conditions
Lentil,31.75,98.32,5.04,48.52,5.57,21.2,22.7,113.0,5.0,High Risk,High,Humidity Deviation
Lentil,18.77,63.8,41.53,11.31,7.52,29.2,72.3,101.1,98.0,Healthy,Low,Optimal Conditions
Lentil,22.35,61.41,61.23,7.87,6.62,28.2,52.0,61.4,98.0,Healthy,Low,Optimal Conditions
Lentil,34.77,88.76,174.1,59.82,7.62,66.2,16.5,89.5,5.0,High Risk,High,Rainfall Deviation
Lentil,8.03,80.32,53.68,16.22,6.45,33.9,78.3,94.7,52.6,At Risk,Moderate,Temperature Deviation
Lentil,22.61,61.56,66.88,14.19,7.63,111.1,12.0,100.2,98.0,Healthy,Low,Optimal Conditions
Lentil,13.48,44.86,37.44,20.57,6.94,71.7,72.7,115.8,94.5,Healthy,Low,Temperature Deviation
Lentil,8.77,68.57,51.57,20.46,7.17,49.8,54.3,25.5,72.8,At Risk,Moderate,Temperature Deviation
Lentil,30.14,98.81,158.76,34.65,5.84,93.0,56.1,113.2,5.0,High Risk,High,Rainfall Deviation
Lentil,17.66,36.82,42.13,23.96,6.94,24.8,42.9,74.2,90.2,Healthy,Low,Humidity Deviation
Lentil,15.97,61.03,67.0,11.71,5.83,70.6,32.3,66.5,98.0,Healthy,Low,Optimal Conditions
Lentil,23.67,46.16,47.19,14.92,7.13,55.8,50.0,67.2,98.0,Healthy,Low,Optimal Conditions
Lentil,18.72,47.39,32.28,5.83,6.59,107.6,88.8,75.0,98.0,Healthy,Low,Optimal Conditions
Lentil,17.07,58.9,32.07,8.93,7.22,73.4,50.0,117.4,98.0,Healthy,Low,Optimal Conditions
Lentil,20.95,64.97,57.45,12.72,6.31,137.2,33.5,27.2,98.0,Healthy,Low,Optimal Conditions
Lentil,30.09,21.96,1.55,25.74,6.39,96.3,84.6,23.7,18.8,High Risk,High,Rainfall Deviation
Lentil,26.3,47.23,27.22,11.16,5.76,70.8,48.7,54.6,91.5,Healthy,Low,Temperature Deviation
Lentil,26.39,27.86,22.76,26.87,5.61,61.3,41.3,49.8,65.4,At Risk,Moderate,Humidity Deviation
Lentil,31.19,89.07,174.36,48.74,7.3,123.3,83.2,84.2,5.0,High Risk,High,Rainfall Deviation
Lentil,16.47,45.14,55.92,10.97,5.7,53.4,47.5,97.3,98.0,Healthy,Low,Optimal Conditions
Lentil,21.56,45.86,68.5,19.58,6.82,98.9,71.2,116.9,98.0,Healthy,Low,Optimal Conditions
Lentil,14.82,42.79,16.8,15.9,5.9,77.4,84.9,111.1,81.3,Healthy,Low,Rainfall Deviation
Lentil,23.58,53.63,46.36,18.27,5.58,125.7,76.8,36.1,98.0,Healthy,Low,Optimal Conditions
Lentil,23.51,56.16,59.14,7.34,6.68,81.3,17.6,49.1,98.0,Healthy,Low,Optimal Conditions
Lentil,28.88,47.73,63.65,21.2,6.06,50.9,16.9,89.1,84.5,Healthy,Low,Temperature Deviation
Lentil,22.89,62.79,39.64,8.9,5.81,84.9,87.1,40.6,98.0,Healthy,Low,Optimal Conditions
Lentil,21.06,62.13,64.81,10.18,7.47,91.1,68.6,86.1,98.0,Healthy,Low,Optimal Conditions
Lentil,18.57,60.26,60.4,6.83,6.66,124.3,73.3,76.0,98.0,Healthy,Low,Optimal Conditions
Lentil,18.25,58.07,61.26,14.2,6.49,89.2,10.3,92.2,98.0,Healthy,Low,Optimal Conditions
Lentil,2.0,91.17,0.87,29.95,7.11,139.7,89.4,111.8,5.0,High Risk,High,Temperature Deviation
Lentil,22.64,52.68,62.89,5.73,7.59,94.4,16.4,115.6,98.0,Healthy,Low,Optimal Conditions
Lentil,35.77,20.77,120.3,42.37,5.65,109.5,41.4,70.4,5.0,High Risk,High,Temperature Deviation
Lentil,14.8,85.85,19.74,19.85,7.24,83.0,83.2,68.7,56.1,At Risk,Moderate,Humidity Deviation
Lentil,23.32,60.58,38.09,16.57,6.31,87.8,87.7,19.7,98.0,Healthy,Low,Optimal Conditions
Lentil,21.06,46.0,34.4,14.19,7.6,85.5,24.9,28.8,98.0,Healthy,Low,Optimal Conditions
Lentil,33.45,15.04,1.24,31.12,6.16,31.1,78.5,48.1,5.0,High Risk,High,Temperature Deviation
Lentil,18.11,46.14,63.46,9.31,6.38,132.8,25.1,36.4,98.0,Healthy,Low,Optimal Conditions
Lentil,16.98,76.94,29.32,10.34,7.9,94.8,63.9,23.6,81.3,Healthy,Low,Humidity Deviation
Lentil,29.19,43.32,78.3,27.33,5.95,25.7,33.2,61.5,76.5,Healthy,Low,Temperature Deviation
Lentil,23.71,64.29,60.83,12.15,5.86,124.6,77.4,32.0,98.0,Healthy,Low,Optimal Conditions
Lentil,23.99,61.44,67.37,10.37,7.14,123.7,37.3,64.8,98.0,Healthy,Low,Optimal Conditions
Lentil,10.57,40.97,68.67,17.58,5.89,32.6,70.5,21.3,79.7,Healthy,Low,Temperature Deviation
Lentil,23.9,30.14,53.34,27.42,7.66,78.4,75.6,31.2,82.2,Healthy,Low,Humidity Deviation
Lentil,16.85,69.24,77.42,19.44,6.33,81.5,51.0,105.1,89.4,Healthy,Low,Humidity Deviation
Lentil,20.19,61.23,56.72,13.35,7.62,112.8,15.0,62.1,98.0,Healthy,Low,Optimal Conditions
Lentil,13.64,35.96,72.39,24.44,7.61,31.0,66.0,40.7,83.0,Healthy,Low,Humidity Deviation
Lentil,22.06,62.9,50.64,11.98,7.54,23.1,66.6,20.9,98.0,Healthy,Low,Optimal Conditions
Lentil,21.67,52.6,41.81,12.56,7.62,71.1,52.6,31.6,98.0,Healthy,Low,Optimal Conditions
Lentil,15.17,61.76,38.27,18.8,6.39,120.3,41.2,31.0,98.0,Healthy,Low,Optimal Conditions
Lentil,23.02,70.15,29.31,18.65,7.03,85.7,45.1,67.1,91.5,Healthy,Low,Humidity Deviation
Lentil,31.25,78.78,56.08,20.46,7.82,111.2,26.9,38.2,54.3,At Risk,Moderate,Temperature Deviation
Lentil,18.72,45.3,64.23,8.61,7.56,77.9,57.4,71.3,98.0,Healthy,Low,Optimal Conditions
Lentil,13.66,92.68,159.25,49.69,7.09,70.8,86.1,72.8,5.0,High Risk,High,Rainfall Deviation
Lentil,24.37,47.28,45.32,12.77,6.82,33.2,34.4,39.9,98.0,Healthy,Low,Optimal Conditions
Lentil,27.32,82.67,44.52,26.39,6.27,91.8,16.8,18.8,64.2,At Risk,Moderate,Humidity Deviation
Lentil,18.97,54.77,33.96,11.6,7.78,91.3,34.6,34.8,98.0,Healthy,Low,Optimal Conditions
Lentil,17.06,50.0,68.94,11.51,6.97,110.4,74.1,74.8,98.0,Healthy,Low,Optimal Conditions
Lentil,13.61,82.36,39.43,13.94,5.97,33.9,35.5,75.8,69.1,At Risk,Moderate,Humidity Deviation
Lentil,23.95,83.77,27.6,19.2,6.92,102.7,24.7,113.2,69.0,At Risk,Moderate,Humidity Deviation
Lentil,21.24,63.23,53.13,15.25,7.08,49.8,87.0,64.6,98.0,Healthy,Low,Optimal Conditions
Lentil,24.98,58.0,54.34,18.75,6.85,63.2,24.0,100.1,98.0,Healthy,Low,Optimal Conditions
Lentil,20.16,55.18,59.62,15.26,6.56,71.1,31.6,50.8,98.0,Healthy,Low,Optimal Conditions
Lentil,16.48,22.86,65.89,11.48,7.79,122.5,11.9,37.5,73.4,At Risk,Moderate,Humidity Deviation
Lentil,12.29,75.95,77.7,31.06,5.92,134.2,23.8,103.5,69.7,At Risk,Moderate,Humidity Deviation
Lentil,29.82,27.7,62.92,27.43,5.51,99.8,29.3,23.2,60.0,At Risk,Moderate,Humidity Deviation
Lentil,11.87,47.65,67.44,18.86,6.01,110.5,34.3,119.0,89.1,Healthy,Low,Temperature Deviation
Lentil,15.02,55.79,32.75,10.54,6.63,49.8,88.2,51.2,98.0,Healthy,Low,Optimal Conditions
Lentil,15.37,51.19,62.84,8.69,7.0,138.7,37.5,79.7,98.0,Healthy,Low,Optimal Conditions
Lentil,27.77,35.43,56.9,16.76,6.41,76.4,35.4,77.5,77.4,Healthy,Low,Humidity Deviation
Lentil,22.32,45.64,38.2,18.72,5.61,77.3,24.5,96.8,98.0,Healthy,Low,Optimal Conditions
Lentil,15.09,70.24,85.34,20.02,5.97,87.6,66.4,28.1,83.4,Healthy,Low,Rainfall Deviation
Lentil,15.24,59.89,38.09,18.52,6.79,134.6,40.6,115.4,98.0,Healthy,Low,Optimal Conditions
Lentil,5.72,89.59,1.13,29.33,6.62,45.6,18.1,48.8,5.0,High Risk,High,Humidity Deviation
Lentil,27.8,23.32,58.7,27.14,7.23,138.6,65.1,25.9,62.8,At Risk,Moderate,Humidity Deviation
Lentil,20.85,56.51,30.4,8.9,7.34,99.2,81.8,115.8,98.0,Healthy,Low,Optimal Conditions
Lentil,30.5,93.53,159.49,50.8,7.81,63.6,46.6,114.9,5.0,High Risk,High,Rainfall Deviation
Lentil,17.57,36.63,28.76,12.78,7.19,94.0,77.7,104.8,88.5,Healthy,Low,Humidity Deviation
Lentil,15.45,60.7,56.1,7.12,7.96,131.1,67.9,20.6,98.0,Healthy,Low,Optimal Conditions
Lentil,18.25,46.12,63.1,6.15,6.01,58.3,36.6,42.8,98.0,Healthy,Low,Optimal Conditions
Lentil,32.61,13.58,148.16,39.66,7.62,114.7,54.6,93.7,5.0,High Risk,High,Rainfall Deviation
Lentil,16.9,61.85,43.65,5.07,7.88,105.4,77.6,110.8,98.0,Healthy,Low,Optimal Conditions
Lentil,15.14,63.09,11.3,26.01,7.37,114.8,83.4,77.3,78.2,Healthy,Low,Rainfall Deviation
Lentil,21.72,51.46,43.7,14.19,6.22,103.3,78.2,118.5,98.0,Healthy,Low,Optimal Conditions
Lentil,19.55,59.81,53.1,5.97,6.37,115.2,49.4,87.9,98.0,Healthy,Low,Optimal Conditions
Lentil,16.23,37.06,61.46,11.19,7.85,84.8,60.8,90.5,90.5,Healthy,Low,Humidity Deviation
Lentil,16.82,63.07,61.49,5.99,7.47,128.0,23.4,21.6,98.0,Healthy,Low,Optimal Conditions
Cotton,14.96,18.58,7.0,29.2,5.61,30.9,13.9,72.6,18.8,High Risk,High,Rainfall Deviation
Cotton,31.96,60.03,104.07,12.32,5.91,120.9,29.0,19.2,98.0,Healthy,Low,Optimal Conditions
Cotton,27.59,58.69,59.7,12.99,8.36,107.2,15.5,48.6,98.0,Healthy,Low,Optimal Conditions
Cotton,23.18,50.8,28.1,25.46,7.32,63.3,86.3,49.6,84.7,Healthy,Low,Rainfall Deviation
Cotton,23.72,58.73,103.39,5.43,7.89,53.2,58.2,54.7,98.0,Healthy,Low,Optimal Conditions
Cotton,26.58,57.49,73.59,7.42,5.93,51.3,57.1,39.5,98.0,Healthy,Low,Optimal Conditions
Cotton,32.43,37.46,108.37,31.67,6.53,98.4,65.2,80.8,83.2,Healthy,Low,Humidity Deviation
Cotton,28.0,78.96,27.42,20.45,5.89,114.8,72.8,49.7,70.8,At Risk,Moderate,Rainfall Deviation
Cotton,27.59,69.95,108.83,9.74,7.99,57.9,50.9,18.3,98.0,Healthy,Low,Optimal Conditions
Cotton,45.28,24.31,221.68,38.0,5.57,100.0,54.4,25.6,5.0,High Risk,High,Temperature Deviation
Cotton,39.33,10.07,238.18,42.38,5.78,129.5,40.9,75.1,5.0,High Risk,High,Rainfall Deviation
Cotton,36.94,19.43,241.59,41.89,6.24,109.6,48.6,49.3,5.0,High Risk,High,Rainfall Deviation
Cotton,25.08,69.57,63.58,11.22,6.42,40.6,34.0,66.4,98.0,Healthy,Low,Optimal Conditions
Cotton,22.48,42.34,128.04,23.85,6.08,136.6,81.9,110.9,84.2,Healthy,Low,Humidity Deviation
Cotton,16.09,37.52,97.64,28.76,7.4,79.3,20.2,84.2,67.9,At Risk,Moderate,Temperature Deviation
Cotton,33.37,44.75,116.27,30.44,8.03,113.1,66.0,60.3,86.0,Healthy,Low,Humidity Deviation
Cotton,22.11,73.86,51.82,22.39,7.07,35.0,60.9,90.9,94.2,Healthy,Low,Humidity Deviation
Cotton,21.92,60.83,100.34,13.0,6.8,132.4,16.1,29.5,98.0,Healthy,Low,Optimal Conditions
Cotton,24.08,49.3,91.92,29.82,7.35,27.3,84.8,58.8,98.0,Healthy,Low,Optimal Conditions
Cotton,28.03,52.73,53.48,20.39,6.88,100.5,77.1,15.7,98.0,Healthy,Low,Optimal Conditions
Cotton,24.0,64.77,61.63,11.1,7.02,64.8,47.2,98.9,98.0,Healthy,Low,Optimal Conditions
Cotton,24.59,60.53,101.91,8.08,7.07,125.1,19.0,90.8,98.0,Healthy,Low,Optimal Conditions
Cotton,22.91,54.73,80.17,14.05,6.08,33.4,46.2,21.0,98.0,Healthy,Low,Optimal Conditions
Cotton,21.34,38.63,114.78,10.61,7.44,44.7,49.5,57.4,84.6,Healthy,Low,Humidity Deviation
Cotton,32.7,19.96,245.6,58.88,6.87,93.6,42.7,48.1,5.0,High Risk,High,Rainfall Deviation
Cotton,36.32,43.07,90.09,15.29,7.16,34.6,36.9,69.0,74.4,At Risk,Moderate,Temperature Deviation
Cotton,24.02,67.65,87.4,25.0,8.02,98.6,19.9,71.9,98.0,Healthy,Low,Optimal Conditions
Cotton,25.57,57.33,28.74,19.29,5.75,56.6,30.7,115.6,85.1,Healthy,Low,Rainfall Deviation
Cotton,24.41,51.59,90.32,19.79,5.96,95.3,22.3,38.8,98.0,Healthy,Low,Optimal Conditions
Cotton,16.17,49.22,75.16,18.13,5.76,89.5,47.9,63.2,82.2,Healthy,Low,Temperature Deviation
Cotton,27.19,83.27,31.56,30.46,7.73,54.1,65.0,60.7,67.2,At Risk,Moderate,Humidity Deviation
Cotton,16.44,97.4,210.92,51.35,7.38,62.0,19.4,95.7,5.0,High Risk,High,Rainfall Deviation
Cotton,29.36,69.15,109.81,10.94,5.83,31.3,49.3,98.1,98.0,Healthy,Low,Optimal Conditions
Cotton,22.85,61.77,55.13,18.18,7.01,66.4,11.1,26.9,98.0,Healthy,Low,Optimal Conditions
Cotton,32.16,13.4,270.22,44.35,5.65,123.9,65.4,85.0,15.3,High Risk,High,Rainfall Deviation
Cotton,10.65,92.47,167.48,38.4,8.34,131.4,42.8,106.1,5.0,High Risk,High,Temperature Deviation
Cotton,26.62,64.25,70.73,5.35,5.67,127.3,51.5,31.0,98.0,Healthy,Low,Optimal Conditions
Cotton,36.13,92.31,168.06,55.15,6.66,88.7,69.4,34.3,5.0,High Risk,High,Humidity Deviation
Cotton,19.16,81.97,83.55,18.81,7.26,43.3,44.1,101.9,75.6,Healthy,Low,Humidity Deviation
Cotton,34.22,82.61,130.97,21.57,8.06,64.6,18.2,42.2,64.6,At Risk,Moderate,Humidity Deviation
Cotton,30.74,54.78,95.04,6.07,7.83,30.2,85.8,82.3,98.0,Healthy,Low,Optimal Conditions
Cotton,20.98,77.72,39.72,19.25,8.14,135.4,69.5,38.7,81.2,Healthy,Low,Humidity Deviation
Cotton,14.56,19.25,2.98,29.54,7.67,49.4,19.2,25.3,14.5,High Risk,High,Rainfall Deviation
Cotton,24.52,61.45,77.48,16.25,5.56,30.9,29.8,19.1,98.0,Healthy,Low,Optimal Conditions
Cotton,29.0,65.97,85.55,13.56,7.38,116.1,77.4,50.6,98.0,Healthy,Low,Optimal Conditions
Cotton,29.9,54.21,106.56,17.57,6.82,81.6,45.0,39.0,98.0,Healthy,Low,Optimal Conditions
Cotton,24.33,58.17,103.63,10.38,7.19,30.6,40.7,59.9,98.0,Healthy,Low,Optimal Conditions
Cotton,21.29,77.23,75.49,22.11,6.49,119.3,86.1,76.7,89.2,Healthy,Low,Humidity Deviation
Cotton,36.41,35.36,28.78,20.87,6.61,45.2,39.4,60.0,49.9,High Risk,High,Temperature Deviation
Cotton,30.7,75.76,87.49,18.61,5.73,26.2,89.4,112.4,91.4,Healthy,Low,Humidity Deviation
Cotton,25.12,80.45,121.44,25.39,7.1,126.3,67.7,76.0,80.2,Healthy,Low,Humidity Deviation
Cotton,34.72,40.69,31.39,23.82,7.34,122.2,65.8,82.3,64.9,At Risk,Moderate,Rainfall Deviation
Cotton,29.14,67.11,76.63,13.11,7.85,75.9,63.3,37.6,98.0,Healthy,Low,Optimal Conditions
Cotton,21.64,78.04,33.04,30.01,8.2,72.6,53.4,20.2,76.1,Healthy,Low,Humidity Deviation
Cotton,22.7,60.46,78.29,5.19,5.83,70.3,74.6,71.8,98.0,Healthy,Low,Optimal Conditions
Cotton,33.45,76.43,65.22,28.49,7.4,76.7,15.1,41.0,84.5,Healthy,Low,Humidity Deviation
Cotton,33.9,90.69,5.57,54.72,7.96,20.4,39.2,31.4,5.3,High Risk,High,Rainfall Deviation
Cotton,22.86,51.46,83.19,16.4,6.98,54.4,18.1,105.4,98.0,Healthy,Low,Optimal Conditions
Cotton,18.41,41.87,38.52,11.51,5.91,25.2,72.2,74.0,73.1,At Risk,Moderate,Humidity Deviation
Cotton,15.04,38.92,64.13,14.33,5.73,111.8,10.6,102.0,65.9,At Risk,Moderate,Temperature Deviation
Cotton,22.46,60.11,108.36,16.04,7.78,68.8,46.0,103.6,98.0,Healthy,Low,Optimal Conditions
Cotton,21.6,63.79,66.36,19.99,8.48,97.1,47.0,15.8,98.0,Healthy,Low,Optimal Conditions
Cotton,35.86,52.91,135.43,12.93,8.26,122.5,28.1,28.0,75.3,Healthy,Low,Temperature Deviation
Cotton,29.91,37.33,121.83,18.78,5.68,139.5,86.3,58.9,80.5,Healthy,Low,Humidity Deviation
Cotton,29.18,51.2,87.66,16.42,6.14,133.2,89.7,52.7,98.0,Healthy,Low,Optimal Conditions
Cotton,38.78,94.38,166.61,34.3,8.42,32.7,35.0,109.8,17.3,High Risk,High,Humidity Deviation
Cotton,36.82,22.22,8.94,51.14,7.4,23.3,60.8,91.1,5.0,High Risk,High,Humidity Deviation
Cotton,33.0,81.06,77.91,21.02,6.29,125.4,53.5,62.3,79.4,Healthy,Low,Humidity Deviation
Cotton,37.78,88.02,0.52,45.28,6.85,100.3,52.5,35.4,5.0,High Risk,High,Rainfall Deviation
Cotton,24.37,68.85,62.6,11.92,8.35,44.2,29.6,65.2,98.0,Healthy,Low,Optimal Conditions
Cotton,21.88,56.05,58.58,11.4,5.83,90.5,49.4,77.2,98.0,Healthy,Low,Optimal Conditions
Cotton,36.21,95.47,0.59,45.6,6.31,62.9,83.3,36.3,5.0,High Risk,High,Humidity Deviation
Cotton,27.28,56.64,68.25,11.15,7.99,120.9,63.3,75.6,98.0,Healthy,Low,Optimal Conditions
Cotton,27.22,69.08,100.24,7.17,8.42,46.0,19.9,45.3,98.0,Healthy,Low,Optimal Conditions
Cotton,23.47,56.18,85.45,14.21,7.1,55.8,86.3,46.2,98.0,Healthy,Low,Optimal Conditions
Cotton,25.64,50.45,75.73,10.08,5.71,117.3,66.9,44.8,98.0,Healthy,Low,Optimal Conditions
Cotton,30.95,53.78,102.42,6.17,8.02,85.0,72.1,24.8,98.0,Healthy,Low,Optimal Conditions
Cotton,25.95,60.31,87.67,10.84,6.84,64.4,65.9,110.4,98.0,Healthy,Low,Optimal Conditions
Cotton,24.16,54.39,106.36,13.92,5.93,67.8,47.9,80.4,98.0,Healthy,Low,Optimal Conditions
Cotton,26.52,66.03,89.6,6.56,8.24,60.6,44.0,87.7,98.0,Healthy,Low,Optimal Conditions
Cotton,21.79,72.85,123.86,28.36,7.19,71.7,36.0,97.5,90.7,Healthy,Low,Rainfall Deviation
Cotton,34.09,70.51,113.78,22.26,5.73,127.1,41.4,59.7,89.5,Healthy,Low,Temperature Deviation
Cotton,20.47,89.06,16.5,16.79,8.46,130.9,76.7,31.3,46.1,High Risk,High,Humidity Deviation
Cotton,18.41,10.19,236.83,39.21,7.89,95.9,49.0,87.7,14.6,High Risk,High,Rainfall Deviation
Cotton,22.57,69.34,73.49,9.56,6.3,94.7,89.7,109.0,98.0,Healthy,Low,Optimal Conditions
Cotton,30.85,59.14,56.56,7.82,6.23,130.1,88.3,38.8,98.0,Healthy,Low,Optimal Conditions
Cotton,31.8,66.94,76.57,11.79,8.14,23.5,84.5,24.4,98.0,Healthy,Low,Optimal Conditions
Cotton,21.2,93.11,1.25,57.8,6.79,73.4,64.9,104.8,6.2,High Risk,High,Humidity Deviation
Cotton,14.3,17.11,4.34,32.79,6.38,110.7,76.3,77.8,14.6,High Risk,High,Rainfall Deviation
Cotton,34.39,98.4,245.46,58.7,8.19,123.1,72.2,28.2,5.0,High Risk,High,Rainfall Deviation
Cotton,29.3,67.33,63.65,14.31,5.68,122.7,37.8,35.6,98.0,Healthy,Low,Optimal Conditions
Cotton,15.92,17.17,6.94,27.41,7.8,57.1,24.8,106.4,22.1,High Risk,High,Rainfall Deviation
Cotton,19.55,85.58,69.3,10.1,6.01,38.2,69.3,109.2,71.6,At Risk,Moderate,Humidity Deviation
Cotton,31.03,56.13,87.36,7.46,6.71,75.4,40.0,101.3,98.0,Healthy,Low,Optimal Conditions
Cotton,25.88,48.78,63.55,21.83,6.52,53.1,69.2,53.5,98.0,Healthy,Low,Optimal Conditions
Cotton,26.1,64.53,68.49,6.98,6.52,85.5,18.1,39.6,98.0,Healthy,Low,Optimal Conditions
Cotton,10.86,12.24,197.61,31.35,7.22,106.1,42.6,32.5,5.0,High Risk,High,Temperature Deviation
Cotton,26.12,67.6,81.89,5.86,8.43,42.6,52.3,50.8,98.0,Healthy,Low,Optimal Conditions
Cotton,14.82,81.41,137.06,20.9,7.22,64.1,45.3,81.2,51.4,At Risk,Moderate,Temperature Deviation
Cotton,17.48,88.4,240.19,49.96,6.43,45.4,23.7,17.2,5.0,High Risk,High,Rainfall Deviation
Cotton,27.67,61.89,92.09,12.66,7.1,135.1,55.2,106.8,98.0,Healthy,Low,Optimal Conditions
Cotton,30.09,63.77,50.35,8.16,6.15,67.7,41.3,51.7,98.0,Healthy,Low,Optimal Conditions
Cotton,30.1,51.01,100.84,18.78,6.0,63.9,62.1,117.7,98.0,Healthy,Low,Optimal Conditions
Cotton,38.39,92.73,7.14,57.38,6.64,109.8,47.9,92.0,5.0,High Risk,High,Humidity Deviation
Cotton,25.47,56.91,102.13,18.93,7.71,118.6,38.3,30.8,98.0,Healthy,Low,Optimal Conditions
Cotton,22.17,50.94,100.15,23.68,7.61,115.2,64.7,15.8,98.0,Healthy,Low,Optimal Conditions
Cotton,22.48,66.23,78.86,10.75,7.75,29.2,66.3,69.9,98.0,Healthy,Low,Optimal Conditions
Cotton,28.26,50.42,56.16,10.97,5.78,77.9,57.6,82.7,98.0,Healthy,Low,Optimal Conditions
Cotton,29.41,51.82,105.72,7.05,6.8,24.6,48.7,112.3,98.0,Healthy,Low,Optimal Conditions
Cotton,30.97,60.08,56.48,16.58,6.81,77.5,59.0,102.1,98.0,Healthy,Low,Optimal Conditions
Cotton,29.27,53.22,52.88,5.71,5.63,83.1,41.2,97.5,98.0,Healthy,Low,Optimal Conditions
Cotton,28.38,57.48,78.24,7.02,7.8,124.4,12.8,50.5,98.0,Healthy,Low,Optimal Conditions
Cotton,30.42,65.9,82.92,7.7,7.16,72.9,82.3,43.1,98.0,Healthy,Low,Optimal Conditions
Cotton,21.28,47.41,67.16,15.45,6.69,24.2,30.5,65.7,96.9,Healthy,Low,Optimal Conditions
Cotton,37.14,46.33,41.19,22.82,7.73,115.0,26.8,90.9,68.9,At Risk,Moderate,Temperature Deviation
Cotton,27.13,60.21,54.38,17.61,7.7,101.2,37.2,119.1,98.0,Healthy,Low,Optimal Conditions
Cotton,24.33,52.63,64.13,11.69,7.34,31.8,56.5,96.7,98.0,Healthy,Low,Optimal Conditions
Cotton,12.29,93.67,6.94,47.66,5.86,98.4,31.7,15.1,5.0,High Risk,High,Humidity Deviation
Cotton,37.82,70.95,64.16,27.61,7.18,40.9,55.1,35.6,75.3,Healthy,Low,Temperature Deviation
Cotton,27.01,52.12,72.57,14.75,7.25,78.1,29.4,46.5,98.0,Healthy,Low,Optimal Conditions
Cotton,26.78,67.75,100.57,17.0,6.35,76.6,41.3,70.3,98.0,Healthy,Low,Optimal Conditions
Cotton,26.03,51.37,62.07,10.64,6.2,125.0,82.2,87.6,98.0,Healthy,Low,Optimal Conditions
Cotton,15.68,97.19,214.75,40.11,5.7,21.4,73.1,57.5,5.0,High Risk,High,Rainfall Deviation
Cotton,6.38,88.19,4.41,56.63,8.2,118.6,88.7,46.3,5.0,High Risk,High,Temperature Deviation
Cotton,15.2,83.45,112.7,10.87,7.65,57.2,74.7,28.1,58.5,At Risk,Moderate,Temperature Deviation
Cotton,25.83,67.58,67.05,17.66,5.81,40.8,22.6,79.4,98.0,Healthy,Low,Optimal Conditions
Cotton,30.5,59.72,100.28,8.61,8.29,96.2,50.5,78.9,98.0,Healthy,Low,Optimal Conditions
Cotton,37.65,22.37,8.84,29.26,8.05,75.2,81.2,19.0,18.6,High Risk,High,Humidity Deviation
Cotton,38.12,88.05,212.43,34.72,7.69,81.9,31.0,67.9,11.2,High Risk,High,Rainfall Deviation
Cotton,23.75,61.86,88.29,7.11,8.29,20.8,32.2,51.1,98.0,Healthy,Low,Optimal Conditions
Cotton,21.99,66.95,71.71,10.48,7.57,106.9,66.6,64.2,98.0,Healthy,Low,Optimal Conditions
Cotton,25.05,46.13,44.16,23.52,7.98,80.7,66.9,91.8,91.3,Healthy,Low,Optimal Conditions
Cotton,32.97,15.35,6.25,50.72,7.01,77.9,73.8,107.8,11.9,High Risk,High,Rainfall Deviation
Cotton,17.38,21.06,8.87,26.0,6.01,110.5,63.9,102.7,28.5,High Risk,High,Humidity Deviation
Cotton,36.02,31.33,90.51,27.35,5.68,39.8,68.4,37.2,61.5,At Risk,Moderate,Humidity Deviation
Cotton,23.41,64.66,81.93,13.21,6.73,37.5,27.2,34.4,98.0,Healthy,Low,Optimal Conditions
Cotton,14.37,55.0,122.33,28.81,7.37,108.2,42.0,51.5,72.3,At Risk,Moderate,Temperature Deviation
Cotton,27.88,66.36,89.81,10.89,8.46,20.7,34.8,116.7,98.0,Healthy,Low,Optimal Conditions
Cotton,27.82,54.79,91.4,14.73,7.35,65.1,86.5,82.6,98.0,Healthy,Low,Optimal Conditions
Cotton,29.1,56.39,69.81,8.39,7.44,134.7,75.5,112.0,98.0,Healthy,Low,Optimal Conditions
Cotton,17.65,92.12,258.7,29.03,6.58,138.0,67.1,106.3,15.1,High Risk,High,Rainfall Deviation
Cotton,16.12,10.6,246.55,38.97,8.42,119.3,18.0,48.6,7.0,High Risk,High,Rainfall Deviation
Cotton,18.97,78.56,39.78,24.81,6.36,26.7,74.1,49.1,72.9,At Risk,Moderate,Humidity Deviation
Cotton,40.74,15.88,6.82,56.16,8.21,55.9,77.1,103.2,5.0,High Risk,High,Temperature Deviation
Cotton,15.75,89.21,33.54,29.14,7.01,64.9,60.5,93.3,41.3,High Risk,High,Humidity Deviation
Cotton,37.31,79.39,81.5,28.73,7.63,105.6,10.4,46.2,64.7,At Risk,Moderate,Temperature Deviation
Cotton,26.72,58.88,76.19,17.94,8.41,121.6,65.3,92.3,98.0,Healthy,Low,Optimal Conditions
Cotton,28.61,79.68,86.53,25.2,5.91,103.3,82.5,64.7,85.5,Healthy,Low,Humidity Deviation
Cotton,37.23,43.18,108.18,21.78,6.33,31.0,74.0,38.3,70.9,At Risk,Moderate,Temperature Deviation
Cotton,28.9,37.36,125.33,26.41,8.3,125.2,63.6,35.0,79.3,Healthy,Low,Humidity Deviation
Cotton,27.1,50.68,90.88,19.7,7.98,102.5,64.2,109.2,98.0,Healthy,Low,Optimal Conditions
Cotton,25.91,63.21,84.36,17.66,6.6,70.0,29.9,82.1,98.0,Healthy,Low,Optimal Conditions
Cotton,27.03,51.21,92.26,12.99,7.73,50.0,78.4,106.4,98.0,Healthy,Low,Optimal Conditions
Cotton,22.05,60.14,88.82,13.99,8.19,130.2,59.8,82.4,98.0,Healthy,Low,Optimal Conditions
Cotton,25.33,56.6,70.75,15.91,6.96,80.3,29.8,32.6,98.0,Healthy,Low,Optimal Conditions
Cotton,21.63,53.19,99.11,11.56,8.43,20.5,83.6,83.5,98.0,Healthy,Low,Optimal Conditions
Cotton,25.16,91.04,98.77,18.62,7.19,119.1,61.4,52.6,68.4,At Risk,Moderate,Humidity Deviation
Cotton,23.31,60.31,98.66,5.02,7.63,80.8,78.8,68.6,98.0,Healthy,Low,Optimal Conditions
Cotton,36.7,11.17,240.26,56.43,6.82,139.5,46.9,82.5,5.0,High Risk,High,Rainfall Deviation
Cotton,28.68,56.39,57.66,7.22,7.02,90.7,66.3,61.8,98.0,Healthy,Low,Optimal Conditions
Cotton,38.61,10.2,231.47,48.79,7.97,65.8,66.6,79.6,5.0,High Risk,High,Rainfall Deviation
Cotton,18.25,22.12,8.48,50.68,8.01,27.3,23.2,75.9,7.8,High Risk,High,Humidity Deviation
Cotton,17.67,37.97,31.04,22.96,7.92,106.2,35.4,79.9,60.6,At Risk,Moderate,Humidity Deviation
Cotton,25.13,50.01,89.58,18.0,7.17,28.8,13.3,46.0,98.0,Healthy,Low,Optimal Conditions
Cotton,24.05,60.45,91.45,8.77,6.72,65.9,36.2,55.8,98.0,Healthy,Low,Optimal Conditions
Cotton,20.52,65.23,132.48,22.93,7.39,107.5,79.4,101.1,90.1,Healthy,Low,Rainfall Deviation
Cotton,30.21,54.1,74.28,15.02,6.23,62.6,51.0,40.3,98.0,Healthy,Low,Optimal Conditions
Cotton,32.51,26.82,39.15,23.16,8.33,45.8,20.3,71.2,62.5,At Risk,Moderate,Humidity Deviation
Cotton,26.96,60.09,51.16,19.47,6.1,127.4,40.6,31.6,98.0,Healthy,Low,Optimal Conditions
Cotton,26.62,57.24,105.05,8.02,7.67,42.3,79.7,68.6,98.0,Healthy,Low,Optimal Conditions
Cotton,11.09,23.32,9.04,55.24,7.16,50.9,17.8,88.2,5.0,High Risk,High,Temperature Deviation
Cotton,27.34,57.86,90.21,14.33,7.32,81.9,65.1,90.0,98.0,Healthy,Low,Optimal Conditions
Cotton,27.56,50.26,80.99,16.91,5.68,58.7,12.9,74.4,98.0,Healthy,Low,Optimal Conditions
Cotton,38.34,92.11,2.76,54.12,8.12,103.2,37.3,101.3,5.0,High Risk,High,Humidity Deviation
Cotton,23.92,51.85,56.62,13.9,5.72,101.6,37.9,20.8,98.0,Healthy,Low,Optimal Conditions
Cotton,25.39,57.33,80.61,12.54,6.58,127.9,27.6,50.7,98.0,Healthy,Low,Optimal Conditions
Cotton,17.57,89.86,142.27,31.68,7.94,112.5,85.1,50.7,46.5,High Risk,High,Humidity Deviation
Cotton,21.64,81.02,122.76,22.13,7.5,76.7,69.8,78.3,78.8,Healthy,Low,Humidity Deviation
Cotton,20.66,14.58,4.77,27.36,7.67,99.3,29.7,63.2,37.2,High Risk,High,Rainfall Deviation
Cotton,19.46,17.7,206.52,49.11,7.71,25.9,80.0,45.1,8.3,High Risk,High,Rainfall Deviation
Cotton,20.81,15.89,6.16,29.25,8.02,20.6,45.9,30.4,38.6,High Risk,High,Rainfall Deviation
Cotton,34.03,21.37,190.35,46.49,7.16,67.5,24.9,117.6,15.4,High Risk,High,Humidity Deviation
Cotton,30.08,86.58,122.48,25.93,8.13,42.2,21.9,89.7,70.6,At Risk,Moderate,Humidity Deviation
Cotton,37.45,89.89,249.18,31.33,5.53,112.0,20.9,74.7,8.4,High Risk,High,Rainfall Deviation
Cotton,23.01,56.94,65.45,11.5,7.57,26.1,24.7,23.4,98.0,Healthy,Low,Optimal Conditions
Cotton,43.95,94.66,4.06,45.85,8.05,23.1,74.2,64.8,5.0,High Risk,High,Temperature Deviation
Cotton,27.69,56.0,109.11,9.06,7.64,80.2,41.6,70.2,98.0,Healthy,Low,Optimal Conditions
Cotton,26.08,57.5,88.83,15.83,7.81,114.3,38.3,79.6,98.0,Healthy,Low,Optimal Conditions
Cotton,34.18,78.45,63.74,21.56,6.19,37.0,21.4,101.5,78.6,Healthy,Low,Humidity Deviation
Cotton,25.11,46.04,79.57,19.82,7.58,75.1,55.7,89.5,95.3,Healthy,Low,Optimal Conditions
Cotton,37.3,35.4,105.0,31.28,7.25,101.1,66.8,94.1,61.3,At Risk,Moderate,Temperature Deviation
Cotton,13.38,16.08,3.07,37.34,7.13,25.4,58.9,45.7,7.0,High Risk,High,Rainfall Deviation
Cotton,21.85,68.32,68.5,10.2,8.39,91.0,57.3,25.4,98.0,Healthy,Low,Optimal Conditions
Cotton,25.18,69.59,119.37,18.97,8.15,65.5,21.7,48.0,96.6,Healthy,Low,Optimal Conditions
Cotton,29.28,51.74,89.51,12.68,6.45,67.4,65.9,78.1,98.0,Healthy,Low,Optimal Conditions
Cotton,22.09,64.06,102.78,7.41,7.29,44.7,88.8,81.0,98.0,Healthy,Low,Optimal Conditions
Cotton,18.43,14.22,4.9,25.65,6.5,44.3,54.4,42.3,29.5,High Risk,High,Rainfall Deviation
Cotton,31.48,66.9,52.72,9.07,7.39,58.6,32.5,77.6,98.0,Healthy,Low,Optimal Conditions
Cotton,28.13,51.79,69.5,6.73,6.39,101.9,71.1,30.2,98.0,Healthy,Low,Optimal Conditions
Cotton,31.05,44.9,37.38,14.07,8.33,101.3,86.0,36.0,85.0,Healthy,Low,Rainfall Deviation
Cotton,37.1,44.13,26.35,24.0,6.62,36.2,83.0,67.3,56.0,At Risk,Moderate,Temperature Deviation
Cotton,31.54,76.43,87.07,11.3,6.99,51.0,14.2,20.4,90.4,Healthy,Low,Humidity Deviation
Cotton,24.64,66.29,57.84,5.41,5.68,59.8,58.5,67.5,98.0,Healthy,Low,Optimal Conditions
Cotton,29.78,63.72,39.95,30.13,7.04,114.4,59.0,45.6,93.0,Healthy,Low,Rainfall Deviation
Cotton,38.89,80.78,122.7,17.1,6.13,54.9,32.1,43.5,51.7,At Risk,Moderate,Temperature Deviation
Cotton,26.49,53.2,103.94,17.02,8.23,124.7,38.5,96.2,98.0,Healthy,Low,Optimal Conditions
Cotton,35.82,27.56,138.52,31.04,5.82,125.3,77.6,54.6,47.4,High Risk,High,Humidity Deviation
Cotton,29.6,85.57,35.61,31.24,6.24,107.9,67.6,102.8,66.6,At Risk,Moderate,Humidity Deviation
Cotton,28.13,57.26,64.07,19.8,8.21,75.7,58.6,116.8,98.0,Healthy,Low,Optimal Conditions
Cotton,30.25,57.93,102.38,12.3,7.1,110.7,80.5,42.8,98.0,Healthy,Low,Optimal Conditions
Cotton,26.16,81.04,58.06,13.0,7.32,121.6,46.2,79.2,83.4,Healthy,Low,Humidity Deviation
Cotton,24.35,32.89,81.71,26.8,7.32,102.9,53.3,86.6,79.5,Healthy,Low,Humidity Deviation
Cotton,22.89,78.07,128.8,11.66,7.53,56.3,38.7,92.0,81.1,Healthy,Low,Humidity Deviation
Cotton,19.41,23.33,1.23,56.13,7.65,63.9,58.4,68.5,5.3,High Risk,High,Rainfall Deviation
Cotton,16.61,80.53,102.56,16.21,6.34,51.6,26.7,22.0,68.8,At Risk,Moderate,Humidity Deviation
Cotton,20.7,39.75,123.91,11.83,6.02,105.6,69.4,23.1,81.6,Healthy,Low,Humidity Deviation
Cotton,29.4,46.94,124.9,11.25,6.92,113.4,57.3,94.6,90.9,Healthy,Low,Rainfall Deviation
Cotton,11.7,18.0,251.16,35.32,7.48,116.8,38.9,89.5,5.0,High Risk,High,Rainfall Deviation
Cotton,24.27,50.13,63.21,16.43,5.75,29.4,61.1,67.5,98.0,Healthy,Low,Optimal Conditions
Cotton,37.85,38.99,52.18,25.62,7.39,123.5,52.3,26.4,63.4,At Risk,Moderate,Temperature Deviation
Cotton,36.64,14.25,190.47,55.9,5.62,22.1,62.9,79.2,5.0,High Risk,High,Humidity Deviation
Cotton,21.78,59.54,98.0,15.84,7.07,73.6,72.8,47.8,98.0,Healthy,Low,Optimal Conditions
Cotton,20.83,42.58,122.74,11.89,6.55,25.8,22.0,43.5,85.9,Healthy,Low,Humidity Deviation
Cotton,17.86,29.35,79.31,24.61,7.4,106.9,23.6,92.2,64.2,At Risk,Moderate,Humidity Deviation
Cotton,29.17,67.85,80.86,5.15,7.3,61.4,54.0,58.9,98.0,Healthy,Low,Optimal Conditions
Cotton,23.68,45.51,79.7,29.08,7.45,101.5,73.5,119.9,94.6,Healthy,Low,Humidity Deviation
Cotton,27.03,64.09,58.77,9.6,6.42,59.3,67.5,77.2,98.0,Healthy,Low,Optimal Conditions
Cotton,17.14,75.02,75.52,26.66,7.35,115.9,22.4,54.6,78.9,Healthy,Low,Temperature Deviation
Cotton,26.1,53.51,98.98,17.01,6.6,106.8,44.0,44.9,98.0,Healthy,Low,Optimal Conditions
Cotton,26.39,50.25,92.65,10.84,5.92,96.2,70.3,27.3,98.0,Healthy,Low,Optimal Conditions
Cotton,25.27,62.98,84.85,19.62,6.82,61.9,70.8,115.4,98.0,Healthy,Low,Optimal Conditions
Cotton,15.37,88.51,179.88,30.41,6.85,76.9,77.8,53.1,27.1,High Risk,High,Humidity Deviation
Cotton,27.61,63.24,84.94,12.35,6.14,84.6,12.9,74.5,98.0,Healthy,Low,Optimal Conditions
Cotton,33.96,31.95,45.66,19.03,8.17,99.6,44.1,77.5,67.4,At Risk,Moderate,Humidity Deviation
Cotton,29.84,64.33,63.04,9.61,5.51,114.9,17.2,75.1,98.0,Healthy,Low,Optimal Conditions
Cotton,15.47,14.24,266.73,32.85,8.2,62.0,32.0,46.2,10.6,High Risk,High,Rainfall Deviation
Cotton,33.79,88.45,107.42,14.21,6.46,80.5,82.1,55.8,65.2,At Risk,Moderate,Humidity Deviation
Cotton,30.38,54.63,86.26,11.2,8.22,102.4,81.0,84.3,98.0,Healthy,Low,Optimal Conditions
Cotton,25.74,46.3,50.28,12.69,6.99,41.8,49.3,17.3,95.6,Healthy,Low,Optimal Conditions
Cotton,21.61,52.91,91.69,19.64,7.19,40.3,40.1,39.6,98.0,Healthy,Low,Optimal Conditions
Cotton,31.04,60.84,58.93,16.19,6.01,44.8,58.1,59.8,98.0,Healthy,Low,Optimal Conditions
Cotton,35.76,92.84,3.21,49.61,7.92,129.5,45.3,82.0,5.0,High Risk,High,Humidity Deviation
Cotton,33.03,49.72,27.55,17.04,7.33,41.5,61.6,89.2,79.8,Healthy,Low,Rainfall Deviation
Cotton,22.06,58.04,91.92,17.2,5.61,84.4,30.6,58.7,98.0,Healthy,Low,Optimal Conditions
Cotton,25.58,78.06,126.17,10.17,7.8,115.9,24.0,104.4,82.0,Healthy,Low,Humidity Deviation
Cotton,27.02,63.7,109.33,19.84,8.41,69.0,78.9,93.4,98.0,Healthy,Low,Optimal Conditions
Cotton,22.75,50.75,52.11,14.07,5.73,36.3,29.5,73.1,98.0,Healthy,Low,Optimal Conditions
Cotton,25.36,57.07,73.78,18.94,8.41,28.7,18.8,20.7,98.0,Healthy,Low,Optimal Conditions
Cotton,30.36,66.0,71.29,16.26,8.44,43.3,87.1,95.9,98.0,Healthy,Low,Optimal Conditions
Cotton,29.74,52.05,51.78,16.47,8.18,68.0,11.9,77.7,98.0,Healthy,Low,Optimal Conditions
Cotton,26.98,56.36,87.34,8.9,5.95,110.3,53.1,48.3,98.0,Healthy,Low,Optimal Conditions
Cotton,20.29,45.42,35.6,18.72,6.91,105.2,63.6,118.8,82.0,Healthy,Low,Rainfall Deviation
Cotton,22.7,64.55,92.17,7.03,7.95,61.2,47.7,87.1,98.0,Healthy,Low,Optimal Conditions
Cotton,20.28,90.79,100.34,19.64,5.96,89.5,21.2,111.1,66.3,At Risk,Moderate,Humidity Deviation
Cotton,21.47,50.04,90.58,14.17,7.81,109.9,10.2,32.5,98.0,Healthy,Low,Optimal Conditions
Cotton,21.68,53.56,84.89,11.86,8.08,46.9,52.8,105.5,98.0,Healthy,Low,Optimal Conditions
Cotton,30.57,56.88,101.57,15.23,7.52,25.8,85.3,60.3,98.0,Healthy,Low,Optimal Conditions
Cotton,29.43,67.34,105.77,12.6,6.71,90.0,33.7,56.2,98.0,Healthy,Low,Optimal Conditions
Cotton,26.28,65.69,129.71,20.35,7.7,28.2,33.8,48.8,92.8,Healthy,Low,Rainfall Deviation
Cotton,34.96,38.82,63.94,10.89,7.98,75.9,57.5,75.9,74.8,At Risk,Moderate,Humidity Deviation
Cotton,36.21,77.97,32.74,22.83,6.49,33.1,49.2,59.2,59.1,At Risk,Moderate,Temperature Deviation
Cotton,31.5,69.13,83.53,19.17,6.27,115.0,85.9,56.5,98.0,Healthy,Low,Optimal Conditions
Cotton,28.64,59.48,72.71,16.67,6.22,102.6,41.0,42.4,98.0,Healthy,Low,Optimal Conditions
Cotton,36.32,91.99,6.29,55.45,7.73,80.7,35.3,98.1,5.0,High Risk,High,Humidity Deviation
Cotton,16.17,38.64,61.62,30.41,5.65,64.7,69.2,46.9,69.4,At Risk,Moderate,Temperature Deviation
Cotton,36.08,37.14,44.23,31.77,5.83,49.5,42.3,98.7,64.2,At Risk,Moderate,Temperature Deviation
Cotton,24.11,69.04,51.42,15.29,7.01,114.5,13.1,21.1,98.0,Healthy,Low,Optimal Conditions
Cotton,35.17,96.46,8.66,55.41,6.61,59.5,68.4,110.6,5.0,High Risk,High,Humidity Deviation
Cotton,36.63,97.7,5.09,39.93,5.75,64.2,74.8,30.8,7.7,High Risk,High,Humidity Deviation
Cotton,23.81,52.6,108.15,11.51,5.57,101.3,52.0,101.1,98.0,Healthy,Low,Optimal Conditions
Cotton,31.01,50.56,81.46,12.33,5.54,27.6,33.0,75.3,98.0,Healthy,Low,Optimal Conditions
Cotton,23.02,52.72,105.67,13.47,6.24,136.5,42.7,26.8,98.0,Healthy,Low,Optimal Conditions
Cotton,13.93,38.23,40.6,24.88,7.13,118.0,70.2,117.3,54.5,At Risk,Moderate,Temperature Deviation
Cotton,21.88,68.15,107.34,11.1,6.87,64.2,72.2,95.9,98.0,Healthy,Low,Optimal Conditions
Cotton,25.22,54.25,52.8,5.84,5.94,23.6,43.9,21.7,98.0,Healthy,Low,Optimal Conditions
Cotton,41.82,89.65,273.81,59.26,6.99,60.7,66.8,99.2,5.0,High Risk,High,Rainfall Deviation
Cotton,13.33,40.35,72.7,21.17,6.55,106.0,55.7,76.0,61.6,At Risk,Moderate,Temperature Deviation
Cotton,18.87,50.78,39.16,26.98,8.38,50.3,72.9,97.6,84.9,Healthy,Low,Rainfall Deviation
Cotton,33.16,45.25,94.87,26.49,6.11,119.5,82.5,26.1,89.7,Healthy,Low,Humidity Deviation
Cotton,31.18,65.41,52.33,7.73,6.74,123.7,22.1,91.0,98.0,Healthy,Low,Optimal Conditions
Cotton,26.14,64.58,53.88,8.06,7.88,39.6,63.4,82.4,98.0,Healthy,Low,Optimal Conditions
Cotton,36.91,42.73,57.85,14.15,6.37,125.6,50.6,105.7,71.6,At Risk,Moderate,Temperature Deviation
Cotton,26.57,56.31,66.83,17.91,8.01,127.5,44.4,116.0,98.0,Healthy,Low,Optimal Conditions
Cotton,31.88,65.14,89.26,18.37,7.39,70.4,38.9,29.8,98.0,Healthy,Low,Optimal Conditions
Cotton,34.48,82.52,98.33,15.01,6.66,26.0,61.3,108.1,71.3,At Risk,Moderate,Humidity Deviation
Cotton,29.85,52.53,93.39,6.2,6.28,63.2,22.5,34.4,98.0,Healthy,Low,Optimal Conditions
Cotton,35.72,47.22,119.28,24.26,5.95,72.7,29.4,50.5,78.4,Healthy,Low,Temperature Deviation
Cotton,41.9,23.86,204.62,47.98,8.42,122.2,15.0,112.1,5.0,High Risk,High,Temperature Deviation
Cotton,21.8,54.56,78.99,17.23,6.3,66.8,21.3,45.6,98.0,Healthy,Low,Optimal Conditions
Cotton,13.11,95.28,9.44,31.86,8.26,70.9,83.3,59.0,9.0,High Risk,High,Humidity Deviation
Cotton,28.65,31.4,89.64,30.47,7.98,134.3,70.9,74.1,77.7,Healthy,Low,Humidity Deviation
Cotton,30.16,44.62,18.44,22.57,6.54,45.7,27.1,34.3,71.4,At Risk,Moderate,Rainfall Deviation
Cotton,24.75,77.17,27.62,14.18,6.96,74.1,24.7,86.2,73.6,At Risk,Moderate,Rainfall Deviation
Cotton,32.39,71.47,24.67,24.4,6.66,76.5,51.9,50.2,78.5,Healthy,Low,Rainfall Deviation
Cotton,27.17,51.18,84.38,10.22,7.22,73.4,24.7,26.5,98.0,Healthy,Low,Optimal Conditions
Cotton,35.6,97.6,9.69,35.96,7.71,99.6,47.1,82.2,21.0,High Risk,High,Humidity Deviation
Cotton,34.78,15.0,8.37,49.58,7.53,69.2,59.7,22.3,7.9,High Risk,High,Humidity Deviation
Cotton,20.35,31.84,36.72,27.5,6.35,40.6,11.0,109.0,66.7,At Risk,Moderate,Humidity Deviation
Cotton,24.09,58.06,92.71,10.9,6.18,30.5,59.7,117.1,98.0,Healthy,Low,Optimal Conditions
Cotton,37.75,26.84,125.76,19.02,5.83,22.9,82.0,28.0,43.5,High Risk,High,Humidity Deviation
Sugarcane,17.26,24.69,373.62,29.47,7.46,47.5,57.9,39.9,11.7,High Risk,High,Rainfall Deviation
Sugarcane,27.11,86.78,62.75,10.99,6.87,136.2,16.2,49.8,84.3,Healthy,Low,Rainfall Deviation
Sugarcane,30.94,76.57,128.34,16.4,5.58,35.1,14.7,50.5,98.0,Healthy,Low,Optimal Conditions
Sugarcane,23.42,84.16,205.8,17.11,6.04,92.8,67.5,93.8,96.8,Healthy,Low,Optimal Conditions
Sugarcane,25.09,83.31,168.78,19.23,5.91,98.9,25.7,106.0,98.0,Healthy,Low,Optimal Conditions
Sugarcane,35.92,87.17,227.55,28.43,7.07,59.9,63.2,84.7,87.6,Healthy,Low,Rainfall Deviation
Sugarcane,22.3,88.06,115.41,14.68,7.54,118.1,39.1,29.7,89.5,Healthy,Low,Temperature Deviation
Sugarcane,30.44,70.04,166.16,10.88,6.13,93.6,15.9,80.6,98.0,Healthy,Low,Optimal Conditions
Sugarcane,47.31,92.21,310.44,51.93,6.57,65.6,26.1,37.5,5.0,High Risk,High,Temperature Deviation
Sugarcane,26.33,77.68,185.13,15.18,6.33,58.7,59.3,79.9,98.0,Healthy,Low,Optimal Conditions
Sugarcane,39.64,46.6,137.34,21.99,6.49,128.7,52.6,117.2,59.3,At Risk,Moderate,Humidity Deviation
Sugarcane,21.59,59.93,151.98,30.81,7.6,42.3,42.9,81.3,85.5,Healthy,Low,Temperature Deviation
Sugarcane,29.36,79.22,114.9,8.75,6.88,103.7,54.9,37.3,98.0,Healthy,Low,Optimal Conditions
Sugarcane,43.76,90.65,348.67,55.78,8.02,68.4,54.8,86.2,5.0,High Risk,High,Temperature Deviation
Sugarcane,15.05,93.5,366.33,59.76,6.11,92.8,55.8,49.0,5.0,High Risk,High,Rainfall Deviation
Sugarcane,27.59,63.06,90.84,30.82,7.49,108.5,74.5,110.8,94.5,Healthy,Low,Optimal Conditions
Sugarcane,28.73,65.46,193.72,6.96,6.76,92.0,89.5,56.9,98.0,Healthy,Low,Optimal Conditions
Sugarcane,18.21,62.76,36.82,14.84,6.8,124.8,45.7,31.9,54.9,At Risk,Moderate,Rainfall Deviation
Sugarcane,20.31,91.22,104.92,19.16,7.21,26.4,25.5,15.4,77.8,Healthy,Low,Temperature Deviation
Sugarcane,22.75,55.33,88.3,30.85,7.17,85.0,72.1,36.6,79.9,Healthy,Low,Humidity Deviation
Sugarcane,31.23,50.57,214.83,16.56,5.84,51.7,52.7,80.5,79.7,Healthy,Low,Humidity Deviation
Sugarcane,25.15,70.26,125.7,13.03,5.79,54.6,37.5,70.4,98.0,Healthy,Low,Optimal Conditions
Sugarcane,25.65,65.51,117.3,17.37,6.48,84.7,49.2,44.0,98.0,Healthy,Low,Optimal Conditions
Sugarcane,39.12,20.54,4.09,50.18,7.14,49.2,34.3,119.7,5.0,High Risk,High,Rainfall Deviation
Sugarcane,22.14,95.32,321.79,53.94,5.62,72.9,75.8,52.1,28.6,High Risk,High,Wind Force
Sugarcane,19.06,22.01,318.76,40.37,7.36,26.0,58.1,109.4,20.9,High Risk,High,Humidity Deviation
Sugarcane,41.48,15.61,341.21,54.44,6.31,116.5,49.3,23.0,5.0,High Risk,High,Humidity Deviation
Sugarcane,32.83,72.78,109.33,14.58,7.88,35.9,53.4,36.8,98.0,Healthy,Low,Optimal Conditions
Sugarcane,28.55,65.1,135.57,9.64,7.37,125.6,18.4,65.7,98.0,Healthy,Low,Optimal Conditions
Sugarcane,34.86,80.61,111.79,10.53,5.81,114.4,49.0,83.0,98.0,Healthy,Low,Optimal Conditions
Sugarcane,26.99,69.44,202.6,26.77,7.6,33.0,76.3,26.5,98.0,Healthy,Low,Optimal Conditions
Sugarcane,27.98,63.23,194.2,17.72,6.96,24.3,67.2,22.2,97.9,Healthy,Low,Optimal Conditions
Sugarcane,26.28,98.0,138.67,15.19,5.95,77.9,68.1,117.1,80.5,Healthy,Low,Humidity Deviation
Sugarcane,37.26,61.27,91.63,18.68,7.48,57.7,47.2,42.7,83.6,Healthy,Low,Temperature Deviation
Sugarcane,37.11,81.18,196.39,23.93,6.56,72.1,53.8,31.3,91.6,Healthy,Low,Temperature Deviation
Sugarcane,20.98,17.13,1.93,55.79,6.57,93.1,84.9,74.5,5.0,High Risk,High,Rainfall Deviation
Sugarcane,25.12,84.34,155.21,7.84,7.09,134.9,13.6,70.3,98.0,Healthy,Low,Optimal Conditions
Sugarcane,28.91,78.09,145.92,19.44,7.14,135.6,35.2,17.2,98.0,Healthy,Low,Optimal Conditions
Sugarcane,24.79,79.78,118.99,16.36,7.01,46.0,59.1,16.2,98.0,Healthy,Low,Optimal Conditions
Sugarcane,32.63,79.98,179.07,13.81,7.11,68.9,85.9,114.7,98.0,Healthy,Low,Optimal Conditions
Sugarcane,34.58,82.41,160.6,9.87,6.68,121.8,21.8,80.2,98.0,Healthy,Low,Optimal Conditions
Sugarcane,28.16,65.1,196.94,6.63,7.64,87.4,76.2,69.1,98.0,Healthy,Low,Optimal Conditions
Sugarcane,40.01,97.74,328.22,37.85,7.81,31.8,63.5,105.2,30.9,High Risk,High,Rainfall Deviation
Sugarcane,38.0,55.39,176.54,15.42,7.25,76.1,19.7,45.4,76.5,Healthy,Low,Temperature Deviation
Sugarcane,34.55,72.91,111.58,19.59,6.72,36.8,58.9,99.9,98.0,Healthy,Low,Optimal Conditions
Sugarcane,42.02,67.23,105.44,17.76,7.37,75.8,55.7,46.7,71.9,At Risk,Moderate,Temperature Deviation
Sugarcane,31.85,67.15,180.12,11.35,8.23,83.7,14.5,68.7,98.0,Healthy,Low,Optimal Conditions
Sugarcane,34.69,67.54,85.72,30.08,6.36,24.0,21.9,101.0,95.0,Healthy,Low,Optimal Conditions
Sugarcane,38.68,10.84,344.54,48.36,6.74,95.1,18.0,32.3,6.3,High Risk,High,Humidity Deviation
Sugarcane,50.38,94.13,0.6,39.69,6.89,52.8,16.6,94.3,5.0,High Risk,High,Temperature Deviation
Sugarcane,33.75,83.9,108.83,15.27,7.8,97.6,36.3,44.9,98.0,Healthy,Low,Optimal Conditions
Sugarcane,24.17,88.82,237.92,28.42,6.46,33.6,22.5,48.9,86.7,Healthy,Low,Rainfall Deviation
Sugarcane,14.61,90.0,476.16,58.6,7.68,56.1,73.9,112.8,5.0,High Risk,High,Rainfall Deviation
Sugarcane,41.81,64.98,256.18,12.62,6.84,52.8,68.4,105.8,61.5,At Risk,Moderate,Temperature Deviation
Sugarcane,31.53,72.97,194.86,5.03,7.65,25.2,68.0,114.7,98.0,Healthy,Low,Optimal Conditions
Sugarcane,40.87,97.62,407.16,47.83,7.12,130.4,61.8,55.1,5.0,High Risk,High,Rainfall Deviation
Sugarcane,9.61,16.88,0.74,41.5,7.72,100.7,44.1,22.5,5.0,High Risk,High,Temperature Deviation
Sugarcane,20.25,11.0,331.32,47.64,5.56,108.6,17.9,61.7,11.6,High Risk,High,Humidity Deviation
Sugarcane,25.86,74.29,106.53,7.25,7.02,103.5,38.8,105.9,98.0,Healthy,Low,Optimal Conditions
Sugarcane,30.17,66.79,116.75,18.63,8.28,139.7,74.0,36.0,98.0,Healthy,Low,Optimal Conditions
Sugarcane,24.98,66.08,173.26,13.11,7.35,89.6,10.9,48.6,98.0,Healthy,Low,Optimal Conditions
Sugarcane,32.41,98.0,149.66,14.09,6.05,21.3,23.6,113.7,80.5,Healthy,Low,Humidity Deviation
Sugarcane,37.28,55.57,150.13,11.67,5.94,99.6,89.5,113.1,79.6,Healthy,Low,Humidity Deviation
Sugarcane,39.71,49.09,94.7,31.58,6.98,83.0,11.5,113.3,60.2,At Risk,Moderate,Humidity Deviation
Sugarcane,33.55,72.72,192.74,19.24,5.56,105.1,12.6,25.3,98.0,Healthy,Low,Optimal Conditions
Sugarcane,24.33,73.23,145.22,12.03,5.94,52.1,70.3,51.7,98.0,Healthy,Low,Optimal Conditions
Sugarcane,27.72,82.9,189.11,11.57,7.9,64.0,16.3,62.6,98.0,Healthy,Low,Optimal Conditions
Sugarcane,17.61,18.71,316.18,39.43,7.24,74.5,73.3,75.4,17.7,High Risk,High,Humidity Deviation
Sugarcane,29.47,72.19,103.03,9.22,6.76,50.6,67.6,105.5,98.0,Healthy,Low,Optimal Conditions
Sugarcane,24.27,82.51,157.74,5.09,6.9,31.6,63.9,71.1,98.0,Healthy,Low,Optimal Conditions
Sugarcane,11.91,97.17,4.14,26.14,7.29,26.8,10.4,23.5,8.2,High Risk,High,Temperature Deviation
Sugarcane,20.53,89.12,470.87,27.1,7.85,77.3,46.9,86.9,41.7,High Risk,High,Rainfall Deviation
Sugarcane,27.43,86.67,170.37,26.51,8.07,64.3,59.4,96.6,97.5,Healthy,Low,Optimal Conditions
Sugarcane,44.77,21.18,2.8,45.01,6.67,131.1,87.8,25.9,5.0,High Risk,High,Temperature Deviation
Sugarcane,40.53,89.75,206.41,22.47,7.59,27.2,61.9,106.2,69.5,At Risk,Moderate,Temperature Deviation
Sugarcane,30.09,78.76,196.08,6.44,7.54,89.9,37.3,20.3,98.0,Healthy,Low,Optimal Conditions
Sugarcane,33.09,77.69,122.82,19.89,7.59,42.7,72.5,102.3,98.0,Healthy,Low,Optimal Conditions
Sugarcane,21.4,15.87,400.85,39.03,5.94,89.1,50.4,57.2,14.9,High Risk,High,Rainfall Deviation
Sugarcane,31.16,77.63,155.91,6.97,6.35,76.4,68.8,38.4,98.0,Healthy,Low,Optimal Conditions
Sugarcane,19.37,89.72,415.63,58.2,8.14,60.6,59.1,55.8,11.7,High Risk,High,Rainfall Deviation
Sugarcane,34.26,98.0,145.68,24.61,7.48,71.2,78.6,34.5,80.5,Healthy,Low,Humidity Deviation
Sugarcane,18.25,18.79,2.93,27.79,6.83,113.7,53.9,65.2,15.9,High Risk,High,Rainfall Deviation
Sugarcane,34.79,75.82,144.94,6.11,7.56,53.1,16.4,90.6,98.0,Healthy,Low,Optimal Conditions
Sugarcane,37.55,59.61,209.37,30.37,6.05,130.8,37.5,107.5,81.5,Healthy,Low,Temperature Deviation
Sugarcane,25.0,73.69,184.8,11.74,7.85,60.9,20.6,112.2,98.0,Healthy,Low,Optimal Conditions
Sugarcane,31.78,82.66,112.0,12.79,5.65,75.1,73.0,46.9,98.0,Healthy,Low,Optimal Conditions
Sugarcane,26.77,80.83,197.37,8.43,5.69,35.1,60.3,86.0,98.0,Healthy,Low,Optimal Conditions
Sugarcane,24.87,83.56,193.0,10.9,7.8,127.8,50.6,78.2,98.0,Healthy,Low,Optimal Conditions
Sugarcane,27.41,86.08,208.6,23.95,7.55,47.4,69.8,39.9,96.7,Healthy,Low,Optimal Conditions
Sugarcane,23.62,87.89,112.62,20.72,7.95,44.5,44.7,81.4,94.3,Healthy,Low,Optimal Conditions
Sugarcane,45.2,92.02,1.75,38.34,6.98,90.1,55.1,84.5,9.3,High Risk,High,Temperature Deviation
Sugarcane,24.71,68.97,156.02,17.87,6.83,58.5,68.5,56.5,98.0,Healthy,Low,Optimal Conditions
Sugarcane,46.23,20.8,9.87,28.34,5.59,70.3,57.3,52.6,5.0,High Risk,High,Temperature Deviation
Sugarcane,29.4,77.29,113.51,13.2,8.1,88.2,57.9,82.3,98.0,Healthy,Low,Optimal Conditions
Sugarcane,39.41,97.57,5.04,35.6,6.14,119.2,11.4,111.9,29.4,High Risk,High,Rainfall Deviation
Sugarcane,38.54,93.22,198.5,17.21,6.22,106.3,23.9,18.6,73.5,At Risk,Moderate,Temperature Deviation
Sugarcane,31.29,66.0,142.72,17.1,6.7,86.3,44.2,33.3,98.0,Healthy,Low,Optimal Conditions
Sugarcane,43.59,13.14,337.91,58.77,6.22,62.3,33.5,82.7,5.0,High Risk,High,Temperature Deviation
Sugarcane,22.78,61.46,212.37,16.31,6.17,124.1,18.9,116.8,89.0,Healthy,Low,Optimal Conditions
Sugarcane,29.58,96.64,185.38,22.1,6.93,48.4,82.3,114.2,82.5,Healthy,Low,Humidity Deviation
Sugarcane,28.3,81.09,178.27,19.6,8.15,125.0,56.9,50.5,98.0,Healthy,Low,Optimal Conditions
Sugarcane,20.15,92.65,205.93,26.69,5.86,21.3,89.9,98.7,73.9,At Risk,Moderate,Temperature Deviation
Sugarcane,12.88,13.83,424.39,50.09,6.4,22.5,47.5,41.1,5.0,High Risk,High,Rainfall Deviation
Sugarcane,29.04,82.31,176.68,7.94,6.38,90.0,55.2,72.3,98.0,Healthy,Low,Optimal Conditions
Sugarcane,18.09,24.52,8.19,33.69,7.83,28.3,28.9,81.6,17.2,High Risk,High,Rainfall Deviation
Sugarcane,28.07,83.19,139.87,10.94,5.53,50.0,20.2,43.4,98.0,Healthy,Low,Optimal Conditions
Sugarcane,29.01,77.21,135.25,19.51,7.02,125.1,74.2,20.0,98.0,Healthy,Low,Optimal Conditions
Sugarcane,23.1,98.0,55.81,26.19,6.47,54.5,78.7,93.6,61.9,At Risk,Moderate,Humidity Deviation
Sugarcane,10.71,97.95,472.77,57.74,6.54,94.5,43.1,37.4,5.0,High Risk,High,Temperature Deviation
Sugarcane,16.46,19.8,1.76,50.81,7.05,137.7,56.9,23.7,5.0,High Risk,High,Rainfall Deviation
Sugarcane,40.34,20.06,442.15,56.62,7.84,61.9,66.6,70.4,5.0,High Risk,High,Rainfall Deviation
Sugarcane,27.26,66.62,119.24,13.5,7.54,24.4,40.3,32.4,98.0,Healthy,Low,Optimal Conditions
Sugarcane,26.78,53.93,191.8,14.85,7.82,132.2,77.1,32.9,86.7,Healthy,Low,Humidity Deviation
Sugarcane,36.82,98.99,8.45,52.01,6.79,102.9,44.4,74.8,14.7,High Risk,High,Rainfall Deviation
Sugarcane,30.32,70.82,128.03,9.91,6.06,46.7,84.5,62.7,98.0,Healthy,Low,Optimal Conditions
Sugarcane,21.88,93.18,213.71,13.84,6.01,60.9,13.4,47.1,77.6,Healthy,Low,Humidity Deviation
Sugarcane,26.22,65.36,168.1,13.63,5.76,113.0,65.0,31.2,98.0,Healthy,Low,Optimal Conditions
Sugarcane,25.49,67.34,161.03,5.77,6.37,63.1,16.9,51.0,98.0,Healthy,Low,Optimal Conditions
Sugarcane,19.56,95.54,235.82,11.64,7.42,76.1,23.8,23.6,61.5,At Risk,Moderate,Humidity Deviation
Sugarcane,33.03,77.81,146.21,17.68,6.01,53.5,54.3,76.9,98.0,Healthy,Low,Optimal Conditions
Sugarcane,29.55,67.4,101.1,18.58,6.74,47.7,36.4,69.4,98.0,Healthy,Low,Optimal Conditions
Sugarcane,42.31,10.45,491.41,38.74,7.62,67.4,67.8,96.5,5.0,High Risk,High,Rainfall Deviation
Sugarcane,28.35,84.77,102.63,18.42,5.83,93.3,86.0,79.7,98.0,Healthy,Low,Optimal Conditions
Sugarcane,26.28,65.6,135.58,13.77,7.77,89.9,83.0,87.6,98.0,Healthy,Low,Optimal Conditions
Sugarcane,35.12,81.93,232.55,14.87,6.24,129.4,57.5,18.3,93.0,Healthy,Low,Rainfall Deviation
Sugarcane,45.79,21.03,9.57,31.24,6.05,116.5,54.8,28.5,5.0,High Risk,High,Temperature Deviation
Sugarcane,24.85,81.56,161.54,7.47,7.84,127.6,66.4,67.3,98.0,Healthy,Low,Optimal Conditions
Sugarcane,22.11,46.98,64.06,10.9,6.58,20.6,14.6,22.7,59.2,At Risk,Moderate,Humidity Deviation
Sugarcane,10.99,95.04,395.41,58.75,6.31,26.8,24.7,59.0,5.0,High Risk,High,Temperature Deviation
Sugarcane,32.18,65.95,112.86,9.63,7.07,55.0,54.9,47.7,98.0,Healthy,Low,Optimal Conditions
Sugarcane,33.19,59.19,216.49,23.24,6.48,83.8,42.3,106.9,89.7,Healthy,Low,Humidity Deviation
Sugarcane,40.99,90.75,178.15,15.03,8.12,89.2,16.7,53.6,67.4,At Risk,Moderate,Temperature Deviation
Sugarcane,38.45,95.6,314.18,55.88,7.06,22.8,46.7,31.9,22.5,High Risk,High,Wind Force
Sugarcane,25.64,46.53,233.31,11.66,6.93,64.7,57.4,113.8,71.2,At Risk,Moderate,Humidity Deviation
Sugarcane,25.45,71.7,164.12,7.2,5.87,115.0,73.6,86.5,98.0,Healthy,Low,Optimal Conditions
Sugarcane,30.31,77.3,167.91,8.5,6.94,139.8,24.1,23.1,98.0,Healthy,Low,Optimal Conditions
Sugarcane,31.34,81.29,123.73,5.51,7.5,109.7,31.1,16.6,98.0,Healthy,Low,Optimal Conditions
Sugarcane,19.05,54.52,58.13,13.62,6.75,61.0,31.9,47.5,55.5,At Risk,Moderate,Temperature Deviation
Sugarcane,25.22,66.76,188.0,17.22,6.88,58.4,64.9,26.5,98.0,Healthy,Low,Optimal Conditions
Sugarcane,25.55,78.84,182.15,13.04,5.97,60.4,75.8,68.8,98.0,Healthy,Low,Optimal Conditions
Sugarcane,33.49,98.0,75.28,20.55,5.66,125.8,42.8,97.7,71.8,At Risk,Moderate,Humidity Deviation
Sugarcane,31.7,75.03,126.0,15.74,6.87,92.1,68.8,24.4,98.0,Healthy,Low,Optimal Conditions
Sugarcane,23.42,98.0,183.95,27.59,5.91,135.4,43.2,61.0,78.5,Healthy,Low,Humidity Deviation
Sugarcane,19.4,58.56,127.63,22.36,7.3,71.1,14.7,49.3,76.2,Healthy,Low,Temperature Deviation
Sugarcane,22.41,54.21,47.18,13.34,6.58,116.2,78.2,101.7,63.0,At Risk,Moderate,Rainfall Deviation
Sugarcane,21.47,85.39,99.83,18.6,7.22,106.8,82.0,33.5,90.5,Healthy,Low,Temperature Deviation
Sugarcane,32.25,78.92,189.85,15.64,5.82,106.4,12.4,74.0,98.0,Healthy,Low,Optimal Conditions
Sugarcane,22.32,78.53,131.43,31.25,5.69,43.4,89.9,47.9,94.1,Healthy,Low,Temperature Deviation
Sugarcane,34.27,73.07,129.1,7.26,6.69,64.1,83.9,37.2,98.0,Healthy,Low,Optimal Conditions
Sugarcane,27.04,75.92,132.79,9.68,6.61,124.7,63.0,70.4,98.0,Healthy,Low,Optimal Conditions
Sugarcane,24.77,82.69,112.84,7.8,6.76,36.8,61.2,66.9,98.0,Healthy,Low,Optimal Conditions
Sugarcane,17.34,89.33,159.32,26.59,6.95,132.4,43.3,19.2,70.2,At Risk,Moderate,Temperature Deviation
Sugarcane,23.11,98.0,193.7,21.68,7.34,40.6,61.3,97.1,77.4,Healthy,Low,Humidity Deviation
Sugarcane,32.68,67.44,126.28,10.43,6.37,108.1,31.5,93.8,98.0,Healthy,Low,Optimal Conditions
Sugarcane,27.5,83.26,138.55,12.05,7.61,26.5,66.0,21.8,98.0,Healthy,Low,Optimal Conditions
Sugarcane,34.88,49.56,59.67,15.3,7.4,80.6,73.5,56.3,67.4,At Risk,Moderate,Humidity Deviation
Sugarcane,26.94,67.2,148.05,12.11,5.71,43.0,87.6,118.3,98.0,Healthy,Low,Optimal Conditions
Sugarcane,25.59,68.77,108.14,6.28,6.04,76.5,67.0,31.6,98.0,Healthy,Low,Optimal Conditions
Sugarcane,24.94,77.43,143.07,16.99,7.97,49.2,42.1,67.2,98.0,Healthy,Low,Optimal Conditions
Sugarcane,40.38,90.88,9.68,31.92,8.24,45.2,39.7,46.3,38.1,High Risk,High,Rainfall Deviation
Sugarcane,45.64,13.15,399.56,40.56,8.06,106.7,19.4,51.3,5.0,High Risk,High,Temperature Deviation
Sugarcane,24.49,98.0,169.92,26.85,6.8,107.0,32.7,54.0,80.5,Healthy,Low,Humidity Deviation
Sugarcane,9.02,11.34,360.53,41.72,5.95,37.8,43.1,87.5,5.0,High Risk,High,Temperature Deviation
Sugarcane,35.2,58.95,167.77,25.34,6.2,42.0,31.1,72.9,91.9,Healthy,Low,Humidity Deviation
Sugarcane,46.41,24.55,312.95,36.48,8.04,22.0,42.4,20.3,5.0,High Risk,High,Temperature Deviation
Sugarcane,28.64,83.16,179.98,9.0,7.84,41.8,65.4,44.1,98.0,Healthy,Low,Optimal Conditions
Sugarcane,38.62,89.41,481.44,59.74,6.84,36.3,64.7,113.4,13.9,High Risk,High,Rainfall Deviation
Sugarcane,24.24,77.25,103.94,10.87,6.56,31.9,69.7,26.4,98.0,Healthy,Low,Optimal Conditions
Sugarcane,32.0,77.36,147.26,5.73,7.64,119.0,18.2,118.6,98.0,Healthy,Low,Optimal Conditions
Sugarcane,28.67,73.29,163.29,13.6,7.07,113.8,84.2,101.3,98.0,Healthy,Low,Optimal Conditions
Sugarcane,34.71,98.0,132.41,14.63,6.58,120.6,21.3,73.8,80.5,Healthy,Low,Humidity Deviation
Sugarcane,32.42,77.37,161.77,18.74,7.38,37.7,23.9,43.8,98.0,Healthy,Low,Optimal Conditions
Sugarcane,28.02,72.66,170.95,9.92,7.9,66.1,90.0,64.9,98.0,Healthy,Low,Optimal Conditions
Sugarcane,12.27,10.61,339.43,59.59,5.67,47.9,63.8,117.6,5.0,High Risk,High,Temperature Deviation
Sugarcane,23.86,55.65,78.37,29.53,8.17,98.3,18.1,17.3,80.7,Healthy,Low,Humidity Deviation
Sugarcane,27.51,94.57,210.03,25.45,7.87,137.9,19.0,42.8,83.6,Healthy,Low,Humidity Deviation
Sugarcane,29.91,66.06,127.58,16.91,5.64,118.1,24.8,47.0,98.0,Healthy,Low,Optimal Conditions
Sugarcane,25.25,61.64,126.69,16.62,6.21,75.1,54.2,18.0,96.0,Healthy,Low,Optimal Conditions
Sugarcane,24.24,76.23,177.11,17.4,7.06,24.9,57.3,56.9,98.0,Healthy,Low,Optimal Conditions
Sugarcane,44.01,18.12,316.31,59.92,8.11,61.5,29.4,66.8,5.0,High Risk,High,Temperature Deviation
Sugarcane,24.94,59.22,210.93,21.93,6.48,54.5,45.3,22.0,90.9,Healthy,Low,Humidity Deviation
Sugarcane,23.93,98.0,103.69,13.11,6.61,20.2,45.1,113.6,80.2,Healthy,Low,Humidity Deviation
Sugarcane,23.13,73.45,76.31,15.13,7.57,52.1,45.9,79.8,88.7,Healthy,Low,Rainfall Deviation
Sugarcane,34.1,24.34,381.67,56.37,7.99,120.7,19.6,81.7,8.7,High Risk,High,Rainfall Deviation
Sugarcane,25.07,90.56,246.75,24.97,7.32,83.9,59.5,90.9,82.3,Healthy,Low,Rainfall Deviation
Sugarcane,32.03,68.1,129.44,10.09,6.3,83.0,54.4,101.1,98.0,Healthy,Low,Optimal Conditions
Sugarcane,32.81,94.65,61.33,30.07,7.41,105.7,71.4,68.8,72.0,At Risk,Moderate,Humidity Deviation
Sugarcane,31.45,98.0,114.84,13.53,8.16,133.5,78.6,41.9,80.5,Healthy,Low,Humidity Deviation
Sugarcane,38.65,11.57,386.22,25.11,7.36,83.7,39.5,58.8,18.2,High Risk,High,Rainfall Deviation
Sugarcane,38.29,47.04,90.4,27.99,8.1,57.2,43.5,52.0,61.9,At Risk,Moderate,Humidity Deviation
Sugarcane,13.32,95.23,375.5,33.97,7.63,81.6,27.3,41.0,12.2,High Risk,High,Temperature Deviation
Sugarcane,34.96,68.48,180.29,17.99,8.17,92.6,18.0,17.4,98.0,Healthy,Low,Optimal Conditions
Sugarcane,27.86,82.25,159.7,17.65,7.1,47.3,26.0,56.5,98.0,Healthy,Low,Optimal Conditions
Sugarcane,29.47,70.45,104.57,12.12,7.29,32.1,58.7,114.0,98.0,Healthy,Low,Optimal Conditions
Sugarcane,34.8,80.64,100.96,19.18,6.93,92.1,58.7,56.1,98.0,Healthy,Low,Optimal Conditions
Sugarcane,29.71,84.31,121.85,18.72,8.23,71.0,29.8,63.5,98.0,Healthy,Low,Optimal Conditions
Sugarcane,33.04,71.29,130.42,15.1,7.07,90.3,48.8,62.3,98.0,Healthy,Low,Optimal Conditions
Sugarcane,27.11,84.88,140.29,12.6,6.61,107.2,23.9,20.5,98.0,Healthy,Low,Optimal Conditions
Sugarcane,22.04,95.95,328.52,44.18,6.25,125.8,47.8,97.8,37.2,High Risk,High,Rainfall Deviation
Sugarcane,44.1,18.97,7.54,27.49,8.04,25.6,13.7,48.8,5.0,High Risk,High,Temperature Deviation
Sugarcane,24.44,80.35,111.74,6.33,5.74,97.3,23.5,75.7,98.0,Healthy,Low,Optimal Conditions
Sugarcane,33.2,68.74,142.98,13.29,7.96,45.8,59.6,18.3,98.0,Healthy,Low,Optimal Conditions
Sugarcane,30.31,89.33,222.05,10.99,6.95,24.8,17.9,80.9,89.1,Healthy,Low,Humidity Deviation
Sugarcane,25.56,65.99,180.41,14.5,5.59,96.0,18.3,49.4,98.0,Healthy,Low,Optimal Conditions
Sugarcane,34.3,62.39,87.06,23.91,5.51,66.4,45.8,103.1,92.3,Healthy,Low,Optimal Conditions
Sugarcane,24.72,81.5,121.21,15.36,5.76,100.7,43.9,112.4,98.0,Healthy,Low,Optimal Conditions
Sugarcane,24.74,75.67,191.76,8.05,7.84,60.7,17.9,76.9,98.0,Healthy,Low,Optimal Conditions
Sugarcane,28.74,65.59,78.89,24.94,7.34,127.1,52.1,75.5,92.6,Healthy,Low,Rainfall Deviation
Sugarcane,40.44,66.56,212.75,20.58,6.26,103.1,43.3,80.1,75.7,Healthy,Low,Temperature Deviation
Sugarcane,18.96,94.47,78.75,25.31,5.6,24.4,69.4,113.4,60.7,At Risk,Moderate,Temperature Deviation
Sugarcane,40.58,83.71,180.52,23.17,6.81,86.0,71.8,116.5,77.7,Healthy,Low,Temperature Deviation
Sugarcane,28.69,81.81,112.98,17.01,6.6,69.8,33.7,27.9,98.0,Healthy,Low,Optimal Conditions
Sugarcane,39.55,52.04,162.87,17.45,6.06,135.1,10.4,97.7,66.3,At Risk,Moderate,Temperature Deviation
Sugarcane,32.92,82.18,131.5,18.34,8.27,133.9,52.3,36.0,98.0,Healthy,Low,Optimal Conditions
Sugarcane,10.57,14.74,9.23,53.63,8.04,113.0,66.0,76.8,5.0,High Risk,High,Temperature Deviation
Sugarcane,34.1,77.97,188.95,11.79,6.65,29.2,37.0,55.5,98.0,Healthy,Low,Optimal Conditions
Sugarcane,33.73,90.25,217.59,27.44,6.39,105.7,79.6,103.0,88.6,Healthy,Low,Humidity Deviation
Sugarcane,36.81,60.57,87.21,18.46,7.93,34.6,37.6,88.6,83.0,Healthy,Low,Temperature Deviation
Sugarcane,36.8,58.1,185.87,20.83,6.91,113.9,44.4,86.1,84.5,Healthy,Low,Humidity Deviation
Sugarcane,24.68,74.19,175.47,14.71,6.97,129.6,48.5,53.1,98.0,Healthy,Low,Optimal Conditions
Sugarcane,31.96,71.58,164.02,10.79,7.11,47.6,25.9,71.7,98.0,Healthy,Low,Optimal Conditions
Sugarcane,25.08,70.28,139.51,9.78,7.2,62.9,25.3,110.6,98.0,Healthy,Low,Optimal Conditions
Sugarcane,21.27,84.62,225.89,25.37,6.54,73.1,68.6,105.9,85.3,Healthy,Low,Temperature Deviation
Sugarcane,44.01,94.75,6.48,26.64,5.53,113.3,71.6,31.0,16.6,High Risk,High,Temperature Deviation
Sugarcane,18.91,98.0,229.94,25.69,7.37,38.1,64.8,64.5,56.7,At Risk,Moderate,Humidity Deviation
Sugarcane,17.21,94.31,0.64,48.81,7.38,56.0,81.4,101.2,6.8,High Risk,High,Rainfall Deviation
Sugarcane,31.88,67.51,123.67,17.31,6.83,74.4,30.3,79.9,98.0,Healthy,Low,Optimal Conditions
Sugarcane,32.77,75.67,184.5,12.42,6.32,21.4,42.9,114.4,98.0,Healthy,Low,Optimal Conditions
Sugarcane,49.05,16.49,478.72,43.55,5.52,62.2,79.6,85.8,5.0,High Risk,High,Temperature Deviation
Sugarcane,33.69,91.24,1.41,48.13,5.5,35.6,18.8,58.8,36.4,High Risk,High,Rainfall Deviation
Sugarcane,34.6,68.39,166.58,7.45,7.02,23.0,13.9,18.3,98.0,Healthy,Low,Optimal Conditions
Sugarcane,24.04,74.85,138.79,5.94,5.72,113.0,12.0,111.6,98.0,Healthy,Low,Optimal Conditions
Sugarcane,25.58,82.22,135.44,13.57,6.88,91.8,24.3,56.6,98.0,Healthy,Low,Optimal Conditions
Sugarcane,32.54,80.66,199.42,19.98,5.77,75.7,69.9,85.5,98.0,Healthy,Low,Optimal Conditions
Sugarcane,24.75,49.0,145.18,27.89,7.36,81.0,65.0,112.7,80.8,Healthy,Low,Humidity Deviation
Sugarcane,25.86,76.8,170.68,14.65,6.21,94.7,54.8,17.5,98.0,Healthy,Low,Optimal Conditions
Sugarcane,19.36,64.71,185.09,13.03,7.47,94.8,51.3,69.6,83.4,Healthy,Low,Temperature Deviation
Sugarcane,33.28,64.34,53.25,18.09,6.81,30.0,21.1,70.2,82.8,Healthy,Low,Rainfall Deviation
Sugarcane,35.05,90.89,90.13,14.23,6.22,65.8,27.5,39.0,87.5,Healthy,Low,Humidity Deviation
Sugarcane,34.99,23.08,4.74,28.39,6.4,50.4,58.3,58.1,36.7,High Risk,High,Rainfall Deviation
Sugarcane,31.2,65.64,113.23,18.33,7.84,132.9,26.8,50.8,98.0,Healthy,Low,Optimal Conditions
Sugarcane,31.04,80.63,161.79,13.95,7.75,30.6,69.4,108.7,98.0,Healthy,Low,Optimal Conditions
Sugarcane,33.07,98.0,86.77,12.79,5.77,39.1,24.4,94.2,75.9,Healthy,Low,Humidity Deviation
Sugarcane,41.38,22.39,8.96,59.48,6.18,102.6,15.9,23.5,5.0,High Risk,High,Rainfall Deviation
Sugarcane,31.14,55.8,127.97,16.63,8.05,25.7,47.8,59.9,89.0,Healthy,Low,Humidity Deviation
Sugarcane,24.77,69.51,112.96,7.79,7.9,107.0,21.3,109.7,98.0,Healthy,Low,Optimal Conditions
Sugarcane,21.15,90.22,326.0,50.76,6.06,130.6,61.3,93.6,33.4,High Risk,High,Rainfall Deviation
Sugarcane,33.04,76.38,176.95,6.07,7.2,102.8,49.6,102.7,98.0,Healthy,Low,Optimal Conditions
Sugarcane,14.21,13.31,0.89,41.96,6.12,25.7,58.1,108.0,5.0,High Risk,High,Rainfall Deviation
Sugarcane,22.15,58.64,105.26,21.17,6.47,102.8,55.8,114.1,85.9,Healthy,Low,Humidity Deviation
Sugarcane,33.74,83.98,114.72,8.33,5.64,48.2,61.1,37.8,98.0,Healthy,Low,Optimal Conditions
Sugarcane,41.87,88.41,469.18,56.95,8.22,94.3,51.4,96.2,5.0,High Risk,High,Rainfall Deviation
Sugarcane,28.25,43.14,60.91,29.12,7.74,56.3,10.4,22.5,60.1,At Risk,Moderate,Humidity Deviation
Sugarcane,29.48,79.62,109.89,15.62,7.03,94.4,84.2,115.1,98.0,Healthy,Low,Optimal Conditions
Sugarcane,30.94,74.78,220.5,21.79,5.9,75.5,60.2,89.2,95.9,Healthy,Low,Optimal Conditions
Sugarcane,31.53,68.92,166.11,9.19,7.15,38.6,86.8,88.6,98.0,Healthy,Low,Optimal Conditions
Sugarcane,33.15,84.14,154.3,10.23,6.03,94.1,30.0,108.1,98.0,Healthy,Low,Optimal Conditions
Sugarcane,25.17,84.78,138.81,14.84,6.24,50.0,44.4,104.0,98.0,Healthy,Low,Optimal Conditions
Sugarcane,18.13,43.9,149.35,29.78,5.7,83.6,27.6,17.9,54.1,At Risk,Moderate,Humidity Deviation
Sugarcane,31.3,66.78,185.13,15.38,5.66,68.5,74.7,112.9,98.0,Healthy,Low,Optimal Conditions
Sugarcane,37.99,55.94,142.42,11.32,6.23,132.6,25.2,116.0,77.2,Healthy,Low,Temperature Deviation
Sugarcane,32.52,76.85,122.2,17.94,5.62,21.3,44.8,59.0,98.0,Healthy,Low,Optimal Conditions
Sugarcane,36.84,89.43,197.9,22.59,6.06,105.8,87.6,71.5,86.0,Healthy,Low,Temperature Deviation
Sugarcane,37.91,63.32,75.04,19.77,5.54,59.5,27.1,77.8,77.6,Healthy,Low,Temperature Deviation
Sugarcane,27.28,83.74,165.16,16.67,7.0,33.0,45.5,37.2,98.0,Healthy,Low,Optimal Conditions
Sugarcane,33.26,82.89,122.38,11.65,8.21,93.5,74.6,71.7,98.0,Healthy,Low,Optimal Conditions
Sugarcane,22.72,61.76,146.04,10.59,5.77,92.8,48.0,53.4,91.6,Healthy,Low,Optimal Conditions
Sugarcane,33.45,66.56,192.61,8.54,6.87,134.8,61.1,41.4,98.0,Healthy,Low,Optimal Conditions
Sugarcane,40.35,95.89,429.1,33.9,6.58,99.4,41.7,75.2,22.3,High Risk,High,Rainfall Deviation
Sugarcane,42.02,22.42,3.57,26.69,6.47,34.3,44.3,54.1,8.2,High Risk,High,Rainfall Deviation
Sugarcane,21.04,98.0,138.99,20.77,6.38,118.1,30.7,91.2,70.1,At Risk,Moderate,Humidity Deviation
Sugarcane,28.92,77.53,165.41,12.01,5.9,110.3,80.8,111.2,98.0,Healthy,Low,Optimal Conditions
Sugarcane,31.9,69.17,110.24,6.07,5.51,130.7,58.4,78.3,98.0,Healthy,Low,Optimal Conditions
Sugarcane,43.23,93.86,386.04,26.87,6.17,46.8,71.1,21.9,16.6,High Risk,High,Rainfall Deviation
Sugarcane,31.38,77.27,164.76,13.39,5.99,100.9,86.1,19.3,98.0,Healthy,Low,Optimal Conditions
Sugarcane,27.21,67.96,126.44,5.38,7.3,93.5,50.3,48.0,98.0,Healthy,Low,Optimal Conditions
Sugarcane,35.43,93.08,6.77,59.33,6.83,37.6,70.7,51.6,28.6,High Risk,High,Rainfall Deviation
Sugarcane,25.1,84.52,189.4,9.43,5.68,78.3,24.0,66.7,98.0,Healthy,Low,Optimal Conditions
Sugarcane,28.31,98.0,145.21,12.95,6.62,118.7,22.0,33.4,80.5,Healthy,Low,Humidity Deviation
Sugarcane,34.22,68.64,195.56,15.08,6.82,22.1,52.0,58.6,98.0,Healthy,Low,Optimal Conditions
Sugarcane,29.77,96.32,106.69,10.91,7.18,113.7,51.7,23.4,83.0,Healthy,Low,Humidity Deviation
Sugarcane,36.9,92.96,48.96,29.25,7.31,130.2,84.3,59.8,62.6,At Risk,Moderate,Rainfall Deviation
Sugarcane,36.57,80.66,148.68,14.56,8.0,75.7,12.0,117.7,93.7,Healthy,Low,Temperature Deviation
Sugarcane,23.67,98.32,5.96,44.11,6.38,39.4,66.9,110.8,32.3,High Risk,High,Rainfall Deviation
Sugarcane,27.53,98.0,234.5,17.7,7.3,97.5,38.2,93.1,73.6,At Risk,Moderate,Humidity Deviation
Sugarcane,20.83,92.34,172.9,29.45,6.02,93.3,83.9,25.0,77.9,Healthy,Low,Temperature Deviation
Sugarcane,25.38,72.15,167.16,13.08,6.33,94.2,45.7,52.0,98.0,Healthy,Low,Optimal Conditions
Sugarcane,27.95,75.24,138.02,9.79,6.4,46.3,26.8,45.0,98.0,Healthy,Low,Optimal Conditions
Sugarcane,36.97,90.32,8.7,54.12,8.11,40.0,50.8,45.2,27.2,High Risk,High,Rainfall Deviation
Sugarcane,22.9,92.18,212.39,23.95,6.9,120.0,14.7,18.8,82.9,Healthy,Low,Humidity Deviation
Sugarcane,19.45,89.59,5.3,46.07,6.55,56.5,71.5,46.6,27.4,High Risk,High,Rainfall Deviation
Sugarcane,26.67,75.75,125.42,10.24,7.11,103.0,15.6,58.2,98.0,Healthy,Low,Optimal Conditions
Sugarcane,19.82,98.0,216.07,28.59,7.14,75.2,11.2,51.5,62.7,At Risk,Moderate,Humidity Deviation
Sugarcane,26.41,66.37,189.67,15.62,6.77,131.7,26.7,115.1,98.0,Healthy,Low,Optimal Conditions
Sugarcane,32.8,71.57,113.2,14.92,7.28,132.1,32.1,95.4,98.0,Healthy,Low,Optimal Conditions
Sugarcane,16.16,90.43,9.22,31.93,6.22,97.2,65.1,112.5,32.6,High Risk,High,Rainfall Deviation
Sugarcane,25.11,66.17,149.31,14.69,6.17,99.9,25.0,38.4,98.0,Healthy,Low,Optimal Conditions
Sugarcane,30.22,47.57,98.17,20.13,7.0,35.0,29.7,17.0,78.4,Healthy,Low,Humidity Deviation
Sugarcane,28.9,56.09,188.41,11.5,7.7,125.4,23.7,26.5,89.3,Healthy,Low,Humidity Deviation
Sugarcane,17.67,14.13,339.0,25.58,7.78,102.7,30.5,43.2,20.0,High Risk,High,Humidity Deviation
