crop,temperature,humidity,rainfall,wind_speed,soil_ph,n_content,p_content,k_content,crop_health_score,health_status,risk_level,primary_risk_factor
Rice,31.51,80.98,239.8,7.34,5.39,27.0,79.3,78.1,98.0,Healthy,Low,Optimal Conditions
Rice,32.5,85.91,159.7,10.16,5.06,83.0,42.0,19.9,96.6,Healthy,Low,Optimal Conditions
Rice,17.66,93.66,4.67,30.97,5.16,133.9,87.3,99.9,37.9,High Risk,High,Rainfall Deviation
Rice,22.98,80.26,216.02,6.83,6.24,24.1,82.7,42.2,98.0,Healthy,Low,Optimal Conditions
Rice,29.21,97.32,281.26,30.39,6.82,59.2,55.6,69.7,81.5,Healthy,Low,Humidity Deviation
Rice,12.99,91.92,6.07,53.08,5.19,138.4,71.8,35.9,5.0,High Risk,High,Rainfall Deviation
Rice,30.15,80.6,259.35,16.57,5.19,63.0,19.3,105.6,98.0,Healthy,Low,Optimal Conditions
Rice,29.19,95.82,295.67,18.42,7.43,121.9,67.7,39.8,83.8,Healthy,Low,Humidity Deviation
Rice,22.4,80.66,166.63,11.59,5.5,127.5,48.0,74.1,98.0,Healthy,Low,Optimal Conditions
Rice,21.86,71.1,111.8,30.45,7.02,96.0,79.7,99.4,90.6,Healthy,Low,Rainfall Deviation
Rice,30.93,78.09,271.12,18.44,5.8,33.2,28.2,59.8,98.0,Healthy,Low,Optimal Conditions
Rice,12.51,18.01,1.2,30.89,5.55,87.0,42.3,21.8,5.0,High Risk,High,Rainfall Deviation
Rice,24.47,80.44,256.84,7.22,7.49,52.0,88.1,58.2,98.0,Healthy,Low,Optimal Conditions
Rice,25.45,79.52,252.11,12.96,6.12,86.3,57.4,23.5,98.0,Healthy,Low,Optimal Conditions
Rice,24.42,82.05,220.55,19.75,6.0,118.0,73.9,30.8,98.0,Healthy,Low,Optimal Conditions
Rice,31.11,67.36,188.19,13.84,6.73,66.4,84.9,29.4,96.8,Healthy,Low,Optimal Conditions
Rice,23.13,83.87,281.6,8.87,6.65,118.1,54.4,70.6,98.0,Healthy,Low,Optimal Conditions
Rice,22.93,83.46,285.06,14.5,5.85,61.9,68.1,109.2,98.0,Healthy,Low,Optimal Conditions
Rice,45.72,96.64,452.76,57.9,7.43,54.1,34.4,66.0,5.0,High Risk,High,Temperature Deviation
Rice,31.94,72.64,152.71,12.41,5.45,64.0,69.5,90.7,98.0,Healthy,Low,Optimal Conditions
Rice,27.43,77.63,245.45,8.76,6.47,137.5,48.9,110.1,98.0,Healthy,Low,Optimal Conditions
Rice,25.5,79.68,250.34,17.96,5.58,79.9,55.8,95.7,98.0,Healthy,Low,Optimal Conditions
Rice,31.95,77.05,191.93,18.25,6.87,134.4,36.5,73.0,98.0,Healthy,Low,Optimal Conditions
Rice,32.21,61.16,178.35,30.6,6.74,88.4,17.8,79.6,88.6,Healthy,Low,Humidity Deviation
Rice,35.73,14.84,7.02,35.38,6.05,50.7,58.9,23.6,21.1,High Risk,High,Rainfall Deviation
Rice,28.28,72.91,160.64,10.95,5.13,126.4,12.2,75.8,98.0,Healthy,Low,Optimal Conditions
Rice,28.72,74.92,173.26,19.73,7.1,123.2,30.0,19.1,98.0,Healthy,Low,Optimal Conditions
Rice,27.37,74.9,274.18,9.07,7.41,74.9,77.4,35.4,98.0,Healthy,Low,Optimal Conditions
Rice,29.0,72.08,169.91,19.54,6.79,24.9,41.9,60.5,98.0,Healthy,Low,Optimal Conditions
Rice,34.75,63.9,118.07,15.51,6.37,105.8,62.8,44.4,74.2,At Risk,Moderate,Temperature Deviation
Rice,12.76,88.52,3.56,36.97,5.23,31.3,34.9,117.8,25.2,High Risk,High,Rainfall Deviation
Rice,22.17,81.45,271.04,10.19,6.16,98.0,13.8,114.7,98.0,Healthy,Low,Optimal Conditions
Rice,39.88,17.55,634.76,47.48,5.07,90.3,85.2,75.4,5.0,High Risk,High,Rainfall Deviation
Rice,28.43,76.87,231.84,19.12,5.97,135.3,82.4,35.6,98.0,Healthy,Low,Optimal Conditions
Rice,23.01,70.27,164.17,15.25,5.18,58.3,77.6,17.4,98.0,Healthy,Low,Optimal Conditions
Rice,16.46,98.3,7.35,44.18,6.06,88.2,56.1,91.8,13.6,High Risk,High,Rainfall Deviation
Rice,24.5,78.71,280.07,13.43,5.6,101.6,69.2,40.0,98.0,Healthy,Low,Optimal Conditions
Rice,27.34,77.45,208.44,9.46,5.25,26.4,86.7,104.0,98.0,Healthy,Low,Optimal Conditions
Rice,31.57,80.15,222.38,12.4,5.21,31.0,58.2,73.1,98.0,Healthy,Low,Optimal Conditions
Rice,31.46,81.72,167.02,18.96,7.44,139.5,14.5,92.4,98.0,Healthy,Low,Optimal Conditions
Rice,19.84,98.0,305.19,11.6,7.05,104.7,16.5,23.9,72.3,At Risk,Moderate,Humidity Deviation
Rice,45.85,13.55,7.53,41.86,5.94,104.6,29.9,49.7,5.0,High Risk,High,Temperature Deviation
Rice,24.54,76.08,235.72,16.11,6.92,118.7,69.5,86.5,98.0,Healthy,Low,Optimal Conditions
Rice,26.0,77.17,162.43,12.93,6.09,116.3,88.2,73.4,98.0,Healthy,Low,Optimal Conditions
Rice,22.43,83.87,287.87,8.79,6.74,29.1,23.3,37.8,98.0,Healthy,Low,Optimal Conditions
Rice,31.96,80.45,207.63,16.06,7.29,135.0,14.6,56.4,98.0,Healthy,Low,Optimal Conditions
Rice,25.36,72.55,247.03,10.82,5.57,51.9,38.8,42.3,98.0,Healthy,Low,Optimal Conditions
Rice,19.41,93.11,173.72,30.9,6.81,93.6,43.5,112.9,78.8,Healthy,Low,Humidity Deviation
Rice,15.96,21.66,1.5,38.75,7.07,88.3,15.1,18.9,8.6,High Risk,High,Rainfall Deviation
Rice,22.14,71.13,253.76,13.02,6.87,129.6,56.8,91.2,98.0,Healthy,Low,Optimal Conditions
Rice,22.27,87.89,309.47,23.6,5.9,33.6,63.7,69.6,94.4,Healthy,Low,Optimal Conditions
Rice,25.62,98.0,141.61,19.25,6.96,96.7,74.4,109.8,78.5,Healthy,Low,Humidity Deviation
Rice,32.65,89.69,292.99,27.24,5.99,94.7,79.0,114.7,90.4,Healthy,Low,Humidity Deviation
Rice,31.27,77.38,188.74,11.89,7.45,79.1,36.3,81.5,98.0,Healthy,Low,Optimal Conditions
Rice,22.76,71.93,169.21,7.28,5.35,96.9,24.6,51.3,98.0,Healthy,Low,Optimal Conditions
Rice,19.12,19.03,1.69,26.11,6.37,84.1,38.5,108.9,25.3,High Risk,High,Rainfall Deviation
Rice,25.3,74.82,163.84,12.22,6.72,81.4,22.6,54.6,98.0,Healthy,Low,Optimal Conditions
Rice,30.68,71.27,239.59,19.79,6.34,130.9,28.9,94.8,98.0,Healthy,Low,Optimal Conditions
Rice,29.1,92.3,154.12,12.36,6.12,83.9,29.4,43.3,89.0,Healthy,Low,Humidity Deviation
Rice,22.2,74.83,181.72,9.91,5.3,126.9,57.5,86.3,98.0,Healthy,Low,Optimal Conditions
Rice,22.44,98.0,127.95,17.42,7.25,92.9,29.5,67.3,75.4,Healthy,Low,Humidity Deviation
Rice,31.34,70.11,183.8,10.48,6.22,122.1,17.0,99.6,98.0,Healthy,Low,Optimal Conditions
Rice,30.42,70.77,152.74,15.45,7.49,127.6,56.1,111.3,98.0,Healthy,Low,Optimal Conditions
Rice,31.75,77.36,258.43,17.31,6.8,84.2,48.1,103.1,98.0,Healthy,Low,Optimal Conditions
Rice,31.68,80.66,179.93,16.04,6.32,104.9,71.4,24.2,98.0,Healthy,Low,Optimal Conditions
Rice,21.92,61.28,249.69,17.09,7.02,50.6,64.5,94.8,89.3,Healthy,Low,Humidity Deviation
Rice,35.97,58.52,359.45,31.8,5.51,65.5,84.1,90.8,62.4,At Risk,Moderate,Temperature Deviation
Rice,29.82,82.42,262.58,16.99,7.06,42.4,28.9,81.5,98.0,Healthy,Low,Optimal Conditions
Rice,10.78,92.83,9.0,51.17,6.26,47.9,82.0,55.3,5.0,High Risk,High,Temperature Deviation
Rice,31.57,98.0,261.63,29.33,6.24,109.0,55.9,119.8,80.5,Healthy,Low,Humidity Deviation
Rice,25.2,93.78,103.71,28.07,5.28,121.6,20.2,56.7,76.0,Healthy,Low,Humidity Deviation
Rice,20.66,58.82,178.5,23.18,7.07,135.1,37.4,38.9,81.9,Healthy,Low,Humidity Deviation
Rice,24.88,79.22,286.78,7.09,5.25,50.7,68.1,77.3,98.0,Healthy,Low,Optimal Conditions
Rice,31.19,81.85,153.45,14.77,6.93,64.9,15.5,23.1,98.0,Healthy,Low,Optimal Conditions
Rice,30.4,83.66,168.42,8.54,5.41,42.4,77.0,49.9,98.0,Healthy,Low,Optimal Conditions
Rice,24.27,79.12,206.9,16.16,5.51,114.5,58.3,27.0,98.0,Healthy,Low,Optimal Conditions
Rice,30.64,83.84,219.86,12.21,7.3,90.4,12.6,110.8,98.0,Healthy,Low,Optimal Conditions
Rice,27.78,72.48,155.08,9.67,6.95,53.3,27.6,37.3,98.0,Healthy,Low,Optimal Conditions
Rice,15.68,98.0,314.44,11.48,6.87,45.2,81.8,36.5,56.5,At Risk,Moderate,Temperature Deviation
Rice,22.37,77.08,234.73,5.99,6.94,74.4,52.0,61.3,98.0,Healthy,Low,Optimal Conditions
Rice,27.6,72.33,177.29,17.93,7.37,64.8,31.7,82.6,98.0,Healthy,Low,Optimal Conditions
Rice,22.25,72.34,257.4,14.88,5.07,46.6,28.5,85.5,98.0,Healthy,Low,Optimal Conditions
Rice,23.04,82.0,176.78,14.79,5.6,31.9,29.5,90.8,98.0,Healthy,Low,Optimal Conditions
Rice,15.71,12.12,8.96,50.76,7.12,34.7,80.1,82.5,5.0,High Risk,High,Rainfall Deviation
Rice,18.33,97.82,182.54,19.01,6.38,72.3,33.6,114.6,67.9,At Risk,Moderate,Humidity Deviation
Rice,31.23,58.58,152.78,26.32,6.75,68.3,27.4,82.7,86.3,Healthy,Low,Humidity Deviation
Rice,23.32,83.51,253.68,15.25,7.06,83.6,75.2,67.3,98.0,Healthy,Low,Optimal Conditions
Rice,26.05,77.46,258.03,6.6,5.35,51.6,31.3,91.9,98.0,Healthy,Low,Optimal Conditions
Rice,28.33,77.41,235.99,17.57,6.01,112.5,43.8,52.2,98.0,Healthy,Low,Optimal Conditions
Rice,18.45,92.28,4.37,35.4,6.42,77.1,63.1,113.4,42.1,High Risk,High,Rainfall Deviation
Rice,23.05,51.85,275.51,23.71,6.19,61.3,38.1,58.3,78.2,Healthy,Low,Humidity Deviation
Rice,29.64,58.87,177.21,17.94,5.23,130.1,20.9,114.8,86.6,Healthy,Low,Humidity Deviation
Rice,23.85,78.13,280.94,15.98,7.02,99.1,65.4,104.2,98.0,Healthy,Low,Optimal Conditions
Rice,26.89,73.32,298.15,19.16,5.1,104.7,84.0,34.0,98.0,Healthy,Low,Optimal Conditions
Rice,27.77,69.41,339.61,26.39,5.14,74.6,51.8,82.7,94.0,Healthy,Low,Rainfall Deviation
Rice,27.36,98.0,248.29,16.94,6.35,114.9,35.5,80.7,80.5,Healthy,Low,Humidity Deviation
Rice,41.31,16.93,608.68,57.64,5.18,21.1,14.2,24.3,5.0,High Risk,High,Rainfall Deviation
Rice,26.8,78.71,190.75,10.97,5.23,60.4,51.8,91.9,98.0,Healthy,Low,Optimal Conditions
Rice,26.67,74.46,277.92,15.73,6.47,53.3,82.8,19.7,98.0,Healthy,Low,Optimal Conditions
Rice,25.92,71.87,293.46,16.97,5.65,90.6,88.6,107.8,98.0,Healthy,Low,Optimal Conditions
Rice,29.74,87.0,157.18,21.28,5.58,41.2,27.6,34.6,97.0,Healthy,Low,Optimal Conditions
Rice,35.3,60.66,265.54,21.34,6.23,139.6,81.8,63.7,75.6,Healthy,Low,Temperature Deviation
Rice,22.24,98.0,230.36,29.55,7.39,123.5,74.8,83.8,80.5,Healthy,Low,Humidity Deviation
Rice,20.12,94.75,371.27,12.41,7.24,139.0,14.9,107.7,69.3,At Risk,Moderate,Humidity Deviation
Rice,18.35,98.0,171.9,24.49,7.13,124.1,66.7,102.9,67.7,At Risk,Moderate,Humidity Deviation
Rice,32.52,95.59,354.79,10.11,7.05,47.4,82.7,15.1,74.7,At Risk,Moderate,Humidity Deviation
Rice,16.53,86.16,106.06,23.95,6.35,113.6,18.6,94.9,68.9,At Risk,Moderate,Temperature Deviation
Rice,33.12,47.56,321.05,30.84,5.42,112.5,66.7,64.7,65.8,At Risk,Moderate,Humidity Deviation
Rice,22.75,82.79,298.52,15.14,6.11,97.7,57.6,55.3,98.0,Healthy,Low,Optimal Conditions
Rice,30.22,75.58,272.82,8.79,5.0,39.1,47.5,114.2,98.0,Healthy,Low,Optimal Conditions
Rice,30.54,77.91,273.89,9.48,7.1,112.7,28.4,28.8,98.0,Healthy,Low,Optimal Conditions
Rice,36.38,24.15,9.65,59.44,6.02,127.3,28.4,37.4,5.0,High Risk,High,Rainfall Deviation
Rice,28.52,75.53,279.65,12.1,7.42,42.3,79.5,96.5,98.0,Healthy,Low,Optimal Conditions
Rice,27.83,58.52,280.87,20.17,5.0,91.8,58.6,41.0,86.2,Healthy,Low,Humidity Deviation
Rice,28.1,93.74,281.9,10.26,5.18,67.1,48.4,78.0,86.9,Healthy,Low,Humidity Deviation
Rice,28.95,82.9,266.98,5.59,6.2,32.6,29.4,118.6,98.0,Healthy,Low,Optimal Conditions
Rice,26.99,79.27,255.37,13.39,5.02,59.2,51.4,24.2,98.0,Healthy,Low,Optimal Conditions
Rice,22.33,71.18,209.54,6.99,6.42,102.7,74.0,36.0,98.0,Healthy,Low,Optimal Conditions
Rice,23.05,79.55,255.97,5.47,7.34,26.2,53.3,89.5,98.0,Healthy,Low,Optimal Conditions
Rice,43.21,19.18,614.28,52.43,6.2,24.9,23.1,61.1,5.0,High Risk,High,Temperature Deviation
Rice,27.83,55.7,242.53,27.37,6.65,79.8,54.4,90.5,82.8,Healthy,Low,Humidity Deviation
Rice,31.96,84.62,247.55,7.99,6.7,28.7,12.5,42.1,98.0,Healthy,Low,Optimal Conditions
Rice,33.96,91.57,316.79,21.95,6.28,90.6,12.4,56.5,80.1,Healthy,Low,Humidity Deviation
Rice,18.71,98.0,185.81,23.89,6.83,35.8,67.3,110.4,69.0,At Risk,Moderate,Humidity Deviation
Rice,24.38,84.57,177.15,17.82,6.23,49.7,79.7,61.8,98.0,Healthy,Low,Optimal Conditions
Rice,16.64,68.67,247.83,22.95,6.5,67.6,29.0,39.6,79.6,Healthy,Low,Temperature Deviation
Rice,37.39,15.06,626.37,49.74,5.42,40.1,12.9,92.3,5.0,High Risk,High,Rainfall Deviation
Rice,22.14,98.0,232.52,31.71,5.31,47.7,14.1,82.2,80.5,Healthy,Low,Humidity Deviation
Rice,23.8,71.33,165.5,13.77,6.72,67.7,48.4,87.0,98.0,Healthy,Low,Optimal Conditions
Rice,25.23,84.6,237.02,8.81,6.3,61.1,52.6,28.2,98.0,Healthy,Low,Optimal Conditions
Rice,23.44,84.1,259.93,7.44,5.47,107.7,22.5,39.6,98.0,Healthy,Low,Optimal Conditions
Rice,16.53,95.52,2.44,44.97,5.08,131.7,65.2,86.0,15.7,High Risk,High,Rainfall Deviation
Rice,28.59,75.91,247.68,6.6,6.64,139.9,13.9,117.6,98.0,Healthy,Low,Optimal Conditions
Rice,30.71,81.74,235.05,16.08,7.2,68.5,36.2,85.1,98.0,Healthy,Low,Optimal Conditions
Rice,40.32,92.13,5.44,47.06,6.52,87.6,40.4,72.6,5.0,High Risk,High,Rainfall Deviation
Rice,29.14,91.33,301.69,18.36,7.16,82.3,48.3,17.7,90.3,Healthy,Low,Humidity Deviation
Rice,25.8,75.98,237.03,13.0,6.52,111.8,75.0,90.4,98.0,Healthy,Low,Optimal Conditions
Rice,11.55,23.45,2.43,31.9,6.2,43.3,23.3,79.8,5.0,High Risk,High,Temperature Deviation
Rice,34.57,52.63,278.86,19.1,5.3,41.7,64.5,34.1,68.9,At Risk,Moderate,Humidity Deviation
Rice,25.46,70.6,322.58,18.22,6.32,33.5,10.2,82.0,97.0,Healthy,Low,Optimal Conditions
Rice,28.26,88.03,302.01,15.21,6.95,53.0,75.8,59.5,95.2,Healthy,Low,Optimal Conditions
Rice,30.33,53.72,123.78,21.78,5.45,57.5,28.4,36.6,74.3,At Risk,Moderate,Humidity Deviation
Rice,22.99,86.24,123.94,19.42,6.79,103.1,89.3,28.5,92.1,Healthy,Low,Rainfall Deviation
Rice,29.24,78.68,191.12,6.19,5.21,127.3,25.3,49.0,98.0,Healthy,Low,Optimal Conditions
Rice,25.55,71.04,227.86,6.01,7.0,48.0,53.2,107.4,98.0,Healthy,Low,Optimal Conditions
Rice,30.72,98.0,366.1,19.82,5.83,89.7,17.1,116.0,71.7,At Risk,Moderate,Humidity Deviation
Rice,23.35,98.0,315.59,27.5,7.32,48.2,41.9,31.0,78.4,Healthy,Low,Humidity Deviation
Rice,38.82,89.02,0.89,46.3,6.27,39.1,15.0,27.4,15.0,High Risk,High,Rainfall Deviation
Rice,25.42,75.71,201.95,8.59,6.27,119.0,32.4,114.0,98.0,Healthy,Low,Optimal Conditions
Rice,42.41,97.37,569.15,53.61,5.95,125.4,79.4,99.6,5.0,High Risk,High,Temperature Deviation
Rice,32.32,67.82,338.4,30.52,6.44,77.5,35.1,78.7,91.0,Healthy,Low,Rainfall Deviation
Rice,30.98,82.44,197.63,19.29,7.06,100.0,19.7,65.2,98.0,Healthy,Low,Optimal Conditions
Rice,19.68,90.74,140.56,12.32,6.6,45.9,59.6,83.3,81.1,Healthy,Low,Humidity Deviation
Rice,22.61,81.71,218.97,5.87,7.49,26.9,65.6,118.3,98.0,Healthy,Low,Optimal Conditions
Rice,23.42,71.82,195.49,6.52,6.73,27.5,50.8,119.7,98.0,Healthy,Low,Optimal Conditions
Rice,13.19,97.33,715.98,47.89,5.89,83.1,48.5,33.6,5.0,High Risk,High,Rainfall Deviation
Rice,31.64,73.73,170.07,11.28,6.98,89.9,64.5,34.9,98.0,Healthy,Low,Optimal Conditions
Rice,21.35,57.99,240.73,22.06,6.14,121.3,17.8,66.3,83.3,Healthy,Low,Humidity Deviation
Rice,25.25,81.06,221.4,10.64,5.99,75.1,72.8,108.7,98.0,Healthy,Low,Optimal Conditions
Rice,17.82,22.13,461.53,52.34,7.06,79.5,40.9,62.3,8.8,High Risk,High,Humidity Deviation
Rice,30.89,76.76,282.37,6.59,7.47,73.2,13.8,19.0,98.0,Healthy,Low,Optimal Conditions
Rice,19.35,88.16,260.68,17.69,6.94,99.4,24.8,33.3,86.0,Healthy,Low,Temperature Deviation
Rice,28.6,81.47,189.76,5.31,5.21,136.1,33.6,95.8,98.0,Healthy,Low,Optimal Conditions
Rice,28.44,98.0,119.15,29.71,5.81,35.0,47.9,27.0,73.3,At Risk,Moderate,Humidity Deviation
Rice,36.86,83.01,83.01,18.19,6.08,72.7,59.0,114.0,64.9,At Risk,Moderate,Temperature Deviation
Rice,23.22,72.96,283.04,14.69,5.71,117.9,78.9,103.9,98.0,Healthy,Low,Optimal Conditions
Rice,37.66,96.23,7.76,36.2,6.88,52.3,53.2,91.4,25.5,High Risk,High,Rainfall Deviation
Rice,28.85,71.38,294.77,12.33,5.38,61.1,43.1,94.6,98.0,Healthy,Low,Optimal Conditions
Rice,23.16,67.25,83.34,20.15,5.02,49.6,68.1,119.1,81.1,Healthy,Low,Rainfall Deviation
Rice,26.01,82.0,180.61,13.33,6.83,93.9,25.0,52.3,98.0,Healthy,Low,Optimal Conditions
Rice,36.1,91.72,353.77,24.92,6.89,121.0,47.6,67.7,66.4,At Risk,Moderate,Temperature Deviation
Rice,25.85,79.65,267.06,8.26,5.34,99.6,10.2,33.7,98.0,Healthy,Low,Optimal Conditions
Rice,23.67,72.72,208.15,11.03,7.19,81.2,67.9,25.9,98.0,Healthy,Low,Optimal Conditions
Rice,29.03,70.79,222.99,13.99,6.51,22.8,35.8,81.8,98.0,Healthy,Low,Optimal Conditions
Rice,28.95,81.19,297.3,8.15,7.06,82.4,39.9,27.8,98.0,Healthy,Low,Optimal Conditions
Rice,20.76,59.48,145.4,19.27,6.59,114.3,19.5,58.0,82.0,Healthy,Low,Humidity Deviation
Rice,17.32,94.22,3.35,45.5,6.47,103.7,84.4,97.2,19.8,High Risk,High,Rainfall Deviation
Rice,30.53,73.38,206.54,11.93,6.2,72.2,85.0,89.1,98.0,Healthy,Low,Optimal Conditions
Rice,33.6,48.4,187.0,12.98,6.88,98.8,86.5,22.2,67.7,At Risk,Moderate,Humidity Deviation
Rice,24.82,73.93,187.05,18.59,5.62,52.6,70.8,62.2,98.0,Healthy,Low,Optimal Conditions
Rice,34.31,72.66,131.52,26.98,5.22,48.4,68.6,72.6,86.4,Healthy,Low,Temperature Deviation
Rice,30.82,75.9,274.18,16.82,6.56,79.3,88.4,30.2,98.0,Healthy,Low,Optimal Conditions
Rice,20.81,60.3,120.84,14.96,5.63,122.1,54.9,70.0,77.4,Healthy,Low,Humidity Deviation
Rice,30.6,80.84,160.15,15.62,6.36,29.8,46.7,65.9,98.0,Healthy,Low,Optimal Conditions
Rice,31.46,82.75,250.35,11.93,6.03,98.1,53.6,21.5,98.0,Healthy,Low,Optimal Conditions
Rice,36.56,51.23,134.4,26.69,6.89,22.2,20.1,84.3,55.6,At Risk,Moderate,Humidity Deviation
Rice,24.55,84.2,234.03,16.26,6.39,86.3,17.5,51.1,98.0,Healthy,Low,Optimal Conditions
Rice,25.91,81.98,205.79,11.78,5.99,31.2,45.3,35.5,98.0,Healthy,Low,Optimal Conditions
Rice,22.94,75.35,263.62,9.15,5.78,97.1,25.7,109.2,98.0,Healthy,Low,Optimal Conditions
Rice,36.41,56.24,235.91,13.1,5.51,42.1,81.5,83.7,65.8,At Risk,Moderate,Temperature Deviation
Rice,26.4,79.23,162.52,18.24,7.01,80.6,87.4,58.9,98.0,Healthy,Low,Optimal Conditions
Rice,11.15,24.96,1.62,28.26,5.07,118.8,26.8,54.8,5.0,High Risk,High,Temperature Deviation
Rice,45.2,95.81,720.39,41.07,5.89,79.3,76.3,50.2,5.0,High Risk,High,Temperature Deviation
Rice,29.12,82.39,165.1,8.6,5.35,61.8,46.0,93.6,98.0,Healthy,Low,Optimal Conditions
Rice,35.27,98.0,214.03,12.34,5.79,20.5,64.5,32.5,67.4,At Risk,Moderate,Humidity Deviation
Rice,17.61,67.89,118.58,10.73,5.76,98.4,85.1,106.5,74.8,At Risk,Moderate,Temperature Deviation
Rice,27.69,56.45,153.32,18.35,5.57,65.8,20.3,58.3,83.7,Healthy,Low,Humidity Deviation
Rice,10.46,21.1,662.31,56.88,6.88,116.6,11.4,116.1,5.0,High Risk,High,Temperature Deviation
Rice,21.19,48.6,212.47,15.79,5.12,88.1,32.7,101.6,71.5,At Risk,Moderate,Humidity Deviation
Rice,24.26,80.95,239.82,5.97,7.19,125.3,36.4,50.7,98.0,Healthy,Low,Optimal Conditions
Rice,14.84,21.92,2.68,43.25,5.16,119.8,57.9,27.1,5.0,High Risk,High,Rainfall Deviation
Rice,31.1,80.04,274.39,18.18,6.43,82.1,44.4,48.3,98.0,Healthy,Low,Optimal Conditions
Rice,29.74,79.03,283.88,11.65,6.52,95.8,57.3,88.8,98.0,Healthy,Low,Optimal Conditions
Rice,27.12,71.56,207.68,12.32,6.63,134.1,58.1,93.1,98.0,Healthy,Low,Optimal Conditions
Rice,25.88,92.52,285.27,20.33,6.13,76.8,59.8,64.3,88.7,Healthy,Low,Humidity Deviation
Rice,26.74,78.86,230.55,17.81,5.12,120.0,77.5,44.9,98.0,Healthy,Low,Optimal Conditions
Rice,21.27,63.5,292.79,12.5,5.86,80.9,79.9,66.8,89.6,Healthy,Low,Humidity Deviation
Rice,26.04,60.41,348.58,15.68,6.69,55.6,67.5,115.2,82.0,Healthy,Low,Humidity Deviation
Rice,16.33,48.16,253.37,18.44,6.14,64.3,19.7,59.0,54.0,At Risk,Moderate,Humidity Deviation
Rice,20.19,55.9,199.42,23.17,6.26,36.7,19.3,31.2,76.7,Healthy,Low,Humidity Deviation
Rice,28.38,81.11,229.5,17.44,7.48,118.4,65.6,70.9,98.0,Healthy,Low,Optimal Conditions
Rice,22.84,75.99,286.52,17.12,5.54,76.0,75.3,22.1,98.0,Healthy,Low,Optimal Conditions
Rice,30.52,76.06,161.64,13.14,7.15,90.8,28.1,55.3,98.0,Healthy,Low,Optimal Conditions
Rice,33.89,93.53,174.77,25.14,5.94,40.0,44.4,30.0,79.6,Healthy,Low,Humidity Deviation
Rice,9.77,17.76,471.51,45.86,5.25,121.7,52.5,103.4,5.0,High Risk,High,Temperature Deviation
Rice,34.15,48.85,369.93,18.45,5.1,23.7,41.0,31.8,56.7,At Risk,Moderate,Humidity Deviation
Rice,29.56,76.88,193.39,18.5,5.29,134.7,35.1,108.3,98.0,Healthy,Low,Optimal Conditions
Rice,28.61,51.43,162.79,31.56,6.19,83.9,23.5,40.9,77.7,Healthy,Low,Humidity Deviation
Rice,13.48,88.63,6.77,44.52,5.87,89.7,21.1,61.6,17.0,High Risk,High,Rainfall Deviation
Rice,25.79,56.15,126.67,26.08,5.37,122.3,66.9,110.2,77.9,Healthy,Low,Humidity Deviation
Rice,27.93,78.99,203.02,11.88,5.09,109.5,53.9,21.1,98.0,Healthy,Low,Optimal Conditions
Rice,24.05,53.46,353.54,22.95,5.94,54.3,26.3,95.0,73.0,At Risk,Moderate,Humidity Deviation
Rice,27.11,77.38,236.59,17.98,7.45,68.9,76.2,95.3,98.0,Healthy,Low,Optimal Conditions
Rice,26.58,98.0,123.15,16.86,5.64,23.7,87.7,38.2,74.2,At Risk,Moderate,Humidity Deviation
Rice,34.26,54.83,266.77,27.7,5.7,45.3,86.6,15.9,72.7,At Risk,Moderate,Humidity Deviation
Rice,38.86,88.49,8.34,25.2,7.34,118.6,74.7,107.9,34.3,High Risk,High,Rainfall Deviation
Rice,23.43,94.52,153.36,12.44,7.02,133.7,15.8,115.3,85.7,Healthy,Low,Humidity Deviation
Rice,29.54,98.0,310.23,24.67,5.53,123.6,42.1,45.7,79.1,Healthy,Low,Humidity Deviation
Rice,24.66,70.33,237.49,17.63,6.37,46.3,12.7,37.5,98.0,Healthy,Low,Optimal Conditions
Rice,29.6,72.82,257.97,18.0,6.13,118.6,54.4,81.9,98.0,Healthy,Low,Optimal Conditions
Rice,36.8,92.8,319.87,15.97,6.24,54.1,20.7,81.1,66.5,At Risk,Moderate,Temperature Deviation
Rice,29.49,74.76,150.02,12.67,5.12,53.1,66.6,21.6,98.0,Healthy,Low,Optimal Conditions
Rice,20.02,11.24,3.6,55.33,6.43,128.9,85.4,59.4,5.0,High Risk,High,Rainfall Deviation
Rice,31.36,80.13,167.4,5.63,6.41,131.6,77.5,86.0,98.0,Healthy,Low,Optimal Conditions
Rice,24.54,83.13,177.42,9.18,5.32,101.1,85.5,43.2,98.0,Healthy,Low,Optimal Conditions
Rice,16.26,58.3,289.62,14.6,5.92,64.4,14.2,95.6,65.9,At Risk,Moderate,Temperature Deviation
Rice,30.22,82.76,181.8,14.86,6.18,125.6,27.3,86.2,98.0,Healthy,Low,Optimal Conditions
Rice,36.28,95.81,300.46,20.3,6.45,30.2,13.4,85.0,66.6,At Risk,Moderate,Temperature Deviation
Rice,37.29,22.53,9.11,29.35,6.03,79.1,42.3,70.7,16.0,High Risk,High,Rainfall Deviation
Rice,37.4,97.95,262.38,14.84,5.33,122.9,56.0,23.0,59.0,At Risk,Moderate,Temperature Deviation
Rice,25.68,72.73,215.33,9.98,5.85,108.7,27.9,82.4,98.0,Healthy,Low,Optimal Conditions
Rice,32.96,56.94,366.39,27.17,6.14,67.8,34.2,21.9,71.6,At Risk,Moderate,Humidity Deviation
Rice,24.47,77.26,262.12,12.11,5.14,134.9,85.4,97.4,98.0,Healthy,Low,Optimal Conditions
Rice,41.13,90.25,492.24,54.65,5.79,53.1,88.5,70.4,5.0,High Risk,High,Temperature Deviation
Rice,10.88,98.09,7.25,49.77,5.16,37.7,10.6,81.2,5.0,High Risk,High,Temperature Deviation
Rice,23.34,84.37,229.45,8.63,6.25,101.6,16.1,43.8,98.0,Healthy,Low,Optimal Conditions
Rice,36.63,94.17,4.46,48.6,5.34,139.4,52.2,56.1,13.4,High Risk,High,Rainfall Deviation
Rice,27.53,98.0,268.1,19.61,6.48,28.8,59.8,118.0,80.5,Healthy,Low,Humidity Deviation
Rice,29.93,83.62,291.56,19.4,6.3,137.3,70.6,32.0,98.0,Healthy,Low,Optimal Conditions
Rice,28.87,52.44,369.1,23.27,7.09,114.1,40.2,73.0,69.7,At Risk,Moderate,Humidity Deviation
Rice,14.66,22.72,2.54,41.83,6.66,34.2,33.1,56.8,5.0,High Risk,High,Rainfall Deviation
Rice,14.66,94.99,7.54,40.55,5.69,94.6,89.4,55.6,17.8,High Risk,High,Rainfall Deviation
Rice,30.69,98.0,107.77,10.86,5.09,41.0,79.3,44.7,70.6,At Risk,Moderate,Humidity Deviation
Rice,13.6,16.41,2.82,56.63,7.11,68.1,71.0,101.4,5.0,High Risk,High,Rainfall Deviation
Rice,38.34,12.79,0.33,27.42,7.35,80.8,42.8,100.1,9.7,High Risk,High,Rainfall Deviation
Rice,15.65,97.07,611.73,35.15,7.33,67.0,53.7,70.9,19.4,High Risk,High,Rainfall Deviation
Rice,28.16,86.06,121.33,10.03,6.82,136.0,27.9,84.6,91.7,Healthy,Low,Rainfall Deviation
Rice,21.3,95.57,107.52,17.41,7.5,68.7,27.6,95.1,71.8,At Risk,Moderate,Humidity Deviation
Rice,29.09,49.0,329.4,30.95,5.11,51.8,58.1,46.1,70.9,At Risk,Moderate,Humidity Deviation
Rice,24.01,57.91,101.92,13.96,5.25,116.4,19.8,28.1,74.3,At Risk,Moderate,Humidity Deviation
Rice,19.15,91.8,6.65,49.54,6.82,87.4,85.8,67.1,24.6,High Risk,High,Rainfall Deviation
Rice,23.63,81.79,260.17,10.77,5.06,120.7,10.9,88.9,98.0,Healthy,Low,Optimal Conditions
Rice,17.91,17.52,9.67,35.81,6.21,34.2,86.9,90.0,21.7,High Risk,High,Rainfall Deviation
Rice,40.57,12.36,3.17,52.88,5.63,95.0,55.7,102.4,5.0,High Risk,High,Temperature Deviation
Rice,34.36,12.8,3.07,57.72,6.08,125.4,58.4,40.9,5.0,High Risk,High,Rainfall Deviation
Rice,22.84,75.0,251.63,6.08,5.51,65.8,88.6,97.4,98.0,Healthy,Low,Optimal Conditions
Rice,22.19,98.0,276.38,31.57,5.17,82.2,24.3,116.9,80.5,Healthy,Low,Humidity Deviation
Rice,26.04,81.07,255.68,11.34,5.87,67.7,31.1,36.6,98.0,Healthy,Low,Optimal Conditions
Rice,33.65,98.0,233.5,11.5,6.08,103.5,46.6,24.7,73.9,At Risk,Moderate,Humidity Deviation
Rice,28.57,58.31,278.54,15.96,6.49,123.9,85.7,26.1,86.0,Healthy,Low,Humidity Deviation
Rice,31.45,81.05,282.45,8.04,6.47,104.1,64.4,57.9,98.0,Healthy,Low,Optimal Conditions
Rice,27.83,73.8,217.54,19.36,6.0,120.8,25.1,85.6,98.0,Healthy,Low,Optimal Conditions
Rice,16.94,14.91,9.15,53.6,6.28,72.6,89.7,39.1,5.0,High Risk,High,Rainfall Deviation
Rice,24.93,98.0,62.74,15.46,5.54,52.5,29.8,21.6,60.1,At Risk,Moderate,Rainfall Deviation
Rice,23.89,95.49,305.59,20.86,5.71,114.4,41.8,68.9,83.5,Healthy,Low,Humidity Deviation
Rice,31.88,74.37,265.61,11.41,5.52,116.0,36.7,105.8,98.0,Healthy,Low,Optimal Conditions
Rice,16.21,16.82,700.09,40.49,6.62,132.4,15.1,101.6,5.0,High Risk,High,Rainfall Deviation
Rice,26.44,70.33,195.16,12.54,5.14,78.9,84.2,26.1,98.0,Healthy,Low,Optimal Conditions
Rice,29.15,84.8,199.19,26.43,6.8,119.2,45.7,99.6,98.0,Healthy,Low,Optimal Conditions
Rice,31.25,76.65,233.01,8.82,6.86,29.2,79.8,102.0,98.0,Healthy,Low,Optimal Conditions
Rice,30.09,81.8,244.83,10.6,5.68,47.8,35.5,109.9,98.0,Healthy,Low,Optimal Conditions
Rice,30.29,75.23,228.24,16.92,7.21,61.4,46.9,58.5,98.0,Healthy,Low,Optimal Conditions
Rice,24.96,76.89,211.66,15.83,5.96,78.7,44.4,92.8,98.0,Healthy,Low,Optimal Conditions
Rice,13.02,12.42,4.14,33.45,5.89,32.6,27.8,69.5,5.0,High Risk,High,Rainfall Deviation
Rice,28.27,59.78,377.25,19.12,6.88,124.6,64.3,58.2,77.4,Healthy,Low,Humidity Deviation
Rice,20.62,88.96,188.92,12.58,5.84,37.1,65.4,36.7,89.2,Healthy,Low,Humidity Deviation
Rice,30.96,73.06,226.17,11.29,5.05,115.1,15.5,64.8,98.0,Healthy,Low,Optimal Conditions
Rice,25.04,91.0,309.92,29.23,5.51,35.3,32.8,70.8,89.7,Healthy,Low,Humidity Deviation
Rice,23.55,65.95,192.05,14.48,5.17,125.3,41.2,71.9,95.1,Healthy,Low,Optimal Conditions
Rice,44.64,93.65,4.33,26.5,6.12,28.4,68.3,78.9,8.0,High Risk,High,Temperature Deviation
Rice,34.55,98.0,307.31,20.65,5.01,116.5,71.8,72.6,69.3,At Risk,Moderate,Humidity Deviation
Rice,29.67,78.76,267.29,16.28,7.01,82.2,21.2,85.5,98.0,Healthy,Low,Optimal Conditions
Rice,23.69,57.89,180.32,19.53,6.94,122.3,53.3,94.6,85.5,Healthy,Low,Humidity Deviation
Rice,26.15,80.69,207.93,13.83,5.46,92.0,78.9,106.2,98.0,Healthy,Low,Optimal Conditions
Rice,18.83,88.66,184.87,15.98,6.73,51.7,85.1,81.8,83.4,Healthy,Low,Temperature Deviation
Rice,24.7,72.86,254.2,8.28,6.49,51.8,63.0,100.6,98.0,Healthy,Low,Optimal Conditions
Rice,21.95,96.01,277.63,15.81,6.04,126.6,75.9,81.2,83.3,Healthy,Low,Humidity Deviation
Rice,42.24,23.32,650.03,54.57,5.62,89.2,15.4,25.0,5.0,High Risk,High,Temperature Deviation
Rice,14.48,20.11,2.41,36.13,7.4,127.0,77.9,57.6,7.5,High Risk,High,Rainfall Deviation
Rice,22.8,74.68,152.36,5.26,7.29,104.7,34.7,28.9,98.0,Healthy,Low,Optimal Conditions
Wheat,27.06,41.78,122.65,19.73,7.27,66.7,28.3,77.7,72.8,At Risk,Moderate,Humidity Deviation
Wheat,32.79,19.5,9.81,41.14,7.85,80.5,85.9,102.4,5.0,High Risk,High,Temperature Deviation
Wheat,23.64,52.2,96.25,14.47,5.64,97.3,87.9,22.3,98.0,Healthy,Low,Optimal Conditions
Wheat,14.81,37.78,120.22,13.73,5.55,113.5,58.8,88.5,76.6,Healthy,Low,Humidity Deviation
Wheat,37.9,19.59,207.26,47.49,5.7,108.9,17.6,77.4,5.0,High Risk,High,Temperature Deviation
Wheat,10.73,74.17,88.74,28.99,7.72,43.6,69.0,45.1,78.8,Healthy,Low,Temperature Deviation
Wheat,6.76,20.37,234.74,29.48,6.37,72.2,41.7,85.3,5.0,High Risk,High,Rainfall Deviation
Wheat,9.26,90.32,155.52,28.53,5.92,37.7,87.8,94.7,27.2,High Risk,High,Humidity Deviation
Wheat,25.62,13.11,2.33,37.8,6.38,56.3,88.0,32.9,30.0,High Risk,High,Rainfall Deviation
Wheat,35.05,88.91,220.67,53.13,5.84,89.7,50.4,30.1,5.0,High Risk,High,Temperature Deviation
Wheat,27.63,39.24,34.79,18.0,5.98,61.6,53.8,119.1,65.9,At Risk,Moderate,Humidity Deviation
Wheat,24.95,46.86,82.19,20.77,7.35,79.1,48.7,103.0,96.2,Healthy,Low,Optimal Conditions
Wheat,23.6,58.14,66.41,11.81,7.41,35.1,25.7,114.9,98.0,Healthy,Low,Optimal Conditions
Wheat,20.68,61.59,74.48,14.67,6.07,86.3,39.8,84.5,98.0,Healthy,Low,Optimal Conditions
Wheat,20.71,53.71,63.93,8.28,5.96,119.1,32.9,112.3,98.0,Healthy,Low,Optimal Conditions
Wheat,34.45,98.33,0.87,45.06,6.34,138.6,12.0,41.5,5.0,High Risk,High,Temperature Deviation
Wheat,21.88,42.65,59.97,13.35,6.65,62.1,17.5,66.0,91.2,Healthy,Low,Humidity Deviation
Wheat,5.49,23.87,4.68,49.59,7.04,111.3,51.0,88.9,5.0,High Risk,High,Temperature Deviation
Wheat,35.06,12.56,0.45,46.53,7.78,81.2,50.1,20.3,5.0,High Risk,High,Temperature Deviation
Wheat,20.51,58.76,91.96,7.41,5.56,73.9,29.0,20.2,98.0,Healthy,Low,Optimal Conditions
Wheat,24.47,44.99,71.77,22.51,7.13,45.3,54.5,104.9,94.0,Healthy,Low,Humidity Deviation
Wheat,27.37,97.1,0.88,37.08,5.58,135.4,63.4,113.0,18.0,High Risk,High,Humidity Deviation
Wheat,21.11,63.57,65.88,17.72,7.87,126.2,69.1,44.1,98.0,Healthy,Low,Optimal Conditions
Wheat,24.63,50.21,85.8,15.59,7.06,138.8,35.0,50.7,98.0,Healthy,Low,Optimal Conditions
Wheat,19.43,55.22,67.17,17.52,7.84,42.3,39.8,112.5,98.0,Healthy,Low,Optimal Conditions
Wheat,15.92,53.26,79.76,7.26,7.92,73.6,50.1,40.9,98.0,Healthy,Low,Optimal Conditions
Wheat,29.0,86.76,79.78,27.25,6.66,123.8,30.0,90.3,58.9,At Risk,Moderate,Humidity Deviation
Wheat,39.36,14.71,4.4,36.97,6.57,119.7,19.6,92.2,5.0,High Risk,High,Temperature Deviation
Wheat,30.91,77.62,42.83,17.81,5.61,46.1,11.2,76.0,59.9,At Risk,Moderate,Temperature Deviation
Wheat,23.73,60.46,84.98,11.16,6.9,133.1,16.6,41.7,98.0,Healthy,Low,Optimal Conditions
Wheat,25.52,73.08,63.4,26.26,5.58,99.0,52.6,25.8,93.3,Healthy,Low,Optimal Conditions
Wheat,20.68,55.93,96.92,17.28,7.96,51.2,87.6,60.3,98.0,Healthy,Low,Optimal Conditions
Wheat,15.5,51.06,84.6,11.87,6.07,93.7,30.2,75.7,98.0,Healthy,Low,Optimal Conditions
Wheat,23.24,66.41,73.87,10.26,6.41,116.7,36.3,37.0,98.0,Healthy,Low,Optimal Conditions
Wheat,19.67,59.64,92.05,8.32,6.45,117.0,75.9,55.4,98.0,Healthy,Low,Optimal Conditions
Wheat,11.15,39.67,69.82,16.86,6.12,98.5,59.5,49.9,74.1,At Risk,Moderate,Temperature Deviation
Wheat,28.66,11.75,0.44,37.41,6.88,68.4,76.7,100.5,17.1,High Risk,High,Rainfall Deviation
Wheat,17.13,42.94,89.66,14.77,6.22,86.8,12.3,110.3,91.5,Healthy,Low,Humidity Deviation
Wheat,17.2,60.37,85.51,6.44,6.29,136.2,31.0,47.9,98.0,Healthy,Low,Optimal Conditions
Wheat,8.62,19.53,181.48,48.71,6.57,107.8,76.0,30.4,5.0,High Risk,High,Rainfall Deviation
Wheat,32.97,96.45,234.42,44.16,6.19,128.2,27.2,107.9,5.0,High Risk,High,Rainfall Deviation
Wheat,27.82,69.54,61.64,27.72,7.87,68.0,72.7,42.9,88.7,Healthy,Low,Temperature Deviation
Wheat,2.0,16.89,9.39,56.05,6.55,79.6,83.4,96.5,5.0,High Risk,High,Temperature Deviation
Wheat,20.65,58.85,89.86,15.86,7.23,60.9,74.4,20.5,98.0,Healthy,Low,Optimal Conditions
Wheat,18.36,51.54,61.75,17.45,7.87,56.6,31.2,44.4,98.0,Healthy,Low,Optimal Conditions
Wheat,15.36,68.54,60.68,11.3,5.52,123.0,68.5,114.4,98.0,Healthy,Low,Optimal Conditions
Wheat,10.87,76.79,89.65,25.61,6.18,128.5,40.0,72.7,75.4,Healthy,Low,Temperature Deviation
Wheat,19.26,66.65,90.28,8.36,6.07,118.1,84.4,25.0,98.0,Healthy,Low,Optimal Conditions
Wheat,11.74,51.88,55.54,26.01,6.71,103.3,54.2,37.7,88.6,Healthy,Low,Temperature Deviation
Wheat,17.96,68.22,77.37,16.01,6.37,68.9,20.0,33.0,98.0,Healthy,Low,Optimal Conditions
Wheat,33.72,12.9,3.45,35.41,6.07,69.4,29.2,85.6,5.0,High Risk,High,Temperature Deviation
Wheat,3.24,10.68,3.6,59.64,5.58,73.3,50.4,27.3,5.0,High Risk,High,Temperature Deviation
Wheat,18.52,65.23,75.35,14.57,7.96,112.2,44.7,61.9,98.0,Healthy,Low,Optimal Conditions
Wheat,29.33,68.95,109.27,27.15,5.54,118.2,13.2,108.4,79.0,Healthy,Low,Temperature Deviation
Wheat,9.24,94.63,162.6,28.26,7.91,36.2,22.1,108.4,19.8,High Risk,High,Humidity Deviation
Wheat,6.98,16.44,196.41,33.17,7.06,109.6,27.5,21.3,5.0,High Risk,High,Rainfall Deviation
Wheat,21.06,66.99,52.25,16.01,6.35,77.4,84.3,49.9,98.0,Healthy,Low,Optimal Conditions
Wheat,16.95,73.05,57.76,20.84,7.08,116.7,41.8,99.6,95.4,Healthy,Low,Optimal Conditions
Wheat,25.82,85.0,117.68,18.94,5.86,105.8,33.5,70.2,67.1,At Risk,Moderate,Humidity Deviation
Wheat,24.11,48.72,67.74,11.8,7.81,59.1,20.2,61.4,98.0,Healthy,Low,Optimal Conditions
Wheat,21.85,68.05,91.86,6.91,5.82,117.6,83.9,63.4,98.0,Healthy,Low,Optimal Conditions
Wheat,15.5,70.3,70.61,17.85,6.14,21.5,53.2,104.4,98.0,Healthy,Low,Optimal Conditions
Wheat,5.24,92.22,6.07,38.65,6.7,36.6,16.5,102.1,5.0,High Risk,High,Temperature Deviation
Wheat,11.01,24.93,3.2,39.09,7.18,101.9,35.2,29.0,17.1,High Risk,High,Rainfall Deviation
Wheat,9.86,85.58,123.25,12.04,7.45,100.8,71.4,47.3,49.3,High Risk,High,Humidity Deviation
Wheat,9.71,78.74,54.71,21.91,5.72,26.8,18.4,76.5,68.4,At Risk,Moderate,Temperature Deviation
Wheat,21.2,49.34,102.91,24.36,5.88,137.2,53.6,29.2,98.0,Healthy,Low,Optimal Conditions
Wheat,6.18,95.72,3.37,25.73,6.29,26.8,71.3,88.7,5.0,High Risk,High,Humidity Deviation
Wheat,21.76,57.92,87.81,11.81,6.53,132.2,30.1,27.6,98.0,Healthy,Low,Optimal Conditions
Wheat,18.43,45.03,91.19,12.34,5.79,132.9,79.8,62.5,94.0,Healthy,Low,Humidity Deviation
Wheat,33.31,95.13,4.55,47.71,7.89,38.2,48.2,78.2,5.0,High Risk,High,Humidity Deviation
Wheat,25.31,69.13,57.51,14.73,5.6,63.6,17.9,27.2,98.0,Healthy,Low,Optimal Conditions
Wheat,17.95,60.6,83.92,13.89,5.87,40.7,80.3,73.6,98.0,Healthy,Low,Optimal Conditions
Wheat,2.64,24.09,170.08,41.69,7.08,119.4,72.7,44.1,5.0,High Risk,High,Temperature Deviation
Wheat,13.62,92.34,0.4,39.79,7.99,21.3,81.6,30.7,19.7,High Risk,High,Rainfall Deviation
Wheat,27.94,44.34,54.35,24.17,6.45,26.5,58.0,109.8,81.5,Healthy,Low,Temperature Deviation
Wheat,17.16,58.85,52.42,17.31,7.57,90.6,38.2,99.0,98.0,Healthy,Low,Optimal Conditions
Wheat,27.34,39.3,90.56,19.13,5.54,77.4,11.7,101.1,77.8,Healthy,Low,Humidity Deviation
Wheat,5.89,13.4,6.25,31.46,6.01,66.4,14.1,56.8,7.5,High Risk,High,Temperature Deviation
Wheat,10.29,72.29,62.15,21.45,7.99,44.2,30.6,26.9,80.1,Healthy,Low,Temperature Deviation
Wheat,7.54,18.12,208.92,35.38,5.69,40.4,20.2,27.9,5.0,High Risk,High,Rainfall Deviation
Wheat,11.76,89.24,88.12,16.29,7.18,40.4,14.4,49.8,59.8,At Risk,Moderate,Humidity Deviation
Wheat,10.16,59.44,114.1,26.03,6.29,67.2,29.0,25.2,77.4,Healthy,Low,Temperature Deviation
Wheat,22.98,63.55,77.35,12.13,7.81,28.7,32.4,51.7,98.0,Healthy,Low,Optimal Conditions
Wheat,17.25,76.95,59.37,23.47,5.54,43.4,74.8,43.6,89.6,Healthy,Low,Humidity Deviation
Wheat,15.88,56.43,52.99,22.07,6.51,82.4,89.7,29.2,98.0,Healthy,Low,Optimal Conditions
Wheat,23.08,43.35,88.01,17.8,6.26,107.7,66.1,76.8,92.0,Healthy,Low,Humidity Deviation
Wheat,29.64,17.08,2.25,25.88,6.39,113.6,55.1,42.4,18.0,High Risk,High,Rainfall Deviation
Wheat,11.9,78.92,74.25,11.34,7.24,41.9,35.5,58.6,75.8,Healthy,Low,Humidity Deviation
Wheat,2.0,18.77,5.74,46.9,6.88,68.9,51.7,109.1,5.0,High Risk,High,Temperature Deviation
Wheat,15.23,67.23,78.86,18.36,6.99,117.2,44.4,93.7,98.0,Healthy,Low,Optimal Conditions
Wheat,5.35,96.7,205.51,45.64,5.67,119.8,24.2,90.9,5.0,High Risk,High,Rainfall Deviation
Wheat,13.76,77.5,111.43,27.57,7.83,22.4,22.3,108.0,79.8,Healthy,Low,Humidity Deviation
Wheat,30.9,45.96,75.81,24.05,6.3,26.9,21.0,15.1,71.6,At Risk,Moderate,Temperature Deviation
Wheat,35.01,90.63,201.22,39.37,6.02,137.2,61.6,113.1,5.0,High Risk,High,Temperature Deviation
Wheat,22.82,65.32,84.58,19.48,6.48,35.7,63.7,91.6,98.0,Healthy,Low,Optimal Conditions
Wheat,25.3,46.49,97.64,10.15,6.81,130.6,75.0,101.6,94.6,Healthy,Low,Optimal Conditions
Wheat,30.95,42.97,74.91,20.7,5.77,49.8,35.4,99.9,67.8,At Risk,Moderate,Temperature Deviation
Wheat,8.23,91.01,6.9,36.49,5.63,100.3,28.5,40.6,12.4,High Risk,High,Humidity Deviation
Wheat,15.64,53.54,50.26,11.68,5.71,101.9,28.8,114.1,98.0,Healthy,Low,Optimal Conditions
Wheat,34.78,11.98,0.82,55.56,5.92,26.4,67.4,64.9,5.0,High Risk,High,Temperature Deviation
Wheat,33.57,20.15,7.2,41.7,7.48,137.7,84.6,113.1,5.0,High Risk,High,Temperature Deviation
Wheat,19.69,64.11,96.11,7.13,6.26,36.7,59.0,47.2,98.0,Healthy,Low,Optimal Conditions
Wheat,15.71,57.0,93.12,8.5,7.24,95.6,79.1,28.9,98.0,Healthy,Low,Optimal Conditions
Wheat,5.13,98.73,2.56,43.22,6.6,125.6,50.4,68.3,5.0,High Risk,High,Humidity Deviation
Wheat,24.83,55.0,53.67,14.95,6.99,69.8,43.8,97.4,98.0,Healthy,Low,Optimal Conditions
Wheat,23.2,62.97,70.95,11.87,6.14,110.3,51.0,48.7,98.0,Healthy,Low,Optimal Conditions
Wheat,10.37,66.27,117.68,12.32,6.88,81.6,32.5,101.3,76.7,Healthy,Low,Temperature Deviation
Wheat,18.9,50.63,92.69,18.25,7.05,106.2,18.8,18.7,98.0,Healthy,Low,Optimal Conditions
Wheat,33.13,94.87,8.02,49.03,7.54,125.3,71.9,85.5,5.0,High Risk,High,Humidity Deviation
Wheat,20.35,50.75,90.4,9.81,6.91,53.5,72.6,108.1,98.0,Healthy,Low,Optimal Conditions
Wheat,23.63,55.34,76.73,17.88,6.31,134.5,19.8,16.9,98.0,Healthy,Low,Optimal Conditions
Wheat,9.07,13.62,1.85,35.2,6.54,65.2,80.1,110.1,15.3,High Risk,High,Rainfall Deviation
Wheat,17.71,66.86,62.41,28.57,7.79,106.2,32.7,49.3,98.0,Healthy,Low,Optimal Conditions
Wheat,22.61,50.85,93.23,6.78,5.93,77.2,69.0,29.6,98.0,Healthy,Low,Optimal Conditions
Wheat,19.83,54.25,55.78,17.55,6.76,21.7,74.2,118.0,98.0,Healthy,Low,Optimal Conditions
Wheat,23.22,80.23,87.2,16.83,6.76,115.6,69.2,82.8,84.7,Healthy,Low,Humidity Deviation
Wheat,20.47,51.75,68.87,11.2,5.6,52.9,86.5,115.1,98.0,Healthy,Low,Optimal Conditions
Wheat,15.43,53.58,69.61,19.22,5.85,111.6,18.7,118.0,98.0,Healthy,Low,Optimal Conditions
Wheat,22.75,56.85,81.38,7.88,5.87,132.6,83.4,108.2,98.0,Healthy,Low,Optimal Conditions
Wheat,30.82,48.01,63.86,25.15,6.88,49.0,44.1,116.6,74.3,At Risk,Moderate,Temperature Deviation
Wheat,14.8,47.29,92.53,27.62,5.95,33.2,80.7,51.0,96.0,Healthy,Low,Optimal Conditions
Wheat,24.12,51.36,43.37,22.0,6.02,85.3,28.5,104.1,95.4,Healthy,Low,Optimal Conditions
Wheat,17.46,66.25,67.14,6.67,6.93,89.8,67.2,40.2,98.0,Healthy,Low,Optimal Conditions
Wheat,17.82,51.62,93.83,15.93,6.25,91.9,26.1,108.5,98.0,Healthy,Low,Optimal Conditions
Wheat,15.04,60.04,79.16,13.68,5.64,57.7,49.9,37.7,98.0,Healthy,Low,Optimal Conditions
Wheat,34.67,98.58,8.29,56.83,6.92,111.5,74.9,50.9,5.0,High Risk,High,Temperature Deviation
Wheat,23.48,57.27,89.7,19.11,7.06,109.0,74.4,103.7,98.0,Healthy,Low,Optimal Conditions
Wheat,15.51,58.04,83.69,11.76,7.37,62.8,60.8,34.6,98.0,Healthy,Low,Optimal Conditions
Wheat,17.4,38.42,59.45,18.71,7.03,116.7,34.0,116.0,86.1,Healthy,Low,Humidity Deviation
Wheat,23.73,76.24,114.65,15.33,7.16,120.7,54.1,31.1,84.8,Healthy,Low,Humidity Deviation
Wheat,16.55,86.1,109.52,20.94,5.95,33.0,77.4,79.5,72.0,At Risk,Moderate,Humidity Deviation
Wheat,16.92,61.11,79.2,8.1,7.63,30.1,38.5,86.4,98.0,Healthy,Low,Optimal Conditions
Wheat,23.28,64.8,89.45,6.79,5.85,54.4,51.4,93.5,98.0,Healthy,Low,Optimal Conditions
Wheat,36.67,98.48,6.96,34.06,5.63,107.1,19.7,46.8,5.0,High Risk,High,Temperature Deviation
Wheat,20.03,78.04,82.86,12.67,7.3,42.1,36.3,66.2,87.9,Healthy,Low,Humidity Deviation
Wheat,17.49,58.16,63.98,7.05,7.32,117.6,30.6,96.3,98.0,Healthy,Low,Optimal Conditions
Wheat,20.07,67.12,87.5,17.08,5.84,28.4,81.5,55.7,98.0,Healthy,Low,Optimal Conditions
Wheat,22.25,66.73,93.12,9.74,7.63,24.9,14.0,80.5,98.0,Healthy,Low,Optimal Conditions
Wheat,18.25,63.46,66.86,7.69,6.2,74.9,48.0,97.2,98.0,Healthy,Low,Optimal Conditions
Wheat,24.59,52.73,95.08,12.62,5.59,26.3,76.7,27.4,98.0,Healthy,Low,Optimal Conditions
Wheat,19.38,66.88,63.12,11.33,5.6,73.9,56.2,74.9,98.0,Healthy,Low,Optimal Conditions
Wheat,18.16,52.13,68.34,6.49,7.42,136.0,87.6,105.8,98.0,Healthy,Low,Optimal Conditions
Wheat,29.07,76.48,38.18,12.1,6.55,33.6,23.8,72.5,65.7,At Risk,Moderate,Temperature Deviation
Wheat,15.64,56.35,61.02,12.73,5.76,110.2,82.5,93.1,98.0,Healthy,Low,Optimal Conditions
Wheat,9.78,51.11,96.61,26.86,6.52,125.6,61.9,109.4,81.7,Healthy,Low,Temperature Deviation
Wheat,18.87,88.84,102.23,13.41,6.43,45.1,65.7,114.1,70.8,At Risk,Moderate,Humidity Deviation
Wheat,4.2,24.77,9.52,39.89,6.91,22.5,12.8,61.8,5.0,High Risk,High,Temperature Deviation
Wheat,29.32,94.98,163.37,31.54,6.61,78.6,75.0,25.4,22.4,High Risk,High,Humidity Deviation
Wheat,21.29,54.3,81.37,18.85,7.99,23.9,28.8,47.6,98.0,Healthy,Low,Optimal Conditions
Wheat,17.42,54.07,97.73,18.78,5.62,60.7,42.4,40.1,98.0,Healthy,Low,Optimal Conditions
Wheat,9.46,44.93,99.81,23.38,6.61,109.1,28.3,21.1,74.5,At Risk,Moderate,Temperature Deviation
Wheat,19.74,53.36,67.74,11.0,5.64,90.0,80.7,30.9,98.0,Healthy,Low,Optimal Conditions
Wheat,22.75,43.93,90.23,27.54,6.77,110.0,34.9,69.0,92.7,Healthy,Low,Humidity Deviation
Wheat,6.8,97.51,179.49,58.83,7.24,30.0,79.0,65.5,5.0,High Risk,High,Humidity Deviation
Wheat,20.5,58.34,93.89,8.06,7.57,86.9,14.4,117.0,98.0,Healthy,Low,Optimal Conditions
Wheat,17.88,39.28,111.03,31.41,6.0,21.1,16.0,54.5,82.7,Healthy,Low,Humidity Deviation
Wheat,3.94,97.8,185.19,26.76,5.74,106.5,32.5,34.4,5.0,High Risk,High,Temperature Deviation
Wheat,15.22,65.49,56.72,12.02,7.01,71.4,12.2,97.3,98.0,Healthy,Low,Optimal Conditions
Wheat,22.62,67.87,71.64,13.03,6.69,66.7,81.0,108.9,98.0,Healthy,Low,Optimal Conditions
Wheat,21.15,68.54,98.1,12.63,6.63,53.4,86.7,30.0,98.0,Healthy,Low,Optimal Conditions
Wheat,31.0,26.12,49.53,26.06,6.39,27.7,15.9,27.1,47.0,High Risk,High,Humidity Deviation
Wheat,40.21,15.02,7.94,58.19,5.73,39.4,86.9,71.4,5.0,High Risk,High,Temperature Deviation
Wheat,17.58,59.0,84.65,16.0,7.99,54.5,53.1,71.0,98.0,Healthy,Low,Optimal Conditions
Wheat,16.69,69.55,92.67,12.47,7.01,47.3,53.5,88.0,98.0,Healthy,Low,Optimal Conditions
Wheat,9.99,74.99,18.53,15.27,5.58,60.3,51.1,98.6,53.0,At Risk,Moderate,Rainfall Deviation
Wheat,22.05,53.75,87.53,8.54,5.86,42.2,24.6,68.9,98.0,Healthy,Low,Optimal Conditions
Wheat,36.63,94.26,242.58,38.02,5.73,74.9,41.6,106.0,5.0,High Risk,High,Temperature Deviation
Wheat,24.67,69.16,62.38,10.22,7.74,136.0,45.5,48.7,98.0,Healthy,Low,Optimal Conditions
Wheat,20.53,40.21,105.14,11.05,7.87,105.3,10.5,95.2,86.2,Healthy,Low,Humidity Deviation
Wheat,25.99,79.9,51.05,11.95,7.19,27.7,57.7,92.7,81.2,Healthy,Low,Humidity Deviation
Wheat,23.42,50.61,92.19,11.9,6.04,36.1,86.3,22.6,98.0,Healthy,Low,Optimal Conditions
Wheat,18.48,62.4,77.24,6.88,6.22,48.7,27.1,58.2,98.0,Healthy,Low,Optimal Conditions
Wheat,10.85,93.74,41.28,25.77,6.4,52.1,44.6,24.6,44.4,High Risk,High,Humidity Deviation
Wheat,17.07,76.2,85.66,17.25,7.23,111.9,34.3,100.2,90.7,Healthy,Low,Humidity Deviation
Wheat,19.46,64.54,84.65,19.81,6.06,99.5,58.8,111.1,98.0,Healthy,Low,Optimal Conditions
Wheat,22.52,61.37,63.73,12.12,6.33,89.5,81.1,74.8,98.0,Healthy,Low,Optimal Conditions
Wheat,20.49,38.82,65.13,11.16,6.62,86.5,33.8,62.8,86.6,Healthy,Low,Humidity Deviation
Wheat,18.04,62.42,65.09,18.5,7.07,72.6,13.1,67.5,98.0,Healthy,Low,Optimal Conditions
Wheat,15.0,29.35,40.93,22.0,5.83,103.0,73.6,32.2,68.9,At Risk,Moderate,Humidity Deviation
Wheat,16.46,67.54,76.41,12.01,5.77,97.9,79.4,102.0,98.0,Healthy,Low,Optimal Conditions
Wheat,16.64,66.58,51.66,28.07,7.92,74.5,50.6,75.1,98.0,Healthy,Low,Optimal Conditions
Wheat,31.88,90.9,215.42,49.38,7.31,120.4,88.0,117.4,5.0,High Risk,High,Rainfall Deviation
Wheat,23.22,62.93,82.37,6.93,7.13,137.9,82.9,61.1,98.0,Healthy,Low,Optimal Conditions
Wheat,18.62,66.53,85.07,11.89,5.64,71.2,47.5,112.5,98.0,Healthy,Low,Optimal Conditions
Wheat,29.3,32.61,119.08,26.49,7.25,56.8,14.6,51.0,54.3,At Risk,Moderate,Humidity Deviation
Wheat,24.18,90.19,78.03,24.76,7.55,49.4,43.7,103.1,69.7,At Risk,Moderate,Humidity Deviation
Wheat,33.84,90.8,226.0,42.99,7.01,95.8,52.2,76.2,5.0,High Risk,High,Rainfall Deviation
Wheat,22.78,70.86,65.26,10.38,5.62,88.7,75.6,49.3,98.0,Healthy,Low,Optimal Conditions
Wheat,20.96,55.48,51.33,16.03,7.06,89.7,69.3,85.9,98.0,Healthy,Low,Optimal Conditions
Wheat,18.52,52.52,56.49,15.14,7.65,135.5,60.3,34.3,98.0,Healthy,Low,Optimal Conditions
Wheat,23.13,61.58,80.91,16.72,7.26,120.1,14.5,93.5,98.0,Healthy,Low,Optimal Conditions
Wheat,26.29,16.48,166.65,52.11,6.04,94.5,13.8,65.8,13.2,High Risk,High,Humidity Deviation
Wheat,24.21,69.52,61.11,8.12,7.38,50.4,81.6,75.3,98.0,Healthy,Low,Optimal Conditions
Wheat,23.33,59.87,95.58,18.92,5.91,20.3,88.7,110.1,98.0,Healthy,Low,Optimal Conditions
Wheat,23.33,59.16,62.95,18.18,5.99,133.7,26.4,79.4,98.0,Healthy,Low,Optimal Conditions
Wheat,20.46,63.68,59.51,12.81,6.67,28.5,75.5,50.2,98.0,Healthy,Low,Optimal Conditions
Wheat,28.07,75.4,35.94,13.67,7.81,118.6,38.3,83.9,69.8,At Risk,Moderate,Temperature Deviation
Wheat,11.46,36.79,51.91,13.09,6.56,61.0,24.7,15.7,71.7,At Risk,Moderate,Humidity Deviation
Wheat,13.94,32.19,64.9,18.42,7.08,71.6,45.0,47.6,74.9,At Risk,Moderate,Humidity Deviation
Wheat,29.65,41.63,69.3,15.97,5.51,39.5,38.0,48.2,71.3,At Risk,Moderate,Temperature Deviation
Wheat,16.39,56.53,42.21,23.11,5.77,22.0,82.8,43.3,94.5,Healthy,Low,Rainfall Deviation
Wheat,2.0,95.47,200.29,47.06,7.97,61.3,14.9,92.1,5.0,High Risk,High,Temperature Deviation
Wheat,27.52,37.94,116.11,19.16,5.92,138.3,75.7,44.6,69.0,At Risk,Moderate,Humidity Deviation
Wheat,15.57,52.41,79.04,18.93,6.74,121.2,45.7,89.4,98.0,Healthy,Low,Optimal Conditions
Wheat,17.72,68.29,30.72,23.97,7.65,61.4,41.2,108.6,86.5,Healthy,Low,Rainfall Deviation
Wheat,34.53,89.59,0.29,33.28,6.03,108.3,35.6,68.1,5.0,High Risk,High,Temperature Deviation
Wheat,24.6,67.03,93.19,11.1,7.41,37.3,10.7,17.1,98.0,Healthy,Low,Optimal Conditions
Wheat,22.62,48.02,30.9,31.61,6.46,41.3,38.1,61.2,84.3,Healthy,Low,Rainfall Deviation
Wheat,20.78,61.95,86.95,5.44,6.85,26.3,66.1,20.9,98.0,Healthy,Low,Optimal Conditions
Wheat,3.83,17.29,240.45,50.15,6.97,79.1,25.4,63.7,5.0,High Risk,High,Rainfall Deviation
Wheat,24.15,56.71,97.61,13.0,7.08,85.2,20.4,54.5,98.0,Healthy,Low,Optimal Conditions
Wheat,21.23,58.94,88.9,8.31,5.91,68.8,84.1,89.6,98.0,Healthy,Low,Optimal Conditions
Wheat,20.17,51.68,99.23,15.0,6.21,90.3,18.8,116.4,98.0,Healthy,Low,Optimal Conditions
Wheat,21.48,54.91,85.88,16.65,7.18,93.7,81.4,23.3,98.0,Healthy,Low,Optimal Conditions
Wheat,17.48,69.76,69.47,15.99,7.21,45.4,29.1,44.5,98.0,Healthy,Low,Optimal Conditions
Wheat,17.34,50.39,93.97,19.48,6.35,60.6,10.6,86.4,98.0,Healthy,Low,Optimal Conditions
Wheat,37.36,21.13,6.23,46.83,5.84,33.9,77.5,29.6,5.0,High Risk,High,Temperature Deviation
Wheat,29.39,36.49,58.05,14.42,7.51,122.0,33.1,115.0,66.2,At Risk,Moderate,Temperature Deviation
Wheat,16.5,60.75,78.79,14.68,5.54,135.2,13.6,30.0,98.0,Healthy,Low,Optimal Conditions
Wheat,20.67,68.65,83.3,17.34,5.53,85.0,46.8,67.4,98.0,Healthy,Low,Optimal Conditions
Wheat,21.84,60.06,88.26,12.28,5.87,97.8,23.8,106.6,98.0,Healthy,Low,Optimal Conditions
Wheat,18.01,73.63,40.35,23.69,7.84,44.8,68.8,106.0,87.8,Healthy,Low,Rainfall Deviation
Wheat,21.63,64.47,37.55,15.78,7.69,35.5,67.6,25.6,91.3,Healthy,Low,Rainfall Deviation
Wheat,14.45,35.13,59.85,18.47,6.54,25.3,33.1,62.4,80.2,Healthy,Low,Humidity Deviation
Wheat,19.53,67.06,79.07,6.18,5.98,76.9,38.9,52.7,98.0,Healthy,Low,Optimal Conditions
Wheat,27.17,34.69,38.54,17.33,6.73,88.7,29.1,98.4,64.9,At Risk,Moderate,Humidity Deviation
Wheat,30.57,80.34,90.78,14.63,7.22,125.3,33.2,23.6,62.2,At Risk,Moderate,Temperature Deviation
Wheat,21.72,56.58,63.91,7.77,6.74,53.1,68.5,23.0,98.0,Healthy,Low,Optimal Conditions
Wheat,27.85,48.06,22.77,28.76,6.0,124.9,38.2,90.9,67.2,At Risk,Moderate,Rainfall Deviation
Wheat,24.06,52.53,58.93,12.4,5.7,43.5,85.5,117.5,98.0,Healthy,Low,Optimal Conditions
Wheat,24.23,60.9,63.49,15.54,7.15,138.7,31.2,85.6,98.0,Healthy,Low,Optimal Conditions
Wheat,16.14,50.08,99.97,17.03,7.47,81.2,34.0,30.9,98.0,Healthy,Low,Optimal Conditions
Wheat,18.76,65.13,76.98,6.16,5.55,32.3,42.8,113.0,98.0,Healthy,Low,Optimal Conditions
Wheat,25.38,79.14,24.63,10.6,6.51,139.2,24.0,85.6,67.0,At Risk,Moderate,Rainfall Deviation
Wheat,22.25,60.11,84.0,8.04,7.36,139.5,63.3,66.8,98.0,Healthy,Low,Optimal Conditions
Wheat,29.47,13.82,2.05,29.98,5.63,95.1,14.4,102.8,18.6,High Risk,High,Rainfall Deviation
Wheat,26.87,69.34,49.8,12.42,6.47,48.9,11.3,52.8,92.4,Healthy,Low,Temperature Deviation
Wheat,17.57,51.85,55.05,7.99,8.0,20.3,61.1,29.8,98.0,Healthy,Low,Optimal Conditions
Wheat,26.19,92.43,176.27,58.17,6.15,60.5,42.2,20.4,6.1,High Risk,High,Humidity Deviation
Wheat,10.97,87.66,103.69,10.34,7.45,63.4,42.5,100.0,57.9,At Risk,Moderate,Humidity Deviation
Wheat,15.47,53.53,97.8,6.06,6.39,80.4,49.5,15.4,98.0,Healthy,Low,Optimal Conditions
Wheat,18.54,73.7,63.11,12.09,6.86,108.9,70.6,78.7,94.4,Healthy,Low,Humidity Deviation
Wheat,22.97,64.4,54.31,11.96,5.93,60.5,11.4,57.0,98.0,Healthy,Low,Optimal Conditions
Wheat,14.14,65.64,84.92,20.16,7.76,26.1,79.1,50.8,97.0,Healthy,Low,Optimal Conditions
Wheat,12.83,94.04,227.51,37.76,7.61,43.4,76.1,74.1,13.3,High Risk,High,Rainfall Deviation
Wheat,14.52,81.66,48.44,26.38,7.91,106.1,89.4,88.3,79.8,Healthy,Low,Humidity Deviation
Wheat,21.72,64.04,68.59,5.27,7.26,22.6,60.5,32.2,98.0,Healthy,Low,Optimal Conditions
Wheat,13.79,85.99,58.05,15.93,6.19,132.0,67.9,75.6,71.8,At Risk,Moderate,Humidity Deviation
Wheat,28.5,39.0,107.28,16.94,7.21,124.6,29.0,117.8,69.9,At Risk,Moderate,Temperature Deviation
Wheat,17.67,58.43,54.72,6.89,6.54,111.5,82.0,84.8,98.0,Healthy,Low,Optimal Conditions
Wheat,21.72,62.71,90.29,17.38,7.67,69.7,65.8,43.2,98.0,Healthy,Low,Optimal Conditions
Wheat,2.75,98.13,245.5,58.08,7.18,27.8,47.3,40.2,5.0,High Risk,High,Temperature Deviation
Wheat,18.72,47.61,114.09,14.24,7.02,101.3,52.1,90.4,91.5,Healthy,Low,Rainfall Deviation
Wheat,16.06,51.2,53.05,23.83,6.89,109.1,32.4,74.3,98.0,Healthy,Low,Optimal Conditions
Wheat,19.14,65.0,84.67,19.86,6.19,79.8,36.4,61.3,98.0,Healthy,Low,Optimal Conditions
Wheat,10.12,98.56,182.91,39.48,6.25,109.8,26.7,36.5,8.0,High Risk,High,Humidity Deviation
Wheat,16.26,56.22,94.3,16.62,7.34,115.7,31.6,108.2,98.0,Healthy,Low,Optimal Conditions
Wheat,18.36,61.73,55.15,15.95,6.47,114.1,49.4,34.0,98.0,Healthy,Low,Optimal Conditions
Wheat,27.56,82.59,39.01,21.65,6.17,22.5,67.8,18.4,63.2,At Risk,Moderate,Humidity Deviation
Wheat,29.22,50.08,70.73,10.72,6.75,92.1,15.0,90.7,83.1,Healthy,Low,Temperature Deviation
Wheat,21.85,69.64,84.56,18.25,7.87,78.4,66.2,104.5,98.0,Healthy,Low,Optimal Conditions
Wheat,17.61,68.93,86.32,8.3,6.62,115.6,53.8,83.2,98.0,Healthy,Low,Optimal Conditions
Wheat,16.7,41.68,23.05,14.29,6.73,134.1,40.7,59.6,71.2,At Risk,Moderate,Rainfall Deviation
Wheat,25.39,56.05,37.74,13.19,6.81,135.6,58.6,118.3,89.9,Healthy,Low,Rainfall Deviation
Wheat,13.48,21.57,242.32,52.4,7.61,115.9,50.7,39.5,5.0,High Risk,High,Rainfall Deviation
Wheat,30.84,21.06,7.93,56.77,7.32,108.3,16.4,52.7,5.0,High Risk,High,Humidity Deviation
Wheat,8.95,10.14,8.68,41.1,7.02,42.6,74.4,116.6,10.8,High Risk,High,Humidity Deviation
Wheat,19.95,51.72,77.96,12.54,5.86,73.0,36.7,69.8,98.0,Healthy,Low,Optimal Conditions
Wheat,19.55,35.56,73.41,23.06,7.02,68.4,64.1,34.9,82.7,Healthy,Low,Humidity Deviation
Wheat,5.94,94.18,4.52,27.73,7.27,130.4,31.7,53.9,5.0,High Risk,High,Humidity Deviation
Wheat,17.82,74.68,107.74,16.31,6.12,62.7,24.2,88.0,89.9,Healthy,Low,Humidity Deviation
Wheat,10.98,75.82,50.04,23.12,6.42,116.9,51.9,27.3,77.2,Healthy,Low,Temperature Deviation
Wheat,20.37,68.73,65.42,18.04,7.41,49.7,12.9,25.7,98.0,Healthy,Low,Optimal Conditions
Wheat,25.18,73.15,60.94,26.88,7.93,54.3,15.7,51.3,94.6,Healthy,Low,Optimal Conditions
Wheat,11.32,45.01,117.1,22.92,5.71,74.0,70.5,98.4,74.3,At Risk,Moderate,Temperature Deviation
Wheat,16.52,44.45,38.7,14.36,6.6,69.0,44.3,76.5,85.4,Healthy,Low,Rainfall Deviation
Wheat,11.75,38.78,65.39,29.66,7.39,59.8,69.6,31.0,75.2,Healthy,Low,Humidity Deviation
Wheat,18.46,66.15,62.32,5.95,5.83,123.0,60.7,41.6,98.0,Healthy,Low,Optimal Conditions
Wheat,28.06,33.22,44.45,16.54,7.2,44.9,73.9,99.3,63.7,At Risk,Moderate,Humidity Deviation
Wheat,17.84,55.68,74.11,15.79,6.4,93.2,40.6,47.0,98.0,Healthy,Low,Optimal Conditions
Wheat,15.04,54.54,70.32,17.77,7.5,52.1,29.6,38.9,98.0,Healthy,Low,Optimal Conditions
Wheat,19.98,58.77,60.91,6.96,5.53,38.5,66.4,40.6,98.0,Healthy,Low,Optimal Conditions
Wheat,22.62,29.52,83.66,11.97,7.9,116.9,46.8,38.5,75.4,Healthy,Low,Humidity Deviation
Wheat,31.73,20.63,2.38,51.75,7.47,96.7,78.3,92.4,5.0,High Risk,High,Rainfall Deviation
Wheat,15.41,91.16,208.73,25.05,6.62,120.4,55.8,119.9,28.3,High Risk,High,Rainfall Deviation
Wheat,17.8,53.19,58.2,9.28,7.48,128.7,88.0,39.4,98.0,Healthy,Low,Optimal Conditions
Wheat,31.12,88.55,178.73,25.53,6.28,90.6,21.1,59.7,16.2,High Risk,High,Rainfall Deviation
Wheat,17.71,90.5,109.54,28.17,6.26,67.8,35.4,64.1,65.4,At Risk,Moderate,Humidity Deviation
Wheat,24.62,56.26,54.9,12.9,5.64,33.3,27.6,63.8,98.0,Healthy,Low,Optimal Conditions
Wheat,23.0,64.79,71.32,10.01,6.29,112.9,14.2,16.3,98.0,Healthy,Low,Optimal Conditions
Wheat,10.0,91.18,58.82,30.51,7.43,109.7,28.7,21.3,50.7,At Risk,Moderate,Humidity Deviation
Wheat,25.43,80.55,128.58,13.44,6.42,94.3,22.8,116.6,71.0,At Risk,Moderate,Humidity Deviation
Wheat,8.42,17.72,4.16,39.04,7.64,71.8,40.9,87.4,8.8,High Risk,High,Rainfall Deviation
Wheat,25.91,87.46,79.01,31.07,5.69,83.9,34.3,56.2,70.1,At Risk,Moderate,Humidity Deviation
Wheat,20.78,69.16,75.15,6.24,7.05,60.8,78.5,60.6,98.0,Healthy,Low,Optimal Conditions
Wheat,16.91,65.38,63.28,16.51,6.01,58.6,47.2,114.0,98.0,Healthy,Low,Optimal Conditions
Wheat,33.16,17.24,9.01,51.46,6.71,33.4,19.2,99.2,5.0,High Risk,High,Temperature Deviation
Wheat,12.85,84.69,77.6,27.64,7.63,78.0,43.3,117.7,70.4,At Risk,Moderate,Humidity Deviation
Wheat,17.15,55.84,58.64,10.69,7.78,93.8,43.0,113.1,98.0,Healthy,Low,Optimal Conditions
Maize,22.1,66.32,96.93,5.59,6.27,97.9,65.8,82.0,98.0,Healthy,Low,Optimal Conditions
Maize,20.94,63.54,67.73,19.21,6.44,58.1,71.3,67.3,98.0,Healthy,Low,Optimal Conditions
Maize,28.12,72.34,100.38,5.7,6.66,111.6,20.9,39.0,98.0,Healthy,Low,Optimal Conditions
Maize,36.96,23.63,223.18,39.48,6.0,65.0,50.7,48.5,5.0,High Risk,High,Rainfall Deviation
Maize,36.48,11.9,8.5,31.96,6.74,27.3,43.1,72.4,14.1,High Risk,High,Rainfall Deviation
Maize,27.49,71.56,106.27,5.58,5.77,84.4,84.8,102.7,98.0,Healthy,Low,Optimal Conditions
Maize,5.26,22.07,208.89,49.29,5.68,127.6,42.4,62.8,5.0,High Risk,High,Temperature Deviation
Maize,14.28,46.49,56.19,21.74,5.3,48.9,26.7,41.3,67.6,At Risk,Moderate,Temperature Deviation
Maize,13.84,10.32,222.77,32.99,7.08,57.2,78.7,88.5,14.2,High Risk,High,Rainfall Deviation
Maize,20.76,69.65,97.01,5.04,5.32,117.1,30.8,81.8,98.0,Healthy,Low,Optimal Conditions
Maize,15.47,84.56,46.87,24.21,5.66,131.9,40.6,91.6,62.1,At Risk,Moderate,Temperature Deviation
Maize,22.05,64.74,112.7,12.91,7.53,78.1,49.2,27.6,98.0,Healthy,Low,Optimal Conditions
Maize,36.93,16.9,273.42,40.75,6.11,66.6,29.4,112.1,5.0,High Risk,High,Rainfall Deviation
Maize,31.39,57.79,130.02,22.25,7.07,60.3,71.2,60.4,91.1,Healthy,Low,Temperature Deviation
Maize,29.07,41.92,47.05,26.63,6.39,25.2,34.8,48.6,76.7,Healthy,Low,Humidity Deviation
Maize,18.24,90.22,9.96,27.34,5.37,49.4,80.5,58.7,41.8,High Risk,High,Rainfall Deviation
Maize,23.36,55.4,86.49,25.42,5.57,112.7,49.3,97.3,98.0,Healthy,Low,Optimal Conditions
Maize,26.11,41.27,112.44,24.77,5.69,78.4,69.1,106.0,83.5,Healthy,Low,Humidity Deviation
Maize,21.06,58.5,116.55,23.77,7.44,80.7,16.2,47.2,98.0,Healthy,Low,Optimal Conditions
Maize,36.71,83.94,107.95,22.78,7.05,69.3,60.3,88.4,59.7,At Risk,Moderate,Temperature Deviation
Maize,15.2,73.77,43.15,27.77,6.16,32.1,87.0,83.5,73.4,At Risk,Moderate,Temperature Deviation
Maize,27.84,73.32,138.81,23.04,6.21,80.2,58.4,73.8,93.7,Healthy,Low,Rainfall Deviation
Maize,34.89,39.5,46.73,26.15,6.83,125.0,16.6,111.1,54.1,At Risk,Moderate,Temperature Deviation
Maize,24.91,63.77,105.62,11.3,7.56,128.3,79.8,22.5,98.0,Healthy,Low,Optimal Conditions
Maize,12.38,20.72,5.49,29.6,6.03,127.4,87.8,105.2,11.5,High Risk,High,Rainfall Deviation
Maize,29.47,63.47,60.56,11.64,5.41,85.3,37.1,64.7,98.0,Healthy,Low,Optimal Conditions
Maize,23.71,95.4,69.33,28.16,5.43,77.6,52.8,32.8,69.4,At Risk,Moderate,Humidity Deviation
Maize,24.4,71.66,115.76,14.43,6.25,50.5,88.6,118.2,98.0,Healthy,Low,Optimal Conditions
Maize,11.11,88.0,7.45,38.52,6.46,62.6,35.7,116.2,13.4,High Risk,High,Temperature Deviation
Maize,17.57,42.37,57.72,11.11,5.55,125.7,52.2,101.6,75.0,Healthy,Low,Humidity Deviation
Maize,40.47,95.95,5.47,30.62,7.65,39.0,49.0,53.2,5.0,High Risk,High,Temperature Deviation
Maize,29.08,32.5,126.99,20.56,6.27,38.2,45.3,95.9,70.7,At Risk,Moderate,Humidity Deviation
Maize,20.05,68.37,118.36,14.1,5.59,58.5,79.4,39.4,98.0,Healthy,Low,Optimal Conditions
Maize,27.19,47.09,71.87,14.74,7.37,133.1,51.5,52.0,90.5,Healthy,Low,Humidity Deviation
Maize,20.5,60.37,99.25,13.0,7.57,67.6,65.5,66.4,98.0,Healthy,Low,Optimal Conditions
Maize,29.81,53.21,27.31,13.57,7.66,29.1,64.3,33.5,78.8,Healthy,Low,Rainfall Deviation
Maize,19.67,42.98,111.92,20.85,6.69,42.7,82.1,85.8,84.4,Healthy,Low,Humidity Deviation
Maize,17.87,54.37,125.03,25.05,6.5,113.4,77.3,75.9,90.1,Healthy,Low,Temperature Deviation
Maize,26.29,54.21,90.02,21.8,5.97,27.4,23.0,109.0,98.0,Healthy,Low,Optimal Conditions
Maize,21.75,81.68,58.75,20.91,6.1,28.5,17.2,60.5,89.3,Healthy,Low,Humidity Deviation
Maize,25.16,61.1,101.27,17.96,6.02,43.2,19.3,79.7,98.0,Healthy,Low,Optimal Conditions
Maize,21.88,68.06,68.91,13.31,6.57,108.1,14.4,108.2,98.0,Healthy,Low,Optimal Conditions
Maize,16.63,49.6,50.6,16.15,5.61,96.7,16.0,29.1,76.2,Healthy,Low,Temperature Deviation
Maize,35.28,54.18,90.87,20.09,6.92,79.7,17.5,45.5,77.9,Healthy,Low,Temperature Deviation
Maize,33.15,17.19,0.4,38.42,7.31,98.1,59.1,50.1,17.5,High Risk,High,Rainfall Deviation
Maize,31.36,95.69,6.67,25.28,5.53,26.5,68.0,23.5,32.4,High Risk,High,Rainfall Deviation
Maize,17.82,48.31,63.21,17.41,6.67,123.3,16.3,22.6,84.3,Healthy,Low,Humidity Deviation
Maize,39.72,17.6,246.82,48.85,5.91,126.0,54.9,34.5,5.0,High Risk,High,Rainfall Deviation
Maize,24.94,74.23,106.18,12.32,6.11,85.9,69.9,97.3,98.0,Healthy,Low,Optimal Conditions
Maize,27.21,68.16,117.55,18.97,7.19,106.8,31.9,103.8,98.0,Healthy,Low,Optimal Conditions
Maize,22.72,62.68,110.16,7.23,6.39,79.1,12.9,35.6,98.0,Healthy,Low,Optimal Conditions
Maize,10.16,94.5,7.48,52.28,5.91,119.6,66.3,114.3,5.0,High Risk,High,Temperature Deviation
Maize,26.62,64.3,97.84,11.74,5.75,80.9,52.3,100.1,98.0,Healthy,Low,Optimal Conditions
Maize,17.34,55.38,114.46,26.13,5.53,134.2,59.8,89.2,90.7,Healthy,Low,Temperature Deviation
Maize,24.12,59.48,115.95,12.32,6.81,108.1,39.7,90.6,98.0,Healthy,Low,Optimal Conditions
Maize,21.08,84.82,51.74,28.48,7.04,127.4,19.4,119.0,80.4,Healthy,Low,Humidity Deviation
Maize,20.12,74.95,76.86,15.02,5.72,89.6,82.3,48.6,98.0,Healthy,Low,Optimal Conditions
Maize,35.67,48.1,71.12,20.4,5.39,96.6,14.0,112.3,69.0,At Risk,Moderate,Temperature Deviation
Maize,10.63,12.36,6.81,40.42,7.46,110.1,49.1,78.3,5.0,High Risk,High,Temperature Deviation
Maize,29.84,68.35,62.63,9.9,6.8,26.8,11.9,62.3,98.0,Healthy,Low,Optimal Conditions
Maize,24.38,60.25,69.88,15.34,6.53,44.0,35.6,77.1,98.0,Healthy,Low,Optimal Conditions
Maize,21.47,56.46,108.74,16.29,7.11,106.0,63.6,65.1,98.0,Healthy,Low,Optimal Conditions
Maize,21.79,44.64,84.84,28.39,6.3,111.8,24.0,48.8,87.6,Healthy,Low,Humidity Deviation
Maize,38.4,21.24,2.67,43.55,6.78,77.9,17.5,95.6,5.0,High Risk,High,Temperature Deviation
Maize,21.09,61.54,55.76,12.79,6.41,121.4,81.8,42.8,97.5,Healthy,Low,Optimal Conditions
Maize,19.69,91.34,74.42,21.82,7.32,24.0,39.3,39.9,74.4,At Risk,Moderate,Humidity Deviation
Maize,20.72,74.08,73.4,18.83,6.32,138.3,54.3,112.7,98.0,Healthy,Low,Optimal Conditions
Maize,27.48,73.06,68.38,6.44,6.32,132.0,53.4,70.4,98.0,Healthy,Low,Optimal Conditions
Maize,20.01,71.2,65.25,14.51,7.5,45.0,63.2,23.3,98.0,Healthy,Low,Optimal Conditions
Maize,24.39,50.04,41.71,30.27,5.61,73.5,75.2,108.4,83.4,Healthy,Low,Rainfall Deviation
Maize,29.36,47.15,98.0,18.61,7.01,99.1,60.0,44.7,90.6,Healthy,Low,Humidity Deviation
Maize,21.03,69.38,90.23,15.63,5.9,58.9,36.7,17.7,98.0,Healthy,Low,Optimal Conditions
Maize,28.03,72.95,91.09,11.83,5.37,125.5,11.0,114.2,98.0,Healthy,Low,Optimal Conditions
Maize,17.74,47.26,137.13,30.55,5.79,37.6,78.5,86.5,77.1,Healthy,Low,Humidity Deviation
Maize,22.69,71.01,87.23,15.06,6.06,65.7,89.3,41.0,98.0,Healthy,Low,Optimal Conditions
Maize,19.13,45.4,67.44,15.58,7.56,128.7,55.3,52.2,85.4,Healthy,Low,Humidity Deviation
Maize,24.12,69.55,87.1,17.85,7.57,60.3,54.9,25.0,98.0,Healthy,Low,Optimal Conditions
Maize,24.13,59.12,112.59,7.37,6.39,92.7,65.3,55.2,98.0,Healthy,Low,Optimal Conditions
Maize,37.96,11.98,279.86,26.17,7.49,34.2,61.7,41.3,5.0,High Risk,High,Rainfall Deviation
Maize,11.74,16.16,8.82,31.93,5.32,95.3,35.3,117.2,11.2,High Risk,High,Humidity Deviation
Maize,23.46,62.16,60.51,17.59,5.38,132.8,81.4,71.2,98.0,Healthy,Low,Optimal Conditions
Maize,27.42,45.41,70.5,22.41,6.49,107.8,40.7,114.2,88.5,Healthy,Low,Humidity Deviation
Maize,28.79,58.03,63.99,20.79,5.92,126.2,56.2,38.2,98.0,Healthy,Low,Optimal Conditions
Maize,28.03,55.88,119.53,6.96,7.21,67.4,49.4,107.5,98.0,Healthy,Low,Optimal Conditions
Maize,25.37,55.99,60.14,8.67,6.93,34.6,19.1,58.2,98.0,Healthy,Low,Optimal Conditions
Maize,28.24,36.11,77.17,12.09,5.53,107.4,35.9,117.6,77.3,Healthy,Low,Humidity Deviation
Maize,24.45,57.26,81.08,19.97,7.43,25.8,55.1,83.0,98.0,Healthy,Low,Optimal Conditions
Maize,21.45,73.09,118.13,19.88,7.2,99.6,37.7,33.0,98.0,Healthy,Low,Optimal Conditions
Maize,26.93,70.69,109.59,18.71,7.41,140.0,29.5,95.1,98.0,Healthy,Low,Optimal Conditions
Maize,28.33,43.6,104.01,29.69,7.66,96.4,22.9,110.1,86.3,Healthy,Low,Humidity Deviation
Maize,19.35,48.21,72.46,19.84,6.04,77.9,35.8,103.1,89.6,Healthy,Low,Humidity Deviation
Maize,26.6,57.74,101.21,18.7,6.76,87.2,86.9,80.9,98.0,Healthy,Low,Optimal Conditions
Maize,22.92,69.11,104.13,9.55,6.13,138.9,18.2,57.5,98.0,Healthy,Low,Optimal Conditions
Maize,28.21,56.85,100.44,5.85,6.91,121.2,41.9,69.8,98.0,Healthy,Low,Optimal Conditions
Maize,23.0,71.07,76.32,15.84,5.79,50.0,36.9,76.9,98.0,Healthy,Low,Optimal Conditions
Maize,23.23,49.78,72.05,15.4,5.56,115.3,17.9,43.5,93.7,Healthy,Low,Humidity Deviation
Maize,33.26,98.36,234.12,53.2,5.95,76.6,66.9,61.1,5.0,High Risk,High,Rainfall Deviation
Maize,27.06,73.23,99.15,16.61,6.16,42.0,61.4,49.4,98.0,Healthy,Low,Optimal Conditions
Maize,40.29,12.55,208.57,40.72,6.67,72.3,43.2,91.9,5.0,High Risk,High,Temperature Deviation
Maize,21.14,81.17,40.85,27.11,7.07,127.2,45.8,70.7,79.6,Healthy,Low,Rainfall Deviation
Maize,28.5,59.59,74.38,10.59,5.85,87.3,20.8,48.6,98.0,Healthy,Low,Optimal Conditions
Maize,34.74,96.98,7.63,53.04,6.75,43.8,49.6,92.9,5.0,High Risk,High,Humidity Deviation
Maize,31.49,83.12,43.0,28.19,6.73,115.3,89.1,86.3,71.9,At Risk,Moderate,Humidity Deviation
Maize,30.99,11.9,242.42,46.3,7.63,64.8,64.5,21.7,9.1,High Risk,High,Rainfall Deviation
Maize,29.64,65.78,77.27,6.8,6.99,97.4,39.9,114.8,98.0,Healthy,Low,Optimal Conditions
Maize,23.04,73.42,79.26,8.78,6.58,118.9,18.3,114.0,98.0,Healthy,Low,Optimal Conditions
Maize,34.2,86.7,59.96,25.88,7.55,31.0,11.6,99.6,65.6,At Risk,Moderate,Humidity Deviation
Maize,29.87,67.39,99.05,7.98,5.88,99.1,82.8,118.2,98.0,Healthy,Low,Optimal Conditions
Maize,21.34,56.13,112.1,9.42,5.3,46.9,37.2,119.1,98.0,Healthy,Low,Optimal Conditions
Maize,17.52,68.0,98.48,18.31,6.06,101.3,33.2,75.6,91.3,Healthy,Low,Temperature Deviation
Maize,21.91,63.15,116.22,10.66,6.89,50.6,20.2,21.1,98.0,Healthy,Low,Optimal Conditions
Maize,21.58,58.48,105.65,5.24,6.64,65.5,50.5,74.1,98.0,Healthy,Low,Optimal Conditions
Maize,22.95,69.67,112.28,7.89,5.53,127.7,38.0,72.9,98.0,Healthy,Low,Optimal Conditions
Maize,21.26,66.79,91.51,8.04,6.38,115.6,57.2,25.2,98.0,Healthy,Low,Optimal Conditions
Maize,13.47,81.49,137.67,19.97,6.94,63.2,63.4,19.3,61.5,At Risk,Moderate,Temperature Deviation
Maize,27.91,71.06,102.97,8.06,5.89,139.5,18.3,34.0,98.0,Healthy,Low,Optimal Conditions
Maize,23.28,59.2,89.86,12.14,7.46,24.2,35.6,77.6,98.0,Healthy,Low,Optimal Conditions
Maize,20.9,87.13,59.1,26.33,6.52,70.7,41.8,17.8,81.3,Healthy,Low,Humidity Deviation
Maize,29.76,72.47,79.76,13.82,7.33,73.0,11.4,22.8,98.0,Healthy,Low,Optimal Conditions
Maize,33.03,83.27,155.29,25.36,5.8,22.4,48.4,68.9,63.7,At Risk,Moderate,Humidity Deviation
Maize,21.25,66.72,105.86,19.9,7.12,115.2,59.3,118.5,98.0,Healthy,Low,Optimal Conditions
Maize,29.98,40.85,128.29,12.88,6.97,44.7,45.3,21.8,80.3,Healthy,Low,Humidity Deviation
Maize,39.52,89.22,6.19,44.82,6.26,54.2,23.6,50.2,5.0,High Risk,High,Temperature Deviation
Maize,32.65,44.85,72.6,10.72,6.42,97.6,76.4,20.2,77.2,Healthy,Low,Humidity Deviation
Maize,42.67,15.22,199.02,54.52,6.17,21.2,60.1,88.9,5.0,High Risk,High,Temperature Deviation
Maize,19.23,75.46,77.09,22.78,6.23,40.5,28.1,75.4,96.6,Healthy,Low,Optimal Conditions
Maize,25.15,58.41,99.77,17.79,5.92,79.0,88.0,50.0,98.0,Healthy,Low,Optimal Conditions
Maize,19.89,93.7,75.11,17.87,5.96,116.9,39.4,48.3,71.5,At Risk,Moderate,Humidity Deviation
Maize,11.78,13.14,0.66,40.7,7.65,62.0,46.2,29.0,5.0,High Risk,High,Rainfall Deviation
Maize,27.75,66.41,105.64,7.25,6.67,50.4,28.2,16.2,98.0,Healthy,Low,Optimal Conditions
Maize,23.09,57.34,119.15,9.63,5.61,43.9,57.0,21.7,98.0,Healthy,Low,Optimal Conditions
Maize,33.86,96.0,4.14,26.86,6.6,51.2,57.0,42.4,20.5,High Risk,High,Rainfall Deviation
Maize,37.68,20.1,290.16,29.96,6.84,65.8,86.5,49.6,5.0,High Risk,High,Rainfall Deviation
Maize,11.01,19.58,242.42,58.74,5.53,22.7,14.5,20.5,5.0,High Risk,High,Rainfall Deviation
Maize,6.92,19.75,238.8,57.47,7.54,106.5,71.3,24.6,5.0,High Risk,High,Temperature Deviation
Maize,28.54,52.35,38.43,17.33,6.32,36.7,11.8,106.3,84.2,Healthy,Low,Rainfall Deviation
Maize,25.32,50.38,82.65,16.33,5.75,98.2,67.0,87.2,94.5,Healthy,Low,Humidity Deviation
Maize,22.52,74.12,115.4,11.86,7.33,74.3,44.0,31.5,98.0,Healthy,Low,Optimal Conditions
Maize,25.37,55.45,86.65,16.72,6.93,96.2,82.8,16.9,98.0,Healthy,Low,Optimal Conditions
Maize,15.64,84.8,135.32,27.97,5.61,123.1,57.6,50.2,64.9,At Risk,Moderate,Temperature Deviation
Maize,12.27,11.44,3.57,39.2,6.93,28.1,57.5,96.1,5.0,High Risk,High,Rainfall Deviation
Maize,17.72,20.26,5.42,36.01,5.78,134.3,45.5,33.3,28.7,High Risk,High,Rainfall Deviation
Maize,22.81,74.99,76.08,9.93,6.88,55.3,27.3,31.7,98.0,Healthy,Low,Optimal Conditions
Maize,21.06,55.37,108.28,7.07,7.16,115.7,53.0,47.5,98.0,Healthy,Low,Optimal Conditions
Maize,27.37,67.03,99.33,5.13,7.53,28.0,39.3,57.3,98.0,Healthy,Low,Optimal Conditions
Maize,24.97,70.06,109.4,18.19,6.47,95.7,16.4,66.2,98.0,Healthy,Low,Optimal Conditions
Maize,23.7,61.59,85.41,13.57,7.47,67.3,88.5,94.7,98.0,Healthy,Low,Optimal Conditions
Maize,33.77,55.99,114.76,16.09,7.37,54.0,64.9,85.8,84.9,Healthy,Low,Temperature Deviation
Maize,20.35,63.18,77.35,17.13,7.22,74.8,58.5,78.4,98.0,Healthy,Low,Optimal Conditions
Maize,13.54,93.46,190.94,39.27,6.86,112.2,86.9,67.5,19.6,High Risk,High,Humidity Deviation
Maize,24.41,64.58,113.82,10.92,7.59,78.2,87.9,15.9,98.0,Healthy,Low,Optimal Conditions
Maize,12.71,20.61,187.63,29.76,6.49,45.7,14.8,49.2,21.9,High Risk,High,Humidity Deviation
Maize,27.1,65.67,68.63,5.14,7.24,41.1,58.5,50.4,98.0,Healthy,Low,Optimal Conditions
Maize,29.34,50.74,97.69,16.45,5.31,65.1,15.1,110.9,94.9,Healthy,Low,Humidity Deviation
Maize,24.59,62.0,97.65,16.77,6.86,109.8,82.5,105.7,98.0,Healthy,Low,Optimal Conditions
Maize,21.44,92.42,71.37,21.56,6.96,126.0,49.7,47.9,73.9,At Risk,Moderate,Humidity Deviation
Maize,22.79,83.94,122.57,19.34,5.67,116.8,50.8,117.6,85.7,Healthy,Low,Humidity Deviation
Maize,24.81,63.96,67.25,11.39,5.99,39.2,32.6,39.5,98.0,Healthy,Low,Optimal Conditions
Maize,27.02,56.42,39.16,15.53,5.72,134.9,78.4,39.2,87.8,Healthy,Low,Rainfall Deviation
Maize,22.1,64.84,61.18,15.07,6.56,127.8,23.2,99.4,98.0,Healthy,Low,Optimal Conditions
Maize,21.08,46.44,111.0,25.51,6.11,33.3,32.3,96.0,89.7,Healthy,Low,Humidity Deviation
Maize,28.12,61.39,69.81,11.54,6.39,21.9,19.4,34.4,98.0,Healthy,Low,Optimal Conditions
Maize,23.42,74.29,90.55,14.41,6.16,58.8,11.9,67.5,98.0,Healthy,Low,Optimal Conditions
Maize,33.02,73.02,144.96,19.13,7.14,24.9,19.8,36.3,79.6,Healthy,Low,Temperature Deviation
Maize,28.46,61.93,99.28,15.64,6.71,62.9,56.2,50.9,98.0,Healthy,Low,Optimal Conditions
Maize,29.93,57.54,64.34,18.18,6.02,98.0,36.3,56.1,98.0,Healthy,Low,Optimal Conditions
Maize,23.43,63.21,103.22,12.67,7.56,25.0,50.2,76.3,98.0,Healthy,Low,Optimal Conditions
Maize,11.52,88.09,0.19,42.92,7.68,98.3,14.9,70.2,5.0,High Risk,High,Rainfall Deviation
Maize,18.37,88.32,65.54,21.13,7.26,123.3,59.2,16.3,74.3,At Risk,Moderate,Humidity Deviation
Maize,20.52,58.09,42.52,30.17,6.64,38.5,73.5,111.1,89.8,Healthy,Low,Rainfall Deviation
Maize,28.17,73.66,116.3,18.71,6.61,62.7,10.6,21.4,98.0,Healthy,Low,Optimal Conditions
Maize,23.99,58.69,83.73,7.62,7.34,55.8,57.9,67.8,98.0,Healthy,Low,Optimal Conditions
Maize,29.42,65.54,79.5,7.37,6.11,22.5,39.1,70.8,98.0,Healthy,Low,Optimal Conditions
Maize,12.14,96.06,276.6,27.93,6.46,81.7,76.3,61.6,5.0,High Risk,High,Rainfall Deviation
Maize,35.7,35.73,77.4,28.64,6.16,33.0,43.7,91.3,54.1,At Risk,Moderate,Humidity Deviation
Maize,22.06,57.95,107.82,5.94,6.95,64.0,70.5,116.3,98.0,Healthy,Low,Optimal Conditions
Maize,23.14,71.2,75.97,8.23,7.28,138.4,54.6,44.2,98.0,Healthy,Low,Optimal Conditions
Maize,21.7,70.24,106.41,18.13,5.36,87.4,27.1,50.8,98.0,Healthy,Low,Optimal Conditions
Maize,18.91,94.81,71.97,22.57,5.46,34.0,57.7,43.9,66.5,At Risk,Moderate,Humidity Deviation
Maize,24.3,66.09,79.72,15.81,6.85,59.9,70.4,83.1,98.0,Healthy,Low,Optimal Conditions
Maize,17.68,58.21,117.82,24.13,6.93,87.0,60.0,25.1,91.9,Healthy,Low,Temperature Deviation
Maize,5.24,23.98,2.51,47.05,6.12,56.1,56.3,67.3,5.0,High Risk,High,Temperature Deviation
Maize,32.22,49.28,60.52,23.17,6.0,102.1,73.6,26.9,84.3,Healthy,Low,Temperature Deviation
Maize,18.23,84.48,109.11,25.62,6.17,120.0,46.3,90.6,79.6,Healthy,Low,Humidity Deviation
Maize,28.46,69.71,72.7,7.18,6.06,137.1,30.5,62.9,98.0,Healthy,Low,Optimal Conditions
Maize,23.97,66.43,117.19,12.75,7.27,85.7,13.3,48.1,98.0,Healthy,Low,Optimal Conditions
Maize,24.63,45.72,68.05,26.32,7.07,41.4,76.0,44.0,88.9,Healthy,Low,Humidity Deviation
Maize,18.94,92.65,280.33,52.45,7.13,106.7,26.4,50.5,5.0,High Risk,High,Rainfall Deviation
Maize,31.15,50.91,25.22,18.34,5.38,32.2,58.1,106.8,70.2,At Risk,Moderate,Rainfall Deviation
Maize,24.51,73.22,108.86,12.8,7.15,82.7,22.6,28.1,98.0,Healthy,Low,Optimal Conditions
Maize,23.51,73.61,107.98,11.49,6.48,51.9,66.3,99.3,98.0,Healthy,Low,Optimal Conditions
Maize,20.42,67.48,93.75,11.03,6.85,86.1,30.0,56.8,98.0,Healthy,Low,Optimal Conditions
Maize,28.8,74.22,113.58,15.79,6.7,102.7,85.1,41.2,98.0,Healthy,Low,Optimal Conditions
Maize,28.29,89.72,63.13,23.58,6.27,43.8,86.9,68.7,77.9,Healthy,Low,Humidity Deviation
Maize,19.98,49.75,75.61,28.0,6.84,57.2,62.5,37.1,93.6,Healthy,Low,Humidity Deviation
Maize,22.4,66.14,66.49,19.0,6.1,46.3,49.7,44.1,98.0,Healthy,Low,Optimal Conditions
Maize,27.21,39.03,96.26,14.4,5.86,115.8,55.1,15.6,80.8,Healthy,Low,Humidity Deviation
Maize,24.08,57.28,100.57,15.53,7.03,107.4,10.0,115.2,98.0,Healthy,Low,Optimal Conditions
Maize,13.26,93.29,268.65,30.36,6.51,69.6,80.1,28.2,9.0,High Risk,High,Rainfall Deviation
Maize,36.29,17.52,208.99,57.97,5.45,68.3,11.9,49.6,5.0,High Risk,High,Humidity Deviation
Maize,23.66,78.18,84.37,19.93,6.5,82.5,45.9,41.9,95.2,Healthy,Low,Optimal Conditions
Maize,20.99,70.15,73.41,5.84,7.21,38.5,60.0,50.6,98.0,Healthy,Low,Optimal Conditions
Maize,24.14,55.3,110.46,12.7,5.63,48.4,45.8,34.8,98.0,Healthy,Low,Optimal Conditions
Maize,25.34,71.65,84.11,15.75,7.4,46.0,74.6,94.5,98.0,Healthy,Low,Optimal Conditions
Maize,29.9,60.25,75.29,16.58,6.34,59.7,24.3,95.4,98.0,Healthy,Low,Optimal Conditions
Maize,25.86,81.84,48.94,25.83,6.11,54.8,53.3,17.5,83.3,Healthy,Low,Humidity Deviation
Maize,24.18,73.86,103.29,6.32,7.33,107.9,58.9,101.1,98.0,Healthy,Low,Optimal Conditions
Maize,22.22,65.24,92.93,13.07,6.66,133.8,82.2,107.0,98.0,Healthy,Low,Optimal Conditions
Maize,29.88,21.87,269.76,51.8,6.48,125.7,41.8,43.2,5.0,High Risk,High,Rainfall Deviation
Maize,27.13,66.1,114.25,14.03,6.48,114.3,85.8,52.4,98.0,Healthy,Low,Optimal Conditions
Maize,26.16,64.98,119.35,11.94,5.48,137.3,77.5,33.7,98.0,Healthy,Low,Optimal Conditions
Maize,13.79,16.62,266.65,59.16,6.05,75.3,63.9,71.9,5.0,High Risk,High,Rainfall Deviation
Maize,34.19,19.06,282.75,44.63,5.85,118.7,33.6,89.1,5.0,High Risk,High,Rainfall Deviation
Maize,24.73,44.44,43.58,16.27,6.51,83.8,74.4,98.1,77.7,Healthy,Low,Humidity Deviation
Maize,34.79,79.62,130.77,30.3,5.44,23.5,24.3,118.6,70.3,At Risk,Moderate,Temperature Deviation
Maize,23.09,90.49,148.13,31.97,5.86,107.2,40.2,15.9,67.4,At Risk,Moderate,Humidity Deviation
Maize,24.61,64.77,61.35,15.3,6.01,87.2,34.1,32.5,98.0,Healthy,Low,Optimal Conditions
Maize,22.32,65.7,71.93,12.63,5.68,100.5,70.3,26.6,98.0,Healthy,Low,Optimal Conditions
Maize,21.49,83.26,73.85,18.26,7.66,23.6,89.9,80.5,87.6,Healthy,Low,Humidity Deviation
Maize,35.37,52.92,102.92,25.96,5.85,20.1,67.2,33.0,76.0,Healthy,Low,Temperature Deviation
Maize,22.38,62.6,88.55,5.67,7.63,105.9,35.9,48.5,98.0,Healthy,Low,Optimal Conditions
Maize,26.26,57.93,71.34,17.89,5.92,65.6,79.7,84.6,98.0,Healthy,Low,Optimal Conditions
Maize,26.84,55.39,104.14,12.31,7.25,134.6,84.1,110.5,98.0,Healthy,Low,Optimal Conditions
Maize,22.67,82.4,130.98,18.72,5.49,64.8,65.1,85.5,85.2,Healthy,Low,Humidity Deviation
Maize,20.08,70.06,66.38,6.24,5.31,71.9,50.3,82.0,98.0,Healthy,Low,Optimal Conditions
Maize,27.1,58.39,109.92,13.58,6.7,45.2,15.9,63.8,98.0,Healthy,Low,Optimal Conditions
Maize,18.89,92.18,76.42,16.34,5.68,85.3,52.6,23.0,70.3,At Risk,Moderate,Humidity Deviation
Maize,18.34,44.78,113.54,31.25,7.3,54.2,39.1,63.8,81.9,Healthy,Low,Humidity Deviation
Maize,45.41,11.17,2.27,40.43,6.82,112.9,12.7,77.3,5.0,High Risk,High,Temperature Deviation
Maize,23.46,61.96,88.14,10.01,5.56,37.5,12.7,64.4,98.0,Healthy,Low,Optimal Conditions
Maize,9.45,14.65,192.83,42.75,7.19,125.8,77.1,76.1,5.0,High Risk,High,Temperature Deviation
Maize,26.61,69.2,60.64,11.59,7.32,78.8,34.9,106.5,98.0,Healthy,Low,Optimal Conditions
Maize,22.06,68.75,81.15,15.7,5.68,50.3,22.5,115.1,98.0,Healthy,Low,Optimal Conditions
Maize,23.37,55.28,69.21,11.32,5.46,81.3,46.4,95.6,98.0,Healthy,Low,Optimal Conditions
Maize,31.03,37.45,110.53,15.32,6.26,22.3,71.8,32.9,74.8,At Risk,Moderate,Humidity Deviation
Maize,26.54,70.48,108.83,12.4,5.79,108.5,66.0,40.9,98.0,Healthy,Low,Optimal Conditions
Maize,12.7,91.2,7.22,34.76,6.43,130.1,41.0,74.1,19.4,High Risk,High,Rainfall Deviation
Maize,35.58,15.78,6.88,35.02,5.78,132.4,11.5,61.0,16.7,High Risk,High,Rainfall Deviation
Maize,24.84,65.02,79.3,6.98,6.2,100.7,72.6,70.7,98.0,Healthy,Low,Optimal Conditions
Maize,19.45,73.24,42.28,29.85,7.5,131.7,31.6,57.0,87.7,Healthy,Low,Rainfall Deviation
Maize,13.78,21.17,5.79,40.94,6.98,66.6,22.8,56.8,7.7,High Risk,High,Rainfall Deviation
Maize,20.31,80.1,95.07,10.45,7.61,75.5,43.0,41.9,92.3,Healthy,Low,Humidity Deviation
Maize,22.75,57.19,99.59,9.79,7.14,44.8,82.0,69.9,98.0,Healthy,Low,Optimal Conditions
Maize,24.01,59.14,71.98,12.6,6.91,129.4,50.2,116.4,98.0,Healthy,Low,Optimal Conditions
Maize,37.02,97.46,197.62,42.46,5.82,52.6,23.6,90.4,5.0,High Risk,High,Humidity Deviation
Maize,22.2,86.4,125.83,12.88,6.4,52.2,77.4,47.9,81.0,Healthy,Low,Humidity Deviation
Maize,13.63,91.43,231.02,54.82,6.94,51.8,65.0,98.2,5.0,High Risk,High,Rainfall Deviation
Maize,20.36,73.66,80.71,6.6,6.48,112.2,27.7,43.3,98.0,Healthy,Low,Optimal Conditions
Maize,29.92,58.95,94.53,18.88,5.65,136.5,85.8,107.9,98.0,Healthy,Low,Optimal Conditions
Maize,26.34,70.22,119.16,7.71,7.14,60.7,24.1,59.2,98.0,Healthy,Low,Optimal Conditions
Maize,17.0,83.29,22.73,19.5,5.43,31.5,62.7,82.9,55.3,At Risk,Moderate,Rainfall Deviation
Maize,20.01,56.58,105.78,13.77,5.39,78.6,67.0,106.2,98.0,Healthy,Low,Optimal Conditions
Maize,17.4,90.2,4.66,52.64,7.07,95.0,88.9,71.0,10.8,High Risk,High,Rainfall Deviation
Maize,28.28,60.04,106.64,19.36,6.97,91.5,46.8,53.3,98.0,Healthy,Low,Optimal Conditions
Maize,26.36,70.03,100.71,7.98,6.49,115.0,48.1,71.3,98.0,Healthy,Low,Optimal Conditions
Maize,25.55,87.35,50.12,27.36,6.16,34.2,89.7,97.7,75.7,Healthy,Low,Humidity Deviation
Maize,28.23,68.61,107.4,17.23,5.5,94.8,10.5,19.6,98.0,Healthy,Low,Optimal Conditions
Maize,35.13,93.3,4.83,30.42,7.34,82.6,84.7,99.6,19.9,High Risk,High,Rainfall Deviation
Maize,17.13,34.83,125.66,22.76,5.71,51.4,49.7,58.9,63.9,At Risk,Moderate,Humidity Deviation
Maize,30.0,92.73,119.72,29.61,7.23,42.1,33.7,90.3,73.4,At Risk,Moderate,Humidity Deviation
Maize,28.12,69.38,103.78,6.5,7.02,101.6,76.5,19.4,98.0,Healthy,Low,Optimal Conditions
Maize,23.73,57.98,93.5,18.76,6.24,121.4,10.0,32.7,98.0,Healthy,Low,Optimal Conditions
Maize,23.28,73.16,65.82,14.1,6.38,132.6,19.8,37.3,98.0,Healthy,Low,Optimal Conditions
Maize,24.34,60.56,112.19,14.07,6.77,83.8,17.3,61.7,98.0,Healthy,Low,Optimal Conditions
Maize,8.68,98.8,0.03,52.54,6.79,29.9,75.9,86.1,5.0,High Risk,High,Temperature Deviation
Maize,20.8,71.74,64.73,6.37,6.33,36.2,83.1,64.4,98.0,Healthy,Low,Optimal Conditions
Maize,30.23,85.81,69.6,24.67,5.86,90.6,55.7,65.8,82.8,Healthy,Low,Humidity Deviation
Maize,32.19,81.64,67.99,28.3,7.54,110.0,77.4,64.4,81.3,Healthy,Low,Humidity Deviation
Maize,23.93,67.32,67.45,13.69,6.9,72.7,86.3,78.9,98.0,Healthy,Low,Optimal Conditions
Maize,24.79,68.51,79.42,6.19,6.7,133.7,48.8,110.1,98.0,Healthy,Low,Optimal Conditions
Maize,44.75,15.96,201.59,46.25,6.44,123.9,12.6,82.6,5.0,High Risk,High,Temperature Deviation
Maize,33.85,37.74,52.02,22.32,6.33,135.9,58.3,93.7,59.2,At Risk,Moderate,Humidity Deviation
Maize,36.42,12.28,204.27,25.19,7.66,125.3,81.6,84.2,16.2,High Risk,High,Humidity Deviation
Maize,28.94,60.83,93.76,6.5,7.51,36.9,28.0,73.6,98.0,Healthy,Low,Optimal Conditions
Maize,20.09,53.35,141.21,20.25,6.53,36.4,37.3,34.7,90.9,Healthy,Low,Rainfall Deviation
Maize,11.36,94.42,234.33,48.84,7.11,80.4,81.5,113.3,5.0,High Risk,High,Rainfall Deviation
Maize,32.98,93.75,4.42,56.81,5.35,61.8,67.5,95.5,5.0,High Risk,High,Rainfall Deviation
Maize,20.17,67.36,63.79,6.62,6.86,57.5,37.8,66.1,98.0,Healthy,Low,Optimal Conditions
Maize,37.57,20.81,252.82,59.35,6.11,104.4,27.8,42.4,5.0,High Risk,High,Rainfall Deviation
Maize,18.46,58.55,42.15,24.72,7.09,129.9,86.6,16.1,84.2,Healthy,Low,Rainfall Deviation
Maize,42.42,97.03,8.37,48.86,7.68,47.9,59.9,63.3,5.0,High Risk,High,Temperature Deviation
Maize,20.14,57.38,98.95,13.51,6.63,23.8,47.5,112.1,98.0,Healthy,Low,Optimal Conditions
Maize,26.25,70.6,107.04,12.79,7.36,67.0,81.1,40.2,98.0,Healthy,Low,Optimal Conditions
Maize,20.53,70.91,85.02,8.44,5.86,128.2,76.7,73.1,98.0,Healthy,Low,Optimal Conditions
Maize,30.25,75.25,83.73,20.16,5.35,47.3,48.0,59.6,98.0,Healthy,Low,Optimal Conditions
Maize,9.94,19.4,4.11,38.16,6.84,79.4,77.9,106.8,5.0,High Risk,High,Temperature Deviation
Maize,21.36,67.61,78.07,5.28,7.43,47.2,84.3,90.3,98.0,Healthy,Low,Optimal Conditions
Maize,22.94,48.53,145.98,25.9,6.85,107.4,48.2,68.0,83.6,Healthy,Low,Rainfall Deviation
Maize,15.87,96.62,5.02,28.19,6.93,107.0,87.2,42.3,21.0,High Risk,High,Humidity Deviation
Maize,25.46,69.14,107.42,7.91,5.93,81.5,36.4,105.4,98.0,Healthy,Low,Optimal Conditions
Maize,28.68,56.64,49.66,21.13,6.11,107.1,50.8,28.6,94.0,Healthy,Low,Rainfall Deviation
Maize,12.28,88.36,143.78,10.26,6.71,80.2,79.9,23.8,45.0,High Risk,High,Temperature Deviation
Maize,21.56,33.49,23.13,17.93,7.25,93.4,72.3,90.5,52.7,At Risk,Moderate,Humidity Deviation
Maize,31.64,90.06,110.31,30.36,7.29,33.1,18.6,59.9,70.8,At Risk,Moderate,Humidity Deviation
Maize,26.19,57.87,91.34,5.11,6.06,101.3,48.7,117.7,98.0,Healthy,Low,Optimal Conditions
Maize,32.59,21.08,299.75,49.97,5.31,25.6,10.3,82.8,5.0,High Risk,High,Rainfall Deviation
Maize,22.98,73.25,71.57,10.84,7.56,71.3,54.4,23.4,98.0,Healthy,Low,Optimal Conditions
Maize,16.77,87.07,108.66,15.12,6.48,124.7,67.0,75.9,70.6,At Risk,Moderate,Humidity Deviation
Maize,26.94,58.33,107.18,8.75,6.3,62.1,78.7,28.3,98.0,Healthy,Low,Optimal Conditions
Maize,33.57,48.24,107.72,21.69,5.78,54.2,71.2,64.4,77.6,Healthy,Low,Temperature Deviation
Cotton,27.85,63.06,96.16,7.35,7.72,91.9,14.6,96.6,98.0,Healthy,Low,Optimal Conditions
Cotton,24.63,58.96,70.77,10.07,7.92,34.9,87.6,73.3,98.0,Healthy,Low,Optimal Conditions
Cotton,22.44,61.83,87.98,5.8,6.23,115.5,14.0,104.8,98.0,Healthy,Low,Optimal Conditions
Cotton,38.14,30.48,71.23,29.5,7.13,97.6,53.6,20.4,52.0,At Risk,Moderate,Temperature Deviation
Cotton,20.66,70.81,101.14,24.19,6.69,118.1,55.4,19.4,97.6,Healthy,Low,Optimal Conditions
Cotton,30.51,61.26,107.02,6.09,6.39,43.2,54.3,55.2,98.0,Healthy,Low,Optimal Conditions
Cotton,28.07,60.73,66.48,12.2,7.74,44.6,33.4,51.3,98.0,Healthy,Low,Optimal Conditions
Cotton,26.7,93.33,128.91,17.99,6.36,80.1,46.5,51.2,58.1,At Risk,Moderate,Humidity Deviation
Cotton,30.9,78.32,79.43,11.06,5.5,92.0,32.7,107.5,87.5,Healthy,Low,Humidity Deviation
Cotton,24.19,55.39,58.69,13.72,6.0,71.0,46.9,17.2,98.0,Healthy,Low,Optimal Conditions
Cotton,26.72,63.92,106.53,7.69,5.81,26.3,44.9,80.4,98.0,Healthy,Low,Optimal Conditions
Cotton,18.93,91.24,4.99,33.8,7.58,112.3,29.6,20.2,29.4,High Risk,High,Humidity Deviation
Cotton,44.81,18.0,0.09,49.88,6.41,81.1,69.8,63.6,5.0,High Risk,High,Temperature Deviation
Cotton,24.48,33.27,53.55,21.28,7.64,52.8,19.7,73.4,79.9,Healthy,Low,Humidity Deviation
Cotton,25.87,62.94,79.65,14.3,7.13,108.8,66.5,71.1,98.0,Healthy,Low,Optimal Conditions
Cotton,25.84,83.11,131.33,10.95,7.22,122.4,41.9,46.8,72.6,At Risk,Moderate,Humidity Deviation
Cotton,17.34,47.51,121.53,26.88,8.22,69.1,86.2,105.9,80.0,Healthy,Low,Temperature Deviation
Cotton,22.75,58.71,74.11,13.64,7.25,110.0,50.8,26.0,98.0,Healthy,Low,Optimal Conditions
Cotton,37.67,10.13,2.31,43.37,7.13,67.0,34.8,41.4,5.0,High Risk,High,Rainfall Deviation
Cotton,26.06,53.84,63.49,9.07,6.85,98.3,78.5,45.1,98.0,Healthy,Low,Optimal Conditions
Cotton,25.17,67.89,50.59,15.17,6.93,39.3,35.7,38.6,98.0,Healthy,Low,Optimal Conditions
Cotton,42.32,90.79,201.82,46.33,5.77,76.9,25.5,36.9,5.0,High Risk,High,Temperature Deviation
Cotton,26.53,47.69,68.84,29.6,6.27,131.7,57.5,99.1,97.2,Healthy,Low,Optimal Conditions
Cotton,23.33,68.22,105.99,12.46,5.52,33.2,55.8,17.5,98.0,Healthy,Low,Optimal Conditions
Cotton,24.34,64.29,53.33,12.33,7.24,94.1,42.4,47.0,98.0,Healthy,Low,Optimal Conditions
Cotton,33.68,44.53,77.22,20.45,8.34,45.7,15.9,108.6,86.7,Healthy,Low,Temperature Deviation
Cotton,41.2,15.43,207.06,31.33,7.12,53.0,68.5,102.4,5.0,High Risk,High,Temperature Deviation
Cotton,18.48,46.69,112.18,12.18,8.23,45.8,26.4,34.1,86.4,Healthy,Low,Temperature Deviation
Cotton,29.49,67.5,86.85,7.82,6.36,77.1,86.3,41.0,98.0,Healthy,Low,Optimal Conditions
Cotton,21.74,77.04,87.15,12.82,6.17,117.3,80.3,22.5,89.4,Healthy,Low,Humidity Deviation
Cotton,29.19,52.67,57.98,5.34,5.65,51.6,15.2,53.7,98.0,Healthy,Low,Optimal Conditions
Cotton,41.05,11.74,7.5,59.04,5.61,54.2,25.6,16.2,5.0,High Risk,High,Temperature Deviation
Cotton,28.47,54.62,80.54,18.32,7.58,67.4,39.8,62.9,98.0,Healthy,Low,Optimal Conditions
Cotton,27.97,57.28,101.14,16.35,7.33,63.7,26.8,96.5,98.0,Healthy,Low,Optimal Conditions
Cotton,19.87,32.92,105.97,10.41,8.0,41.0,51.2,42.5,75.6,Healthy,Low,Humidity Deviation
Cotton,33.95,29.33,40.33,25.62,5.64,68.9,66.4,38.8,60.6,At Risk,Moderate,Humidity Deviation
Cotton,16.06,79.18,71.37,10.05,8.17,52.4,63.4,99.7,69.0,At Risk,Moderate,Temperature Deviation
Cotton,25.87,59.88,68.73,12.23,6.45,63.3,63.5,81.4,98.0,Healthy,Low,Optimal Conditions
Cotton,30.87,67.26,80.54,11.5,6.63,104.9,63.7,35.6,98.0,Healthy,Low,Optimal Conditions
Cotton,34.14,38.54,122.88,31.7,5.77,55.0,39.8,96.5,73.0,At Risk,Moderate,Humidity Deviation
Cotton,20.31,41.61,31.64,25.89,7.67,100.0,20.8,57.8,74.7,At Risk,Moderate,Rainfall Deviation
Cotton,29.98,63.1,80.43,10.15,6.05,32.8,87.5,36.0,98.0,Healthy,Low,Optimal Conditions
Cotton,31.58,60.98,97.8,5.66,7.2,67.8,71.8,19.0,98.0,Healthy,Low,Optimal Conditions
Cotton,29.79,60.45,83.0,6.46,5.9,101.2,64.0,117.8,98.0,Healthy,Low,Optimal Conditions
Cotton,23.01,72.48,28.89,27.91,7.32,133.9,37.2,26.4,81.5,Healthy,Low,Rainfall Deviation
Cotton,30.24,81.8,118.06,31.99,8.47,109.3,69.2,41.0,79.4,Healthy,Low,Humidity Deviation
Cotton,21.55,88.89,4.05,49.31,5.67,54.1,75.5,23.4,18.0,High Risk,High,Rainfall Deviation
Cotton,44.11,17.22,0.66,58.45,7.9,100.2,53.1,98.2,5.0,High Risk,High,Temperature Deviation
Cotton,31.27,77.01,73.96,14.45,8.17,123.1,16.1,26.2,89.5,Healthy,Low,Humidity Deviation
Cotton,32.33,75.42,99.49,12.35,8.27,116.6,28.4,41.9,90.5,Healthy,Low,Humidity Deviation
Cotton,24.26,61.69,75.25,19.54,5.67,91.0,78.7,65.5,98.0,Healthy,Low,Optimal Conditions
Cotton,23.67,56.48,107.96,18.68,8.35,119.1,38.1,110.1,98.0,Healthy,Low,Optimal Conditions
Cotton,19.29,13.35,9.46,49.58,7.17,122.4,35.2,70.0,13.7,High Risk,High,Humidity Deviation
Cotton,17.54,73.78,29.0,18.57,6.73,39.1,83.8,15.3,67.5,At Risk,Moderate,Rainfall Deviation
Cotton,11.88,18.54,198.02,35.5,6.14,24.5,13.4,106.4,5.3,High Risk,High,Rainfall Deviation
Cotton,25.23,50.2,125.28,21.39,8.17,90.6,83.4,72.4,94.4,Healthy,Low,Rainfall Deviation
Cotton,28.17,40.47,102.9,24.87,8.38,50.4,80.0,112.0,88.6,Healthy,Low,Humidity Deviation
Cotton,28.8,30.3,108.81,10.75,8.03,75.9,17.5,89.2,76.4,Healthy,Low,Humidity Deviation
Cotton,22.56,63.17,92.45,30.33,7.83,88.9,65.7,112.1,98.0,Healthy,Low,Optimal Conditions
Cotton,29.73,42.33,125.32,21.87,8.1,35.9,57.6,62.2,85.2,Healthy,Low,Humidity Deviation
Cotton,23.78,57.45,56.49,8.77,6.32,106.5,13.9,83.4,98.0,Healthy,Low,Optimal Conditions
Cotton,21.9,56.02,63.47,13.28,6.57,135.9,87.1,61.6,98.0,Healthy,Low,Optimal Conditions
Cotton,29.05,64.48,51.31,23.6,7.66,67.0,82.4,73.8,98.0,Healthy,Low,Optimal Conditions
Cotton,35.6,67.25,81.75,22.95,5.53,27.2,89.4,22.6,85.6,Healthy,Low,Temperature Deviation
Cotton,24.88,69.39,69.12,11.15,7.4,22.9,81.8,69.5,98.0,Healthy,Low,Optimal Conditions
Cotton,22.62,53.73,69.65,19.66,7.74,44.6,39.7,81.6,98.0,Healthy,Low,Optimal Conditions
Cotton,28.95,66.71,73.95,11.72,8.05,113.1,33.1,49.0,98.0,Healthy,Low,Optimal Conditions
Cotton,30.83,87.26,88.02,12.56,6.11,30.1,59.6,30.5,74.1,At Risk,Moderate,Humidity Deviation
Cotton,21.16,65.64,98.74,7.43,7.72,72.0,29.2,80.2,98.0,Healthy,Low,Optimal Conditions
Cotton,29.33,50.95,107.55,6.08,7.24,128.3,11.0,67.3,98.0,Healthy,Low,Optimal Conditions
Cotton,27.38,54.51,53.89,14.39,6.75,94.7,26.8,50.6,98.0,Healthy,Low,Optimal Conditions
Cotton,33.37,67.6,133.8,27.5,7.25,100.6,89.2,24.5,85.8,Healthy,Low,Rainfall Deviation
Cotton,35.62,66.44,33.87,22.52,7.72,114.0,34.1,68.8,74.2,At Risk,Moderate,Temperature Deviation
Cotton,23.28,68.87,71.06,18.44,5.92,105.2,62.9,19.6,98.0,Healthy,Low,Optimal Conditions
Cotton,12.18,16.41,209.16,42.28,7.59,52.5,33.7,103.4,5.0,High Risk,High,Rainfall Deviation
Cotton,28.0,57.88,67.9,14.86,8.0,87.0,12.5,63.4,98.0,Healthy,Low,Optimal Conditions
Cotton,29.39,44.24,84.75,27.01,6.92,62.1,38.9,104.5,93.1,Healthy,Low,Humidity Deviation
Cotton,19.46,54.12,77.43,18.8,5.6,118.5,53.7,50.5,94.6,Healthy,Low,Temperature Deviation
Cotton,27.53,54.16,69.43,14.55,8.14,83.9,70.7,95.1,98.0,Healthy,Low,Optimal Conditions
Cotton,20.61,44.23,35.52,15.4,8.4,21.0,80.4,36.0,81.6,Healthy,Low,Rainfall Deviation
Cotton,37.07,97.95,5.54,33.89,6.42,120.1,34.7,58.1,13.6,High Risk,High,Humidity Deviation
Cotton,22.28,50.78,93.47,14.68,6.35,55.5,85.6,118.7,98.0,Healthy,Low,Optimal Conditions
Cotton,23.06,63.73,55.53,20.01,6.57,133.7,58.2,75.8,98.0,Healthy,Low,Optimal Conditions
Cotton,21.51,68.9,68.82,11.64,5.84,120.4,12.2,102.6,98.0,Healthy,Low,Optimal Conditions
Cotton,30.75,64.6,59.88,13.49,6.44,41.4,78.7,57.4,98.0,Healthy,Low,Optimal Conditions
Cotton,22.87,57.66,102.3,10.45,8.35,133.6,21.6,33.6,98.0,Healthy,Low,Optimal Conditions
Cotton,21.31,95.19,1.33,58.88,6.46,24.5,38.9,16.8,5.9,High Risk,High,Humidity Deviation
Cotton,29.28,68.74,55.25,13.37,6.26,36.7,27.5,75.7,98.0,Healthy,Low,Optimal Conditions
Cotton,25.78,52.7,66.36,7.86,8.15,105.0,79.5,55.3,98.0,Healthy,Low,Optimal Conditions
Cotton,25.19,50.37,93.48,10.25,6.44,91.8,44.9,118.0,98.0,Healthy,Low,Optimal Conditions
Cotton,27.75,56.23,109.44,11.68,7.4,35.2,68.6,43.3,98.0,Healthy,Low,Optimal Conditions
Cotton,30.71,69.41,75.47,17.52,5.66,121.7,60.4,66.3,98.0,Healthy,Low,Optimal Conditions
Cotton,10.53,16.25,6.75,57.39,6.63,110.9,52.4,88.9,5.0,High Risk,High,Temperature Deviation
Cotton,31.36,60.6,99.88,10.48,5.8,100.8,10.6,64.9,98.0,Healthy,Low,Optimal Conditions
Cotton,27.9,69.59,77.86,17.26,7.02,79.5,84.4,108.4,98.0,Healthy,Low,Optimal Conditions
Cotton,20.71,43.03,104.16,26.68,6.68,119.2,31.4,44.1,90.6,Healthy,Low,Humidity Deviation
Cotton,30.04,72.85,31.88,11.79,7.38,60.4,63.8,18.4,83.0,Healthy,Low,Rainfall Deviation
Cotton,28.55,54.25,101.46,5.88,6.15,139.8,44.6,88.8,98.0,Healthy,Low,Optimal Conditions
Cotton,27.71,64.52,68.87,17.43,7.31,66.7,54.6,75.6,98.0,Healthy,Low,Optimal Conditions
Cotton,25.43,56.87,74.05,16.42,6.95,132.8,33.5,58.6,98.0,Healthy,Low,Optimal Conditions
Cotton,36.35,39.44,138.79,17.13,7.04,125.6,38.4,26.5,59.4,At Risk,Moderate,Temperature Deviation
Cotton,36.06,94.58,208.66,46.97,6.63,36.9,66.7,104.7,5.0,High Risk,High,Rainfall Deviation
Cotton,24.31,83.69,104.64,31.2,6.1,31.4,19.6,97.2,79.5,Healthy,Low,Humidity Deviation
Cotton,23.47,57.06,88.72,13.2,7.73,60.7,46.2,25.7,98.0,Healthy,Low,Optimal Conditions
Cotton,26.08,56.03,86.77,5.65,5.87,123.8,55.3,89.8,98.0,Healthy,Low,Optimal Conditions
Cotton,41.43,18.47,4.9,39.49,6.26,124.4,44.6,99.9,5.0,High Risk,High,Temperature Deviation
Cotton,21.04,59.91,56.01,16.32,6.33,73.2,17.0,45.1,98.0,Healthy,Low,Optimal Conditions
Cotton,27.79,86.42,76.43,17.82,7.72,81.2,29.5,50.2,75.4,Healthy,Low,Humidity Deviation
Cotton,12.45,23.5,8.12,43.02,5.89,45.8,62.5,55.4,5.0,High Risk,High,Humidity Deviation
Cotton,19.35,23.37,1.67,54.34,8.07,119.7,73.9,53.0,5.4,High Risk,High,Rainfall Deviation
Cotton,31.22,56.14,73.9,15.49,6.38,118.3,15.6,98.1,98.0,Healthy,Low,Optimal Conditions
Cotton,32.72,75.96,138.22,25.74,8.15,58.4,40.5,79.4,77.9,Healthy,Low,Rainfall Deviation
Cotton,15.17,81.02,18.72,18.42,7.08,101.4,32.9,41.5,41.2,High Risk,High,Rainfall Deviation
Cotton,26.51,69.02,95.73,11.44,5.66,40.2,46.5,100.5,98.0,Healthy,Low,Optimal Conditions
Cotton,26.92,67.84,104.83,8.24,5.63,56.6,65.7,114.9,98.0,Healthy,Low,Optimal Conditions
Cotton,21.31,67.68,94.89,19.88,6.69,69.9,23.8,27.2,98.0,Healthy,Low,Optimal Conditions
Cotton,26.9,77.95,43.88,11.29,7.69,59.5,62.3,44.4,83.8,Healthy,Low,Humidity Deviation
Cotton,38.06,44.26,126.81,22.14,6.9,138.1,54.6,84.4,62.8,At Risk,Moderate,Temperature Deviation
Cotton,25.2,61.89,54.19,8.84,6.09,21.9,53.0,73.9,98.0,Healthy,Low,Optimal Conditions
Cotton,23.96,63.04,58.08,12.78,7.8,39.7,70.3,94.9,98.0,Healthy,Low,Optimal Conditions
Cotton,21.21,69.48,61.6,17.33,7.19,51.7,20.4,67.2,98.0,Healthy,Low,Optimal Conditions
Cotton,28.69,68.08,98.31,9.12,8.14,120.0,84.3,63.2,98.0,Healthy,Low,Optimal Conditions
Cotton,27.3,42.67,48.79,12.51,7.1,123.0,68.9,37.6,90.4,Healthy,Low,Humidity Deviation
Cotton,26.59,66.2,100.35,18.65,7.03,103.3,18.9,74.4,98.0,Healthy,Low,Optimal Conditions
Cotton,25.75,62.68,65.42,5.78,5.53,22.7,10.7,26.6,98.0,Healthy,Low,Optimal Conditions
Cotton,23.43,69.74,68.36,6.91,7.14,123.0,64.2,46.1,98.0,Healthy,Low,Optimal Conditions
Cotton,35.36,44.34,91.9,19.31,8.04,100.4,68.6,76.7,79.8,Healthy,Low,Temperature Deviation
Cotton,29.35,51.36,90.39,19.96,7.84,54.9,32.2,85.1,98.0,Healthy,Low,Optimal Conditions
Cotton,38.79,88.33,198.02,31.79,5.99,48.9,51.2,74.8,13.3,High Risk,High,Rainfall Deviation
Cotton,29.32,56.19,105.33,14.85,6.81,114.8,75.4,45.5,98.0,Healthy,Low,Optimal Conditions
Cotton,31.3,53.29,52.53,11.81,7.9,112.6,83.6,71.0,98.0,Healthy,Low,Optimal Conditions
Cotton,27.48,65.57,55.6,7.59,5.54,91.2,80.9,85.4,98.0,Healthy,Low,Optimal Conditions
Cotton,34.72,98.17,262.82,58.39,8.21,114.8,42.6,74.3,5.0,High Risk,High,Rainfall Deviation
Cotton,37.81,38.98,27.03,11.79,5.56,95.4,60.4,118.6,47.5,High Risk,High,Temperature Deviation
Cotton,24.65,62.49,99.54,19.05,7.91,71.2,60.8,104.9,98.0,Healthy,Low,Optimal Conditions
Cotton,29.21,73.0,42.34,24.18,7.3,62.0,45.5,21.8,90.1,Healthy,Low,Rainfall Deviation
Cotton,17.26,84.77,92.19,24.99,6.75,104.2,70.5,96.9,64.8,At Risk,Moderate,Humidity Deviation
Cotton,22.05,35.01,85.14,12.53,5.64,88.0,29.4,92.1,82.0,Healthy,Low,Humidity Deviation
Cotton,28.28,80.07,93.37,15.25,7.57,87.9,16.2,32.1,84.9,Healthy,Low,Humidity Deviation
Cotton,23.04,65.84,74.96,6.4,6.95,30.9,20.3,40.2,98.0,Healthy,Low,Optimal Conditions
Cotton,34.5,91.6,7.22,25.69,5.85,121.3,77.6,49.6,27.7,High Risk,High,Humidity Deviation
Cotton,28.75,57.2,52.73,7.37,5.91,90.7,81.8,98.3,98.0,Healthy,Low,Optimal Conditions
Cotton,27.34,77.28,64.61,13.48,8.08,73.7,83.4,64.1,89.1,Healthy,Low,Humidity Deviation
Cotton,22.56,50.07,81.93,6.61,6.68,90.7,32.1,33.4,98.0,Healthy,Low,Optimal Conditions
Cotton,31.7,26.36,123.67,31.7,7.15,28.5,53.3,108.7,66.7,At Risk,Moderate,Humidity Deviation
Cotton,19.95,56.18,132.73,31.12,6.49,126.3,77.8,37.1,88.0,Healthy,Low,Rainfall Deviation
Cotton,35.33,69.07,126.91,16.52,7.03,100.1,12.1,54.6,80.5,Healthy,Low,Temperature Deviation
Cotton,30.24,29.96,90.17,28.72,7.17,44.8,59.9,52.6,76.0,Healthy,Low,Humidity Deviation
Cotton,18.55,20.96,8.08,47.43,7.07,127.9,68.1,68.5,13.4,High Risk,High,Humidity Deviation
Cotton,25.45,54.53,51.04,13.62,6.14,45.0,20.0,34.9,98.0,Healthy,Low,Optimal Conditions
Cotton,28.42,58.03,83.69,14.55,8.42,28.2,43.4,40.8,98.0,Healthy,Low,Optimal Conditions
Cotton,15.71,80.04,114.15,11.14,6.13,28.9,33.1,80.9,64.9,At Risk,Moderate,Temperature Deviation
Cotton,33.46,66.41,71.93,17.6,6.52,128.0,14.0,51.8,94.1,Healthy,Low,Temperature Deviation
Cotton,21.32,52.26,75.87,15.3,6.37,122.0,45.0,116.7,98.0,Healthy,Low,Optimal Conditions
Cotton,38.0,22.3,247.82,52.61,7.78,61.9,46.3,77.5,5.0,High Risk,High,Rainfall Deviation
Cotton,36.12,94.37,232.47,36.12,6.2,125.5,76.9,39.1,6.9,High Risk,High,Rainfall Deviation
Cotton,29.85,62.31,56.05,13.81,6.86,112.9,26.7,62.6,98.0,Healthy,Low,Optimal Conditions
Cotton,31.53,65.57,94.2,15.35,6.77,130.8,15.8,99.3,98.0,Healthy,Low,Optimal Conditions
Cotton,24.56,60.39,96.96,17.58,7.25,68.4,85.7,40.9,98.0,Healthy,Low,Optimal Conditions
Cotton,43.77,94.09,1.04,26.37,8.46,99.7,64.5,19.0,5.0,High Risk,High,Temperature Deviation
Cotton,20.04,37.65,123.13,30.32,7.42,118.5,14.7,110.1,77.0,Healthy,Low,Humidity Deviation
Cotton,23.82,51.07,107.92,17.78,8.24,121.7,48.4,112.0,98.0,Healthy,Low,Optimal Conditions
Cotton,36.98,21.44,8.62,37.31,6.2,94.0,50.7,119.1,17.6,High Risk,High,Humidity Deviation
Cotton,9.96,95.46,3.28,41.34,5.8,60.3,40.3,63.9,5.0,High Risk,High,Temperature Deviation
Cotton,29.74,66.96,59.14,31.31,7.82,127.8,36.7,119.2,98.0,Healthy,Low,Optimal Conditions
Cotton,21.58,67.11,105.64,6.36,5.84,24.0,18.4,37.0,98.0,Healthy,Low,Optimal Conditions
Cotton,9.78,15.62,199.6,58.49,6.4,138.8,60.6,40.4,5.0,High Risk,High,Temperature Deviation
Cotton,29.14,58.93,54.11,7.53,7.87,97.8,55.6,32.6,98.0,Healthy,Low,Optimal Conditions
Cotton,10.68,96.15,268.95,42.07,8.47,45.7,43.4,45.6,5.0,High Risk,High,Rainfall Deviation
Cotton,31.63,68.72,130.85,14.62,8.45,104.2,49.7,60.2,92.4,Healthy,Low,Rainfall Deviation
Cotton,11.87,15.17,262.77,58.55,6.02,106.4,59.2,86.4,5.0,High Risk,High,Rainfall Deviation
Cotton,24.45,63.68,62.93,11.29,6.06,21.0,87.6,60.3,98.0,Healthy,Low,Optimal Conditions
Cotton,37.11,11.02,1.13,26.72,5.81,35.4,17.3,33.7,15.3,High Risk,High,Rainfall Deviation
Cotton,22.56,56.47,91.94,24.56,6.9,117.4,22.5,97.9,98.0,Healthy,Low,Optimal Conditions
Cotton,23.13,63.12,101.3,8.79,6.48,84.5,26.9,100.2,98.0,Healthy,Low,Optimal Conditions
Cotton,24.23,47.6,63.29,13.26,7.93,70.5,71.2,115.2,97.1,Healthy,Low,Optimal Conditions
Cotton,12.54,96.26,8.64,56.53,6.44,88.9,50.1,66.4,5.0,High Risk,High,Humidity Deviation
Cotton,26.98,79.59,91.41,26.23,5.89,65.8,56.8,92.4,85.6,Healthy,Low,Humidity Deviation
Cotton,23.87,60.76,81.97,14.56,6.41,84.9,25.2,34.6,98.0,Healthy,Low,Optimal Conditions
Cotton,23.92,73.88,93.01,12.22,5.84,88.8,72.5,53.5,94.2,Healthy,Low,Humidity Deviation
Cotton,12.77,94.28,230.3,55.06,7.46,42.7,15.0,59.6,5.0,High Risk,High,Rainfall Deviation
Cotton,24.5,57.36,72.54,19.69,6.41,51.8,20.4,68.7,98.0,Healthy,Low,Optimal Conditions
Cotton,27.78,53.1,84.6,17.39,5.63,70.4,46.9,98.1,98.0,Healthy,Low,Optimal Conditions
Cotton,31.39,67.09,90.83,13.79,7.79,138.8,72.2,46.1,98.0,Healthy,Low,Optimal Conditions
Cotton,23.39,52.73,83.08,14.08,7.62,101.6,33.4,49.7,98.0,Healthy,Low,Optimal Conditions
Cotton,30.74,65.85,95.77,10.35,6.87,23.0,55.6,68.2,98.0,Healthy,Low,Optimal Conditions
Cotton,15.3,91.7,6.21,47.95,7.13,111.9,77.2,99.7,5.0,High Risk,High,Humidity Deviation
Cotton,23.05,63.1,72.55,19.74,7.5,134.8,26.1,105.7,98.0,Healthy,Low,Optimal Conditions
Cotton,31.89,53.15,80.98,16.89,6.8,76.2,88.9,59.7,98.0,Healthy,Low,Optimal Conditions
Cotton,30.82,34.26,140.4,17.13,6.21,59.7,86.4,50.0,70.1,At Risk,Moderate,Humidity Deviation
Cotton,31.13,48.93,71.51,19.38,8.34,46.1,30.5,25.6,98.0,Healthy,Low,Optimal Conditions
Cotton,15.87,35.39,92.21,16.65,7.4,89.7,72.8,45.9,64.5,At Risk,Moderate,Temperature Deviation
Cotton,32.7,41.57,83.07,22.79,5.89,136.1,74.9,26.5,87.1,Healthy,Low,Humidity Deviation
Cotton,27.54,56.9,52.09,13.12,6.66,32.1,74.2,111.1,98.0,Healthy,Low,Optimal Conditions
Cotton,29.33,52.17,92.36,20.77,6.67,30.8,60.0,67.0,98.0,Healthy,Low,Optimal Conditions
Cotton,26.21,65.51,98.1,14.74,6.9,89.1,40.8,28.3,98.0,Healthy,Low,Optimal Conditions
Cotton,26.83,61.98,106.15,16.66,5.96,40.9,18.0,92.5,98.0,Healthy,Low,Optimal Conditions
Cotton,15.65,86.13,131.29,30.69,6.11,57.2,29.2,52.7,49.4,High Risk,High,Humidity Deviation
Cotton,14.6,94.19,244.07,31.09,8.03,54.1,67.2,74.6,5.0,High Risk,High,Rainfall Deviation
Cotton,46.26,92.52,191.92,57.1,6.68,41.6,32.8,62.8,5.0,High Risk,High,Temperature Deviation
Cotton,23.57,64.72,50.47,13.09,7.88,51.9,58.3,85.2,98.0,Healthy,Low,Optimal Conditions
Cotton,14.52,35.05,66.81,22.29,6.64,123.6,62.8,90.7,59.4,At Risk,Moderate,Temperature Deviation
Cotton,30.71,53.34,63.37,6.92,6.82,126.5,30.2,54.2,98.0,Healthy,Low,Optimal Conditions
Cotton,18.3,94.51,9.87,50.28,7.35,38.1,76.9,113.3,5.0,High Risk,High,Humidity Deviation
Cotton,26.37,55.18,95.27,15.82,5.92,125.2,24.5,98.7,98.0,Healthy,Low,Optimal Conditions
Cotton,29.52,41.08,130.03,11.24,7.08,30.0,77.0,79.4,82.0,Healthy,Low,Humidity Deviation
Cotton,21.23,50.63,80.44,16.02,5.86,46.6,36.2,37.9,98.0,Healthy,Low,Optimal Conditions
Cotton,27.16,63.7,107.83,18.96,7.21,108.1,86.1,23.8,98.0,Healthy,Low,Optimal Conditions
Cotton,21.33,61.27,95.77,10.51,7.14,82.0,17.6,48.8,98.0,Healthy,Low,Optimal Conditions
Cotton,22.22,66.24,99.76,17.03,7.68,115.2,63.7,85.3,98.0,Healthy,Low,Optimal Conditions
Cotton,27.29,46.38,112.98,23.81,8.31,55.9,38.7,90.4,94.6,Healthy,Low,Optimal Conditions
Cotton,17.67,37.27,35.1,13.19,5.86,95.3,10.0,16.9,62.6,At Risk,Moderate,Humidity Deviation
Cotton,28.6,63.9,75.81,15.37,7.06,137.2,23.0,78.1,98.0,Healthy,Low,Optimal Conditions
Cotton,22.3,41.77,79.66,25.32,5.66,118.1,76.0,39.9,90.1,Healthy,Low,Humidity Deviation
Cotton,26.29,61.93,67.24,13.89,6.39,26.7,10.2,25.6,98.0,Healthy,Low,Optimal Conditions
Cotton,18.32,73.22,80.44,31.98,6.45,37.9,73.5,78.0,85.8,Healthy,Low,Temperature Deviation
Cotton,31.41,51.56,87.52,11.36,7.17,45.6,65.0,115.8,98.0,Healthy,Low,Optimal Conditions
Cotton,34.56,41.16,127.16,29.45,5.75,82.0,28.0,58.1,72.9,At Risk,Moderate,Humidity Deviation
Cotton,13.3,91.21,188.92,57.61,8.42,113.7,21.2,104.6,5.0,High Risk,High,Humidity Deviation
Cotton,29.03,60.63,99.72,11.38,5.69,86.8,23.7,116.4,98.0,Healthy,Low,Optimal Conditions
Cotton,22.21,41.38,114.25,20.75,5.84,30.1,37.2,47.6,88.1,Healthy,Low,Humidity Deviation
Cotton,17.48,95.87,176.76,55.52,6.69,60.0,37.1,35.6,5.0,High Risk,High,Humidity Deviation
Cotton,45.44,18.94,238.64,44.35,8.4,139.5,19.3,104.2,5.0,High Risk,High,Temperature Deviation
Cotton,31.73,85.01,134.32,15.47,7.34,68.0,10.9,28.2,68.6,At Risk,Moderate,Humidity Deviation
Cotton,27.21,67.63,97.47,13.3,5.72,54.3,39.3,80.3,98.0,Healthy,Low,Optimal Conditions
Cotton,26.83,68.03,92.33,16.96,7.55,44.8,18.8,102.1,98.0,Healthy,Low,Optimal Conditions
Cotton,14.52,62.85,96.09,25.55,8.42,127.2,37.4,119.8,77.3,Healthy,Low,Temperature Deviation
Cotton,21.3,66.48,61.97,5.91,6.21,71.1,68.4,80.6,98.0,Healthy,Low,Optimal Conditions
Cotton,26.54,68.52,98.9,9.85,8.45,105.0,15.0,18.7,98.0,Healthy,Low,Optimal Conditions
Cotton,29.01,53.67,80.69,6.4,8.26,61.3,82.7,114.2,98.0,Healthy,Low,Optimal Conditions
Cotton,26.11,50.49,104.52,12.78,5.72,33.2,40.7,113.7,98.0,Healthy,Low,Optimal Conditions
Cotton,34.25,25.73,92.88,15.21,8.13,118.3,59.4,119.4,61.9,At Risk,Moderate,Humidity Deviation
Cotton,35.32,45.89,114.34,19.11,8.43,89.9,79.3,115.1,80.2,Healthy,Low,Temperature Deviation
Cotton,29.97,66.73,37.02,20.46,6.4,58.8,30.8,94.0,90.9,Healthy,Low,Rainfall Deviation
Cotton,28.99,59.12,82.83,13.15,8.43,64.0,26.6,110.7,98.0,Healthy,Low,Optimal Conditions
Cotton,30.18,53.0,89.52,7.26,8.27,87.8,36.3,29.7,98.0,Healthy,Low,Optimal Conditions
Cotton,28.76,57.7,64.77,13.66,6.75,39.9,22.3,89.3,98.0,Healthy,Low,Optimal Conditions
Cotton,14.5,18.41,2.69,31.34,7.13,134.1,60.0,100.8,14.1,High Risk,High,Rainfall Deviation
Cotton,29.19,72.22,78.48,17.88,5.8,111.0,57.7,43.8,96.7,Healthy,Low,Optimal Conditions
Cotton,31.73,67.25,98.59,6.92,7.77,45.7,88.2,20.5,98.0,Healthy,Low,Optimal Conditions
Cotton,25.72,66.48,95.97,10.62,7.2,120.3,11.5,99.2,98.0,Healthy,Low,Optimal Conditions
Cotton,16.22,92.8,227.36,43.99,8.38,44.7,62.4,19.6,5.0,High Risk,High,Rainfall Deviation
Cotton,27.07,52.1,51.34,7.57,7.19,104.4,26.2,85.2,98.0,Healthy,Low,Optimal Conditions
Cotton,27.75,58.24,89.23,19.93,8.31,20.5,80.8,22.0,98.0,Healthy,Low,Optimal Conditions
Cotton,20.12,93.93,9.44,48.55,8.27,118.0,34.0,60.6,13.2,High Risk,High,Humidity Deviation
Cotton,22.12,59.4,81.81,8.96,7.43,104.4,33.9,94.6,98.0,Healthy,Low,Optimal Conditions
Cotton,26.99,66.09,82.22,18.62,5.68,90.6,54.9,84.3,98.0,Healthy,Low,Optimal Conditions
Cotton,8.52,21.01,270.72,28.26,5.64,33.4,25.0,67.9,5.0,High Risk,High,Temperature Deviation
Cotton,37.29,24.8,173.0,53.75,5.74,58.0,87.3,31.1,5.0,High Risk,High,Humidity Deviation
Cotton,23.58,74.61,54.36,28.49,5.94,122.6,64.0,32.9,93.1,Healthy,Low,Humidity Deviation
Cotton,31.19,50.64,77.75,9.7,7.5,120.8,38.8,59.8,98.0,Healthy,Low,Optimal Conditions
Cotton,36.16,91.05,7.16,54.75,7.31,37.5,68.1,36.8,5.0,High Risk,High,Humidity Deviation
Cotton,28.11,55.44,73.05,16.01,8.31,83.5,10.8,50.5,98.0,Healthy,Low,Optimal Conditions
Cotton,24.73,58.73,87.96,6.82,6.32,80.9,35.2,119.1,98.0,Healthy,Low,Optimal Conditions
Cotton,30.57,67.93,100.16,5.7,8.34,35.4,12.8,58.5,98.0,Healthy,Low,Optimal Conditions
Cotton,23.03,55.76,64.9,15.27,6.06,85.2,88.9,60.4,98.0,Healthy,Low,Optimal Conditions
Cotton,31.48,91.4,104.1,28.79,7.81,27.8,59.7,39.7,67.9,At Risk,Moderate,Humidity Deviation
Cotton,27.84,40.32,133.33,24.04,5.69,98.3,82.9,54.8,79.9,Healthy,Low,Humidity Deviation
Cotton,36.33,13.2,193.86,43.94,8.28,131.8,51.0,47.1,8.8,High Risk,High,Rainfall Deviation
Cotton,27.08,65.5,70.18,25.03,6.34,100.9,84.2,51.5,98.0,Healthy,Low,Optimal Conditions
Cotton,27.29,54.91,89.09,17.48,6.88,101.5,62.2,19.1,98.0,Healthy,Low,Optimal Conditions
Cotton,30.83,68.78,96.83,18.82,6.42,49.7,40.7,20.8,98.0,Healthy,Low,Optimal Conditions
Cotton,38.76,90.17,238.37,34.13,8.1,97.3,11.6,91.1,5.0,High Risk,High,Rainfall Deviation
Cotton,31.97,67.45,67.84,8.86,6.64,62.7,39.8,48.4,98.0,Healthy,Low,Optimal Conditions
Cotton,14.34,84.2,114.07,28.86,6.2,116.7,24.3,100.4,53.9,At Risk,Moderate,Temperature Deviation
Cotton,13.18,92.75,260.97,31.48,7.38,40.9,15.1,49.7,5.0,High Risk,High,Rainfall Deviation
Cotton,30.78,51.1,60.6,13.23,6.94,25.5,10.6,118.7,98.0,Healthy,Low,Optimal Conditions
Cotton,32.49,78.15,38.36,30.93,7.41,114.5,66.0,36.6,77.7,Healthy,Low,Humidity Deviation
Cotton,28.99,60.22,92.13,12.15,6.44,54.2,68.4,44.1,98.0,Healthy,Low,Optimal Conditions
Cotton,31.8,76.79,123.26,16.4,7.06,67.0,86.8,50.2,85.0,Healthy,Low,Humidity Deviation
Cotton,32.18,89.47,110.68,23.77,7.95,74.7,74.0,83.0,69.8,At Risk,Moderate,Humidity Deviation
Cotton,23.79,59.88,87.12,5.98,7.62,85.2,52.1,45.7,98.0,Healthy,Low,Optimal Conditions
Cotton,21.06,71.77,126.2,15.17,6.83,38.7,57.7,41.3,91.5,Healthy,Low,Rainfall Deviation
Cotton,26.18,50.54,55.52,15.29,6.79,123.8,65.6,15.9,98.0,Healthy,Low,Optimal Conditions
Cotton,28.12,81.62,131.62,19.77,7.48,102.6,79.7,18.6,74.7,At Risk,Moderate,Humidity Deviation
Cotton,29.63,66.3,105.64,15.54,6.24,80.7,12.6,82.9,98.0,Healthy,Low,Optimal Conditions
Cotton,35.52,68.78,128.77,26.07,5.64,86.0,47.4,112.4,79.1,Healthy,Low,Temperature Deviation
Cotton,23.97,58.23,64.6,6.94,8.07,87.0,78.9,102.3,98.0,Healthy,Low,Optimal Conditions
Cotton,27.03,51.66,104.92,11.06,6.68,56.3,46.9,41.4,98.0,Healthy,Low,Optimal Conditions
Cotton,29.8,66.69,68.25,12.04,8.12,26.3,81.1,38.0,98.0,Healthy,Low,Optimal Conditions
Cotton,27.69,68.46,64.62,29.73,5.66,37.0,57.9,80.0,98.0,Healthy,Low,Optimal Conditions
Cotton,25.37,61.68,94.27,9.74,6.95,117.7,86.3,39.2,98.0,Healthy,Low,Optimal Conditions
Cotton,31.34,57.92,93.1,14.18,6.36,98.4,62.4,77.2,98.0,Healthy,Low,Optimal Conditions
Cotton,31.95,58.01,88.3,18.29,6.77,112.9,87.7,52.7,98.0,Healthy,Low,Optimal Conditions
Cotton,30.96,53.19,51.72,18.63,7.96,136.7,14.7,31.4,98.0,Healthy,Low,Optimal Conditions
Cotton,28.52,62.12,71.56,5.86,7.42,88.4,19.0,110.4,98.0,Healthy,Low,Optimal Conditions
Cotton,29.18,67.7,84.77,8.7,6.43,126.3,33.9,93.4,98.0,Healthy,Low,Optimal Conditions
Cotton,41.64,92.67,2.52,35.44,8.04,92.3,46.3,57.8,5.0,High Risk,High,Temperature Deviation
Cotton,33.84,65.13,70.44,21.95,7.23,104.6,31.2,38.3,92.7,Healthy,Low,Temperature Deviation
Cotton,22.72,37.99,117.95,21.43,7.55,73.9,29.3,15.1,82.7,Healthy,Low,Humidity Deviation
Cotton,21.39,69.95,31.15,13.97,5.55,45.3,51.5,71.5,86.8,Healthy,Low,Rainfall Deviation
Cotton,21.8,64.89,95.48,19.97,8.2,131.1,73.9,79.6,98.0,Healthy,Low,Optimal Conditions
Cotton,27.85,51.12,103.12,12.23,7.59,26.3,52.7,46.6,98.0,Healthy,Low,Optimal Conditions
Cotton,25.29,50.01,78.0,12.3,8.09,73.8,39.1,119.4,98.0,Healthy,Low,Optimal Conditions
Cotton,34.84,42.67,58.79,26.32,7.0,77.0,18.8,73.8,79.8,Healthy,Low,Temperature Deviation
Cotton,31.75,65.93,74.78,7.27,7.86,34.6,25.1,37.2,98.0,Healthy,Low,Optimal Conditions
Cotton,23.36,81.93,83.14,21.23,6.75,46.3,67.7,81.3,82.1,Healthy,Low,Humidity Deviation
Cotton,31.18,61.17,65.01,8.09,5.91,71.0,20.8,58.7,98.0,Healthy,Low,Optimal Conditions
Cotton,28.22,65.7,82.97,15.2,8.32,96.6,39.1,62.2,98.0,Healthy,Low,Optimal Conditions
Cotton,32.36,14.15,181.04,36.48,7.96,42.1,47.2,16.4,40.5,High Risk,High,Humidity Deviation
Tomato,18.05,69.08,87.83,18.55,6.56,127.3,30.5,40.2,98.0,Healthy,Low,Optimal Conditions
Tomato,21.38,52.15,74.86,8.11,7.35,45.9,30.5,46.2,98.0,Healthy,Low,Optimal Conditions
Tomato,20.98,41.19,36.63,23.83,7.02,125.2,78.2,116.3,86.5,Healthy,Low,Humidity Deviation
Tomato,31.84,59.14,37.9,29.57,6.1,71.8,52.2,43.7,82.8,Healthy,Low,Temperature Deviation
Tomato,30.93,90.8,151.45,29.25,5.85,49.7,87.9,56.7,29.8,High Risk,High,Humidity Deviation
Tomato,25.11,48.85,90.92,22.3,6.84,71.8,19.2,25.8,98.0,Healthy,Low,Optimal Conditions
Tomato,25.97,32.86,27.73,25.38,6.41,83.7,21.7,29.7,68.7,At Risk,Moderate,Humidity Deviation
Tomato,29.07,28.4,45.39,27.91,7.01,129.6,76.6,41.7,69.8,At Risk,Moderate,Humidity Deviation
Tomato,23.0,50.29,85.2,5.67,6.14,88.3,51.4,83.7,98.0,Healthy,Low,Optimal Conditions
Tomato,19.83,69.58,43.54,24.4,5.71,50.4,83.5,85.3,98.0,Healthy,Low,Optimal Conditions
Tomato,20.05,63.66,78.22,17.6,6.08,131.7,54.2,88.1,98.0,Healthy,Low,Optimal Conditions
Tomato,26.23,52.45,51.57,19.92,6.54,82.0,65.3,20.0,98.0,Healthy,Low,Optimal Conditions
Tomato,20.11,72.12,101.7,30.36,6.39,40.8,13.8,40.9,91.6,Healthy,Low,Rainfall Deviation
Tomato,23.58,53.7,41.95,5.54,7.16,91.0,38.6,108.9,98.0,Healthy,Low,Optimal Conditions
Tomato,27.8,62.33,49.17,15.19,7.03,71.5,78.9,30.8,98.0,Healthy,Low,Optimal Conditions
Tomato,18.93,54.22,51.94,18.76,5.66,71.3,52.6,109.4,98.0,Healthy,Low,Optimal Conditions
Tomato,9.56,88.82,0.8,37.7,6.51,63.3,72.7,117.3,5.0,High Risk,High,Rainfall Deviation
Tomato,34.25,43.42,82.53,26.84,7.29,114.8,25.6,78.0,67.1,At Risk,Moderate,Temperature Deviation
Tomato,18.09,54.0,45.66,17.64,6.02,54.2,86.8,54.8,98.0,Healthy,Low,Optimal Conditions
Tomato,20.84,52.39,45.14,6.16,6.69,42.7,38.9,105.5,98.0,Healthy,Low,Optimal Conditions
Tomato,27.16,59.96,59.94,16.26,5.65,30.7,62.2,66.1,98.0,Healthy,Low,Optimal Conditions
Tomato,30.62,52.12,49.94,25.27,6.17,32.5,55.9,75.5,89.5,Healthy,Low,Temperature Deviation
Tomato,36.24,14.14,179.45,48.01,5.53,27.7,18.0,59.0,5.0,High Risk,High,Rainfall Deviation
Tomato,31.55,16.29,4.09,40.72,6.36,86.2,76.7,99.2,15.8,High Risk,High,Rainfall Deviation
Tomato,27.34,52.21,71.73,15.09,6.86,51.8,36.4,72.6,98.0,Healthy,Low,Optimal Conditions
Tomato,18.2,61.24,63.26,14.85,5.79,120.9,21.7,108.6,98.0,Healthy,Low,Optimal Conditions
Tomato,23.5,67.93,55.0,7.73,6.39,49.3,52.2,43.9,98.0,Healthy,Low,Optimal Conditions
Tomato,3.94,19.49,191.72,31.55,7.1,136.7,27.2,34.6,5.0,High Risk,High,Temperature Deviation
Tomato,13.22,87.25,76.66,12.78,6.47,83.0,66.2,116.8,57.4,At Risk,Moderate,Humidity Deviation
Tomato,22.06,57.4,81.35,7.34,6.19,107.0,11.3,45.4,98.0,Healthy,Low,Optimal Conditions
Tomato,22.74,68.45,72.69,17.73,5.63,138.3,12.5,84.6,98.0,Healthy,Low,Optimal Conditions
Tomato,24.46,57.12,73.69,15.94,6.88,33.7,62.6,44.4,98.0,Healthy,Low,Optimal Conditions
Tomato,22.15,58.67,63.36,15.57,6.12,57.8,14.8,87.1,98.0,Healthy,Low,Optimal Conditions
Tomato,30.27,43.19,64.45,31.4,6.43,131.2,10.8,41.0,82.8,Healthy,Low,Temperature Deviation
Tomato,25.7,56.4,82.02,17.49,6.84,99.9,66.0,85.7,98.0,Healthy,Low,Optimal Conditions
Tomato,24.83,67.95,56.63,19.17,5.53,61.9,20.6,28.3,98.0,Healthy,Low,Optimal Conditions
Tomato,12.45,23.98,5.21,34.03,5.69,57.8,80.0,51.5,20.1,High Risk,High,Rainfall Deviation
Tomato,13.37,76.99,50.75,20.14,6.92,30.8,61.6,79.7,73.3,At Risk,Moderate,Temperature Deviation
Tomato,23.42,54.44,47.35,13.6,7.45,48.4,38.4,41.9,98.0,Healthy,Low,Optimal Conditions
Tomato,22.04,64.04,41.94,19.36,5.59,125.8,81.6,70.1,98.0,Healthy,Low,Optimal Conditions
Tomato,23.65,62.57,82.89,13.26,6.32,120.6,88.5,82.7,98.0,Healthy,Low,Optimal Conditions
Tomato,5.46,10.03,5.76,56.31,7.36,137.1,85.1,43.5,5.0,High Risk,High,Temperature Deviation
Tomato,14.76,81.44,48.5,24.88,5.85,81.6,44.0,108.5,71.5,At Risk,Moderate,Humidity Deviation
Tomato,23.34,69.11,54.98,9.33,7.1,53.3,76.5,25.0,98.0,Healthy,Low,Optimal Conditions
Tomato,27.01,60.82,75.94,8.38,5.83,120.2,38.7,62.8,98.0,Healthy,Low,Optimal Conditions
Tomato,21.86,65.41,81.06,15.48,6.88,80.7,53.1,93.0,98.0,Healthy,Low,Optimal Conditions
Tomato,20.32,69.0,41.38,7.09,6.64,108.5,53.0,52.3,98.0,Healthy,Low,Optimal Conditions
Tomato,14.96,90.39,141.56,53.48,5.51,80.1,66.4,31.3,10.9,High Risk,High,Humidity Deviation
Tomato,27.5,33.11,106.46,24.93,7.14,87.7,52.0,91.0,72.4,At Risk,Moderate,Humidity Deviation
Tomato,24.9,68.69,75.7,5.55,6.26,117.1,86.7,53.9,98.0,Healthy,Low,Optimal Conditions
Tomato,37.32,15.57,194.67,28.99,5.98,56.8,86.9,75.7,5.0,High Risk,High,Rainfall Deviation
Tomato,39.43,12.86,223.81,45.55,6.94,70.6,77.6,88.1,5.0,High Risk,High,Temperature Deviation
Tomato,17.16,77.2,101.08,28.55,7.4,114.8,62.8,104.9,81.3,Healthy,Low,Humidity Deviation
Tomato,22.63,69.79,78.48,19.43,7.06,125.0,66.5,94.9,98.0,Healthy,Low,Optimal Conditions
Tomato,23.63,36.0,58.06,22.13,5.91,60.8,57.8,112.1,83.2,Healthy,Low,Humidity Deviation
Tomato,32.6,10.13,0.11,43.43,7.35,23.8,71.9,20.5,5.0,High Risk,High,Rainfall Deviation
Tomato,22.3,51.26,79.46,12.94,5.56,24.9,59.0,99.6,98.0,Healthy,Low,Optimal Conditions
Tomato,23.55,66.0,70.53,8.37,6.73,95.4,68.7,80.2,98.0,Healthy,Low,Optimal Conditions
Tomato,32.23,93.42,204.24,37.07,6.47,42.1,49.4,50.5,5.0,High Risk,High,Rainfall Deviation
Tomato,19.9,71.22,34.53,17.1,6.35,37.5,76.5,51.6,93.4,Healthy,Low,Optimal Conditions
Tomato,26.94,59.93,67.21,19.35,7.27,40.3,47.9,117.0,98.0,Healthy,Low,Optimal Conditions
Tomato,21.72,53.9,45.72,16.1,7.04,136.3,71.9,40.6,98.0,Healthy,Low,Optimal Conditions
Tomato,27.85,56.81,55.6,18.59,6.67,45.8,81.1,119.3,98.0,Healthy,Low,Optimal Conditions
Tomato,26.62,57.81,66.2,18.72,7.45,51.5,27.0,23.5,98.0,Healthy,Low,Optimal Conditions
Tomato,27.96,34.72,38.29,14.11,6.21,48.3,29.6,79.8,80.2,Healthy,Low,Humidity Deviation
Tomato,24.77,68.96,71.92,16.27,7.0,59.7,11.2,20.8,98.0,Healthy,Low,Optimal Conditions
Tomato,24.9,68.13,87.94,5.39,7.48,58.7,77.4,33.9,98.0,Healthy,Low,Optimal Conditions
Tomato,21.78,67.18,51.04,7.31,7.32,132.6,11.0,91.4,98.0,Healthy,Low,Optimal Conditions
Tomato,21.75,59.38,61.34,12.72,6.66,75.9,66.1,90.5,98.0,Healthy,Low,Optimal Conditions
Tomato,19.42,62.81,78.65,14.57,6.68,47.5,61.6,50.2,98.0,Healthy,Low,Optimal Conditions
Tomato,6.65,92.58,5.25,44.83,6.81,56.9,20.1,94.9,5.0,High Risk,High,Temperature Deviation
Tomato,35.42,89.27,199.93,51.55,6.7,61.7,25.0,51.5,5.0,High Risk,High,Rainfall Deviation
Tomato,15.26,89.16,31.47,17.38,7.47,82.6,21.3,38.1,54.2,At Risk,Moderate,Humidity Deviation
Tomato,27.96,35.41,101.73,12.96,7.2,91.1,84.5,107.0,77.3,Healthy,Low,Humidity Deviation
Tomato,20.18,37.5,67.17,11.96,6.04,112.2,78.2,96.8,85.0,Healthy,Low,Humidity Deviation
Tomato,17.33,86.16,73.07,10.45,7.45,28.0,81.9,47.9,73.4,At Risk,Moderate,Humidity Deviation
Tomato,22.04,36.25,56.37,12.64,7.26,113.5,25.3,87.9,83.5,Healthy,Low,Humidity Deviation
Tomato,30.87,83.26,65.68,18.26,7.26,134.1,67.3,66.7,68.6,At Risk,Moderate,Humidity Deviation
Tomato,25.92,45.2,101.42,24.92,6.87,46.1,88.7,103.4,89.2,Healthy,Low,Humidity Deviation
Tomato,27.26,70.99,109.61,14.38,7.25,45.1,60.1,23.5,89.8,Healthy,Low,Rainfall Deviation
Tomato,15.35,97.6,0.42,28.86,7.08,40.2,37.6,94.9,21.1,High Risk,High,Humidity Deviation
Tomato,35.28,15.88,1.93,34.94,5.75,130.6,23.8,75.2,7.6,High Risk,High,Rainfall Deviation
Tomato,21.27,39.28,26.5,18.99,5.61,86.1,34.6,71.0,75.3,Healthy,Low,Humidity Deviation
Tomato,27.33,67.89,49.5,10.15,6.73,31.5,38.4,41.4,98.0,Healthy,Low,Optimal Conditions
Tomato,5.64,93.88,9.69,45.07,5.8,57.4,74.0,69.9,5.0,High Risk,High,Temperature Deviation
Tomato,19.03,58.62,56.87,14.84,7.35,49.7,78.4,111.6,98.0,Healthy,Low,Optimal Conditions
Tomato,18.17,13.66,162.13,52.02,6.53,93.2,67.9,17.6,12.9,High Risk,High,Rainfall Deviation
Tomato,20.49,80.96,54.78,20.66,5.95,84.5,85.5,58.0,83.6,Healthy,Low,Humidity Deviation
Tomato,13.96,47.69,61.48,29.35,6.66,73.4,72.0,92.7,83.1,Healthy,Low,Temperature Deviation
Tomato,26.77,47.14,52.04,14.96,7.45,66.8,82.8,38.7,96.6,Healthy,Low,Optimal Conditions
Tomato,24.17,65.59,68.34,8.45,5.58,94.2,20.5,51.0,98.0,Healthy,Low,Optimal Conditions
Tomato,28.44,82.68,77.28,10.37,6.54,60.2,10.1,47.3,79.2,Healthy,Low,Humidity Deviation
Tomato,21.93,52.64,65.38,15.39,6.76,116.5,46.2,69.5,98.0,Healthy,Low,Optimal Conditions
Tomato,13.23,17.69,165.47,48.29,6.79,49.6,41.6,86.7,5.0,High Risk,High,Rainfall Deviation
Tomato,39.86,15.99,166.95,41.39,7.22,80.5,64.7,76.7,5.0,High Risk,High,Temperature Deviation
Tomato,9.45,12.27,0.43,36.06,7.03,22.7,52.1,41.3,5.0,High Risk,High,Rainfall Deviation
Tomato,26.84,53.99,81.12,11.2,5.53,107.9,57.7,51.1,98.0,Healthy,Low,Optimal Conditions
Tomato,18.74,68.83,64.7,6.28,7.24,53.5,26.3,44.5,98.0,Healthy,Low,Optimal Conditions
Tomato,29.37,43.8,54.95,19.31,5.77,39.3,16.2,36.5,87.1,Healthy,Low,Humidity Deviation
Tomato,27.91,61.88,81.63,30.31,6.15,113.8,29.7,85.3,98.0,Healthy,Low,Optimal Conditions
Tomato,23.09,63.48,69.44,13.64,5.63,49.9,55.7,16.9,98.0,Healthy,Low,Optimal Conditions
Tomato,20.29,55.0,66.78,13.73,7.32,66.3,84.1,83.5,98.0,Healthy,Low,Optimal Conditions
Tomato,36.54,21.41,221.27,29.81,7.5,25.9,45.3,62.5,5.0,High Risk,High,Rainfall Deviation
Tomato,23.71,53.0,79.2,9.99,6.68,105.9,81.1,102.8,98.0,Healthy,Low,Optimal Conditions
Tomato,27.57,75.24,50.57,28.98,6.84,121.1,30.0,108.3,92.1,Healthy,Low,Humidity Deviation
Tomato,22.24,86.61,53.93,15.7,6.19,138.9,39.9,94.9,75.1,Healthy,Low,Humidity Deviation
Tomato,31.47,91.61,70.69,22.03,7.49,87.9,13.6,98.6,53.7,At Risk,Moderate,Humidity Deviation
Tomato,19.54,67.25,49.9,18.81,6.38,109.1,53.8,41.9,98.0,Healthy,Low,Optimal Conditions
Tomato,14.66,30.45,56.56,21.25,6.91,43.1,65.1,43.6,64.8,At Risk,Moderate,Humidity Deviation
Tomato,3.56,91.45,6.54,57.07,6.31,101.3,68.2,86.7,5.0,High Risk,High,Temperature Deviation
Tomato,34.41,92.56,197.42,47.46,6.93,89.9,21.5,61.8,5.0,High Risk,High,Rainfall Deviation
Tomato,22.96,67.41,78.79,6.26,7.28,76.6,69.5,29.7,98.0,Healthy,Low,Optimal Conditions
Tomato,21.88,64.12,65.01,26.57,6.89,78.5,39.2,54.4,98.0,Healthy,Low,Optimal Conditions
Tomato,12.21,42.2,61.32,18.64,6.84,76.4,40.7,27.5,70.4,At Risk,Moderate,Temperature Deviation
Tomato,19.0,66.15,46.76,13.93,6.19,47.1,61.2,63.0,98.0,Healthy,Low,Optimal Conditions
Tomato,23.93,59.83,55.17,13.39,6.84,23.2,47.3,21.1,98.0,Healthy,Low,Optimal Conditions
Tomato,23.61,67.32,84.14,6.05,6.34,90.0,21.8,95.4,98.0,Healthy,Low,Optimal Conditions
Tomato,15.27,41.0,69.7,13.88,6.32,33.4,45.3,52.2,79.7,Healthy,Low,Humidity Deviation
Tomato,24.42,69.02,50.36,15.68,6.98,79.8,81.8,116.5,98.0,Healthy,Low,Optimal Conditions
Tomato,24.51,63.24,60.18,9.75,7.37,114.8,19.2,27.6,98.0,Healthy,Low,Optimal Conditions
Tomato,41.89,96.38,3.74,54.78,7.41,45.3,50.3,86.5,5.0,High Risk,High,Temperature Deviation
Tomato,24.0,55.15,56.67,11.62,6.56,73.9,49.5,46.4,98.0,Healthy,Low,Optimal Conditions
Tomato,18.47,53.92,69.1,16.79,5.84,33.0,69.9,47.0,98.0,Healthy,Low,Optimal Conditions
Tomato,11.12,94.19,1.18,43.25,6.05,45.2,17.0,31.4,5.0,High Risk,High,Humidity Deviation
Tomato,22.03,74.86,42.96,28.0,7.33,44.3,53.4,81.9,92.7,Healthy,Low,Humidity Deviation
Tomato,15.24,81.93,52.48,12.63,7.37,55.0,80.3,44.7,72.5,At Risk,Moderate,Humidity Deviation
Tomato,34.0,13.61,6.39,58.57,5.51,25.7,21.8,51.6,5.0,High Risk,High,Humidity Deviation
Tomato,11.29,92.28,176.2,59.27,7.09,138.6,81.4,58.7,5.0,High Risk,High,Rainfall Deviation
Tomato,11.79,55.21,78.36,10.73,6.53,43.6,70.6,82.3,78.2,Healthy,Low,Temperature Deviation
Tomato,15.82,18.48,186.64,57.78,6.13,38.7,15.9,92.5,5.0,High Risk,High,Rainfall Deviation
Tomato,27.09,30.92,80.13,24.31,6.21,135.7,84.9,104.0,77.1,Healthy,Low,Humidity Deviation
Tomato,6.09,92.42,7.16,47.69,6.29,127.3,77.7,40.4,5.0,High Risk,High,Temperature Deviation
Tomato,28.35,33.89,74.75,24.38,5.65,92.4,84.5,104.3,79.3,Healthy,Low,Humidity Deviation
Tomato,27.93,63.97,48.11,5.19,5.84,120.6,11.7,39.5,98.0,Healthy,Low,Optimal Conditions
Tomato,19.26,78.61,68.7,22.02,6.18,53.2,36.9,82.1,87.1,Healthy,Low,Humidity Deviation
Tomato,27.13,59.32,56.28,16.48,5.53,71.8,38.4,50.5,98.0,Healthy,Low,Optimal Conditions
Tomato,18.31,53.04,47.09,19.83,5.54,40.0,87.9,81.0,98.0,Healthy,Low,Optimal Conditions
Tomato,29.89,89.65,107.91,18.76,6.14,126.5,13.9,29.3,55.0,At Risk,Moderate,Humidity Deviation
Tomato,26.43,50.21,83.08,11.77,5.51,68.2,24.9,80.6,98.0,Healthy,Low,Optimal Conditions
Tomato,17.26,41.78,59.18,25.56,7.34,105.6,56.8,109.8,87.5,Healthy,Low,Humidity Deviation
Tomato,11.9,89.65,148.0,57.21,6.35,63.8,74.2,70.6,5.0,High Risk,High,Humidity Deviation
Tomato,19.41,81.58,63.77,13.91,6.56,62.7,19.9,20.2,82.6,Healthy,Low,Humidity Deviation
Tomato,31.99,47.36,73.8,25.1,5.93,105.1,84.8,74.3,80.9,Healthy,Low,Temperature Deviation
Tomato,33.44,88.81,70.3,18.62,6.23,85.1,86.6,109.4,50.0,At Risk,Moderate,Humidity Deviation
Tomato,26.93,73.13,75.06,19.64,6.22,87.9,29.0,118.8,95.3,Healthy,Low,Optimal Conditions
Tomato,27.78,73.92,101.68,18.29,7.32,114.7,70.0,116.9,88.9,Healthy,Low,Humidity Deviation
Tomato,24.11,68.2,79.54,13.45,5.65,98.3,52.1,34.3,98.0,Healthy,Low,Optimal Conditions
Tomato,40.36,12.75,143.5,50.28,7.13,122.4,16.2,51.0,5.0,High Risk,High,Temperature Deviation
Tomato,15.05,73.91,70.28,23.66,6.35,126.7,28.8,22.7,83.8,Healthy,Low,Temperature Deviation
Tomato,32.76,74.64,39.62,27.12,7.29,106.9,47.2,24.1,73.7,At Risk,Moderate,Temperature Deviation
Tomato,21.74,59.28,70.46,5.1,7.48,63.7,77.8,71.2,98.0,Healthy,Low,Optimal Conditions
Tomato,25.98,64.2,66.37,12.72,5.67,98.7,82.9,24.8,98.0,Healthy,Low,Optimal Conditions
Tomato,27.02,55.69,72.7,13.02,6.69,69.9,34.0,20.1,98.0,Healthy,Low,Optimal Conditions
Tomato,22.59,64.1,74.41,26.87,7.38,71.3,71.9,64.4,98.0,Healthy,Low,Optimal Conditions
Tomato,25.39,65.96,50.14,9.58,6.49,42.4,84.3,77.1,98.0,Healthy,Low,Optimal Conditions
Tomato,19.84,69.09,76.91,16.02,5.64,127.4,45.5,84.3,98.0,Healthy,Low,Optimal Conditions
Tomato,36.85,96.26,170.86,44.28,5.72,54.7,26.6,56.6,5.0,High Risk,High,Rainfall Deviation
Tomato,18.32,63.14,70.51,15.63,6.82,33.7,33.3,28.6,98.0,Healthy,Low,Optimal Conditions
Tomato,36.22,89.24,158.81,49.72,5.76,96.7,48.2,118.7,5.0,High Risk,High,Temperature Deviation
Tomato,17.18,85.47,66.75,19.58,6.36,121.1,74.4,91.8,73.9,At Risk,Moderate,Humidity Deviation
Tomato,27.96,28.91,71.74,20.71,5.89,123.3,30.3,81.5,74.7,At Risk,Moderate,Humidity Deviation
Tomato,22.05,67.99,48.3,14.95,5.91,69.9,53.2,75.6,98.0,Healthy,Low,Optimal Conditions
Tomato,23.41,54.82,60.61,15.54,6.29,138.0,29.6,54.5,98.0,Healthy,Low,Optimal Conditions
Tomato,19.1,59.8,58.93,15.42,7.14,85.3,12.6,80.0,98.0,Healthy,Low,Optimal Conditions
Tomato,24.16,63.7,49.89,17.29,7.32,117.6,34.4,76.6,98.0,Healthy,Low,Optimal Conditions
Tomato,10.99,89.79,7.61,30.61,6.08,93.8,54.0,97.4,17.4,High Risk,High,Humidity Deviation
Tomato,24.54,55.82,69.34,14.08,5.74,85.8,11.0,67.6,98.0,Healthy,Low,Optimal Conditions
Tomato,23.33,76.22,82.16,22.09,5.66,133.2,18.0,104.8,90.7,Healthy,Low,Humidity Deviation
Tomato,26.82,50.39,77.89,10.43,6.98,68.2,15.7,95.6,98.0,Healthy,Low,Optimal Conditions
Tomato,27.22,51.02,63.97,15.85,6.29,46.1,70.7,97.4,98.0,Healthy,Low,Optimal Conditions
Tomato,11.68,88.43,173.53,31.29,6.58,104.6,64.3,79.3,13.1,High Risk,High,Rainfall Deviation
Tomato,26.37,58.51,51.07,6.29,6.33,94.2,63.2,116.1,98.0,Healthy,Low,Optimal Conditions
Tomato,27.86,63.09,62.71,18.32,6.89,61.8,80.7,85.0,98.0,Healthy,Low,Optimal Conditions
Tomato,28.23,80.25,62.77,14.98,7.3,137.6,61.8,111.3,83.7,Healthy,Low,Humidity Deviation
Tomato,30.84,75.3,57.78,17.15,7.08,60.9,30.5,107.3,80.7,Healthy,Low,Temperature Deviation
Tomato,22.11,75.6,72.67,12.69,6.49,53.2,55.5,62.4,91.6,Healthy,Low,Humidity Deviation
Tomato,19.12,52.82,81.05,18.29,5.97,33.6,14.3,78.9,98.0,Healthy,Low,Optimal Conditions
Tomato,18.48,75.33,42.93,24.3,7.22,35.8,75.1,100.3,92.0,Healthy,Low,Humidity Deviation
Tomato,14.44,37.02,66.08,22.44,7.3,79.5,85.3,108.6,72.0,At Risk,Moderate,Humidity Deviation
Tomato,18.73,51.1,66.46,21.67,6.61,79.3,42.8,41.5,98.0,Healthy,Low,Optimal Conditions
Tomato,19.39,52.31,55.0,19.93,6.15,132.4,41.4,61.1,98.0,Healthy,Low,Optimal Conditions
Tomato,12.95,68.47,73.76,10.77,6.8,84.2,46.7,110.3,82.3,Healthy,Low,Temperature Deviation
Tomato,18.1,51.47,51.17,5.5,6.51,57.7,24.4,93.8,98.0,Healthy,Low,Optimal Conditions
Tomato,24.88,56.99,65.59,19.01,5.57,80.0,78.4,76.7,98.0,Healthy,Low,Optimal Conditions
Tomato,21.98,63.61,84.54,5.62,5.64,59.0,28.6,42.8,98.0,Healthy,Low,Optimal Conditions
Tomato,19.96,52.61,86.7,7.16,5.91,49.6,84.6,94.3,98.0,Healthy,Low,Optimal Conditions
Tomato,15.36,75.46,49.07,10.83,6.08,69.6,54.0,46.1,82.6,Healthy,Low,Temperature Deviation
Tomato,27.83,50.84,89.45,5.72,6.08,79.2,21.5,29.2,98.0,Healthy,Low,Optimal Conditions
Tomato,27.74,57.6,68.3,15.56,6.98,102.6,37.0,26.7,98.0,Healthy,Low,Optimal Conditions
Tomato,20.1,52.73,41.22,19.04,7.34,26.1,23.8,29.6,98.0,Healthy,Low,Optimal Conditions
Tomato,20.04,68.92,44.21,8.18,5.66,137.6,83.5,90.2,98.0,Healthy,Low,Optimal Conditions
Tomato,19.9,54.43,62.15,16.52,6.03,57.3,58.0,40.0,98.0,Healthy,Low,Optimal Conditions
Tomato,30.78,32.07,23.52,13.5,6.81,124.4,81.4,82.6,52.9,At Risk,Moderate,Humidity Deviation
Tomato,15.68,39.48,52.43,28.1,7.39,32.8,60.5,74.7,79.3,Healthy,Low,Humidity Deviation
Tomato,2.71,93.19,5.31,41.54,5.62,82.6,40.4,19.7,5.0,High Risk,High,Temperature Deviation
Tomato,21.91,69.8,50.39,13.17,7.47,115.0,89.5,116.7,98.0,Healthy,Low,Optimal Conditions
Tomato,28.73,82.24,70.61,15.63,5.99,135.2,15.4,60.0,78.7,Healthy,Low,Humidity Deviation
Tomato,34.65,94.43,0.31,26.24,7.23,63.2,61.1,111.8,5.0,High Risk,High,Humidity Deviation
Tomato,23.67,65.29,77.88,12.88,6.75,110.9,77.3,95.0,98.0,Healthy,Low,Optimal Conditions
Tomato,27.97,58.69,41.22,10.44,5.76,34.6,32.5,20.6,98.0,Healthy,Low,Optimal Conditions
Tomato,12.89,66.3,57.68,29.41,6.2,86.3,61.4,58.5,82.1,Healthy,Low,Temperature Deviation
Tomato,33.38,98.9,147.92,55.49,6.79,133.5,32.5,77.5,5.0,High Risk,High,Humidity Deviation
Tomato,20.38,40.41,90.16,22.51,5.73,88.4,23.5,84.7,88.4,Healthy,Low,Humidity Deviation
Tomato,26.49,65.57,76.22,15.51,6.62,27.3,62.4,64.0,98.0,Healthy,Low,Optimal Conditions
Tomato,29.09,54.51,28.94,18.29,6.51,83.4,81.1,55.0,85.9,Healthy,Low,Rainfall Deviation
Tomato,34.63,98.71,177.92,35.72,5.8,70.7,87.1,58.2,5.0,High Risk,High,Rainfall Deviation
Tomato,22.45,50.24,46.66,17.75,7.46,39.0,52.8,116.5,98.0,Healthy,Low,Optimal Conditions
Tomato,19.86,68.54,75.28,7.28,6.29,26.8,44.6,96.7,98.0,Healthy,Low,Optimal Conditions
Tomato,30.09,56.23,69.77,19.67,6.8,26.0,62.3,104.4,91.6,Healthy,Low,Temperature Deviation
Tomato,12.02,22.9,212.05,26.23,7.08,126.1,64.9,43.1,9.1,High Risk,High,Rainfall Deviation
Tomato,21.82,66.67,57.39,5.51,6.05,138.8,64.1,109.6,98.0,Healthy,Low,Optimal Conditions
Tomato,21.04,48.66,104.39,31.89,5.65,132.4,33.2,87.4,92.0,Healthy,Low,Rainfall Deviation
Tomato,27.68,52.03,64.89,11.42,6.15,97.5,20.5,90.2,98.0,Healthy,Low,Optimal Conditions
Tomato,10.28,89.97,220.08,33.48,6.44,132.6,73.1,116.3,5.0,High Risk,High,Rainfall Deviation
Tomato,29.55,76.6,95.96,21.02,6.71,56.3,26.0,72.0,81.3,Healthy,Low,Humidity Deviation
Tomato,21.9,63.45,74.53,5.69,6.18,69.4,17.8,39.8,98.0,Healthy,Low,Optimal Conditions
Tomato,27.96,64.73,44.37,5.3,6.94,72.7,72.9,112.0,98.0,Healthy,Low,Optimal Conditions
Tomato,16.66,82.34,82.52,22.47,7.36,52.6,69.4,23.7,76.8,Healthy,Low,Humidity Deviation
Tomato,20.47,87.92,29.62,24.23,7.49,94.7,12.9,16.8,64.0,At Risk,Moderate,Humidity Deviation
Tomato,19.96,66.26,82.24,8.88,6.15,48.3,82.7,67.8,98.0,Healthy,Low,Optimal Conditions
Tomato,15.37,47.59,30.08,25.01,6.38,115.6,78.9,103.8,79.2,Healthy,Low,Temperature Deviation
Tomato,23.06,63.0,56.1,5.62,6.49,21.5,86.1,98.7,98.0,Healthy,Low,Optimal Conditions
Tomato,20.88,69.66,58.68,16.76,6.39,123.7,66.3,17.4,98.0,Healthy,Low,Optimal Conditions
Tomato,23.58,68.52,45.1,14.02,6.1,126.7,71.2,53.8,98.0,Healthy,Low,Optimal Conditions
Tomato,18.11,62.42,60.31,9.72,7.47,75.9,70.0,33.6,98.0,Healthy,Low,Optimal Conditions
Tomato,22.18,63.31,65.33,18.36,6.37,57.3,83.3,57.7,98.0,Healthy,Low,Optimal Conditions
Tomato,18.98,65.87,81.25,5.5,6.22,110.0,85.7,54.7,98.0,Healthy,Low,Optimal Conditions
Tomato,30.59,96.32,9.45,32.07,5.81,77.8,52.3,114.6,27.9,High Risk,High,Humidity Deviation
Tomato,24.0,60.53,65.81,18.1,5.91,24.9,63.8,51.2,98.0,Healthy,Low,Optimal Conditions
Tomato,20.51,56.19,70.84,7.59,6.33,77.9,46.7,117.3,98.0,Healthy,Low,Optimal Conditions
Tomato,27.51,61.64,79.79,11.46,6.41,125.5,81.7,40.1,98.0,Healthy,Low,Optimal Conditions
Tomato,22.96,68.01,56.12,14.78,6.92,113.4,55.1,57.3,98.0,Healthy,Low,Optimal Conditions
Tomato,7.7,21.22,2.45,56.23,5.99,27.7,53.0,103.8,5.0,High Risk,High,Temperature Deviation
Tomato,25.83,66.73,62.72,13.86,6.57,132.7,68.0,112.2,98.0,Healthy,Low,Optimal Conditions
Tomato,21.1,51.42,65.0,18.11,6.15,35.4,15.5,62.0,98.0,Healthy,Low,Optimal Conditions
Tomato,21.46,66.4,59.2,14.15,6.5,106.2,22.5,111.6,98.0,Healthy,Low,Optimal Conditions
Tomato,28.97,83.5,74.38,11.51,6.46,40.3,68.4,39.9,75.9,Healthy,Low,Humidity Deviation
Tomato,23.67,55.7,58.9,17.23,5.86,29.9,36.3,59.6,98.0,Healthy,Low,Optimal Conditions
Tomato,30.02,74.12,71.31,21.11,5.92,29.0,59.4,115.0,85.8,Healthy,Low,Temperature Deviation
Tomato,23.81,69.07,72.52,15.1,5.86,79.1,39.4,64.5,98.0,Healthy,Low,Optimal Conditions
Tomato,8.4,94.51,141.27,55.79,6.38,95.0,49.2,106.6,5.0,High Risk,High,Humidity Deviation
Tomato,14.5,41.88,36.6,18.95,7.42,82.7,54.3,113.9,75.0,Healthy,Low,Temperature Deviation
Tomato,38.56,14.74,5.78,38.39,6.73,117.6,12.1,62.3,5.0,High Risk,High,Temperature Deviation
Tomato,29.61,75.97,49.0,12.51,5.76,103.3,83.4,91.2,84.6,Healthy,Low,Humidity Deviation
Tomato,22.03,50.05,65.56,7.9,7.24,32.5,10.1,62.4,98.0,Healthy,Low,Optimal Conditions
Tomato,25.38,68.4,42.1,10.93,7.49,107.9,86.3,32.2,98.0,Healthy,Low,Optimal Conditions
Tomato,19.55,56.05,76.22,7.47,6.55,52.3,76.3,15.7,98.0,Healthy,Low,Optimal Conditions
Tomato,24.05,51.93,63.32,11.54,7.21,95.0,61.2,114.9,98.0,Healthy,Low,Optimal Conditions
Tomato,12.46,10.79,7.05,39.1,6.95,102.1,87.1,37.6,15.6,High Risk,High,Humidity Deviation
Tomato,15.82,74.77,50.28,15.66,6.21,45.7,55.7,88.2,85.2,Healthy,Low,Temperature Deviation
Tomato,20.24,44.74,85.77,26.13,6.63,52.6,21.6,78.6,93.7,Healthy,Low,Humidity Deviation
Tomato,14.39,73.93,50.01,29.87,5.83,77.2,59.6,77.6,81.5,Healthy,Low,Temperature Deviation
Tomato,30.92,14.89,5.7,55.5,6.52,87.8,10.5,37.6,5.0,High Risk,High,Rainfall Deviation
Tomato,25.55,52.91,83.45,14.65,5.96,38.9,60.2,109.6,98.0,Healthy,Low,Optimal Conditions
Tomato,30.62,89.96,39.85,31.05,7.01,40.5,76.4,72.9,59.5,At Risk,Moderate,Humidity Deviation
Tomato,5.49,91.27,7.29,50.11,6.13,113.8,24.0,97.2,5.0,High Risk,High,Temperature Deviation
Tomato,23.44,78.23,85.32,14.58,6.72,106.8,39.9,76.5,87.7,Healthy,Low,Humidity Deviation
Tomato,27.99,76.21,26.29,15.11,6.1,73.0,35.1,54.3,78.7,Healthy,Low,Rainfall Deviation
Tomato,12.23,61.44,78.96,25.33,7.3,58.4,46.9,39.1,79.8,Healthy,Low,Temperature Deviation
Tomato,25.78,54.01,79.67,11.44,7.49,43.7,17.4,22.9,98.0,Healthy,Low,Optimal Conditions
Tomato,34.01,90.01,2.48,41.57,6.86,96.1,44.2,109.4,5.0,High Risk,High,Rainfall Deviation
Tomato,20.1,73.22,32.09,27.33,6.86,89.3,39.5,36.5,88.2,Healthy,Low,Rainfall Deviation
Tomato,16.87,40.13,74.39,18.55,6.37,28.8,49.9,66.9,84.2,Healthy,Low,Humidity Deviation
Tomato,19.67,37.34,75.65,12.09,6.7,53.7,33.0,23.1,84.8,Healthy,Low,Humidity Deviation
Tomato,23.07,61.69,43.33,14.77,6.48,84.4,76.6,50.9,98.0,Healthy,Low,Optimal Conditions
Tomato,23.52,68.9,65.89,17.48,7.01,82.2,61.8,57.7,98.0,Healthy,Low,Optimal Conditions
Tomato,31.78,77.27,79.48,11.74,6.67,23.8,18.5,72.7,74.0,At Risk,Moderate,Temperature Deviation
Tomato,33.23,73.46,36.62,16.82,6.98,23.0,82.2,22.4,70.9,At Risk,Moderate,Temperature Deviation
Tomato,18.81,65.38,47.07,18.27,6.56,133.8,33.2,62.7,98.0,Healthy,Low,Optimal Conditions
Tomato,21.41,52.4,45.75,16.87,6.04,71.8,40.3,81.5,98.0,Healthy,Low,Optimal Conditions
Tomato,14.26,90.95,0.16,57.77,7.12,38.7,41.1,85.2,5.0,High Risk,High,Rainfall Deviation
Tomato,10.75,18.86,193.89,33.89,5.96,93.4,51.8,15.8,5.0,High Risk,High,Rainfall Deviation
Tomato,37.18,19.1,160.7,45.51,6.07,137.4,31.1,64.3,5.0,High Risk,High,Temperature Deviation
Tomato,3.1,24.29,181.37,42.09,6.4,59.8,86.6,101.4,5.0,High Risk,High,Temperature Deviation
Tomato,30.13,52.12,24.13,13.71,6.18,39.7,32.7,93.0,77.6,Healthy,Low,Rainfall Deviation
Tomato,25.74,45.78,18.12,18.03,6.46,42.4,19.6,106.4,75.8,Healthy,Low,Rainfall Deviation
Tomato,8.53,97.65,9.72,54.91,6.46,94.5,16.3,67.2,5.0,High Risk,High,Humidity Deviation
Tomato,17.92,49.37,92.99,20.42,6.09,116.2,65.7,113.4,97.6,Healthy,Low,Optimal Conditions
Tomato,24.49,54.88,85.18,6.49,6.81,114.9,38.4,115.2,98.0,Healthy,Low,Optimal Conditions
Tomato,35.99,12.6,9.67,28.64,5.56,30.6,77.7,83.4,11.5,High Risk,High,Temperature Deviation
Tomato,33.29,95.46,135.53,55.3,6.38,65.7,84.6,90.1,5.0,High Risk,High,Humidity Deviation
Tomato,18.1,17.68,143.39,55.46,6.27,98.8,70.6,35.0,21.3,High Risk,High,Humidity Deviation
Tomato,19.09,62.04,80.05,14.16,5.86,85.6,76.8,46.8,98.0,Healthy,Low,Optimal Conditions
Tomato,13.94,11.58,8.81,43.31,5.93,106.2,16.8,75.2,16.0,High Risk,High,Humidity Deviation
Tomato,25.1,70.42,85.42,19.56,6.63,22.7,89.2,73.5,98.0,Healthy,Low,Optimal Conditions
Tomato,23.9,58.74,41.2,18.87,5.52,89.3,86.9,39.9,98.0,Healthy,Low,Optimal Conditions
Tomato,18.0,51.33,42.24,17.34,7.17,107.2,38.2,101.2,98.0,Healthy,Low,Optimal Conditions
Tomato,15.0,38.21,100.11,27.48,6.01,83.5,86.8,24.4,70.8,At Risk,Moderate,Humidity Deviation
Tomato,27.77,40.94,51.56,13.04,5.58,36.4,32.9,41.6,89.1,Healthy,Low,Humidity Deviation
Tomato,33.76,68.42,83.44,29.85,6.8,67.8,16.7,45.5,77.0,Healthy,Low,Temperature Deviation
Tomato,21.91,53.46,99.87,17.09,6.16,87.6,78.2,55.5,95.6,Healthy,Low,Optimal Conditions
Tomato,21.74,54.15,86.96,15.46,5.6,55.2,14.0,102.2,98.0,Healthy,Low,Optimal Conditions
Tomato,37.54,22.74,137.71,30.16,6.51,74.7,89.8,79.2,10.6,High Risk,High,Temperature Deviation
Tomato,23.16,76.34,60.81,31.23,6.75,38.3,23.8,74.8,90.5,Healthy,Low,Humidity Deviation
Tomato,25.74,60.92,61.67,19.44,6.28,68.1,63.3,100.0,98.0,Healthy,Low,Optimal Conditions
Tomato,19.52,76.56,34.23,14.68,6.32,139.0,10.1,35.7,85.1,Healthy,Low,Humidity Deviation
Tomato,25.17,57.05,62.86,7.23,6.31,32.4,52.6,25.3,98.0,Healthy,Low,Optimal Conditions
Tomato,23.67,36.24,52.87,29.32,6.4,34.7,40.2,29.3,83.5,Healthy,Low,Humidity Deviation
Tomato,25.52,54.77,40.1,18.09,6.39,48.7,31.0,40.3,98.0,Healthy,Low,Optimal Conditions
Tomato,26.41,53.41,68.09,6.16,7.4,92.4,82.3,56.8,98.0,Healthy,Low,Optimal Conditions
Potato,7.99,21.56,222.51,58.37,4.7,84.3,35.0,38.7,5.0,High Risk,High,Rainfall Deviation
Potato,25.86,98.0,30.82,17.37,5.77,107.9,25.8,37.9,52.1,At Risk,Moderate,Humidity Deviation
Potato,15.33,90.54,91.84,16.43,5.88,58.3,43.9,66.7,81.8,Healthy,Low,Humidity Deviation
Potato,5.87,91.98,162.1,51.23,5.59,33.2,31.3,42.3,5.0,High Risk,High,Temperature Deviation
Potato,23.98,90.77,93.37,29.43,5.9,93.1,80.0,100.8,83.8,Healthy,Low,Humidity Deviation
Potato,14.98,72.73,73.49,26.89,5.38,126.8,41.6,90.4,96.4,Healthy,Low,Optimal Conditions
Potato,32.62,93.48,1.47,38.48,4.51,93.6,12.4,67.9,6.1,High Risk,High,Temperature Deviation
Potato,33.51,93.4,167.0,32.61,5.16,109.9,24.2,40.8,15.1,High Risk,High,Temperature Deviation
Potato,21.76,72.36,84.72,8.21,6.22,91.6,39.3,61.0,98.0,Healthy,Low,Optimal Conditions
Potato,25.82,87.12,49.3,16.16,5.07,116.6,61.1,74.4,81.5,Healthy,Low,Humidity Deviation
Potato,23.34,63.82,89.75,19.5,6.32,139.1,62.1,37.8,98.0,Healthy,Low,Optimal Conditions
Potato,18.6,60.14,84.08,9.03,6.54,63.1,48.4,116.4,98.0,Healthy,Low,Optimal Conditions
Potato,21.77,75.1,61.05,12.51,5.38,112.6,59.8,65.0,98.0,Healthy,Low,Optimal Conditions
Potato,16.0,98.0,32.34,19.62,4.78,46.4,57.6,117.5,60.6,At Risk,Moderate,Humidity Deviation
Potato,21.5,70.79,74.92,5.97,4.86,126.0,42.8,79.5,98.0,Healthy,Low,Optimal Conditions
Potato,14.03,55.63,53.82,23.82,6.8,41.4,33.6,117.5,87.8,Healthy,Low,Temperature Deviation
Potato,16.18,62.95,51.32,19.85,5.2,130.8,89.7,78.0,98.0,Healthy,Low,Optimal Conditions
Potato,16.65,69.63,70.31,14.09,5.6,132.1,52.8,87.8,98.0,Healthy,Low,Optimal Conditions
Potato,6.18,21.71,3.21,25.23,5.82,70.1,73.7,72.0,5.0,High Risk,High,Temperature Deviation
Potato,4.78,15.82,163.93,41.27,6.02,70.6,11.5,118.5,5.0,High Risk,High,Temperature Deviation
Potato,22.23,66.51,73.75,10.83,5.36,22.6,38.8,108.4,98.0,Healthy,Low,Optimal Conditions
Potato,14.2,42.47,32.86,19.43,6.52,30.6,40.9,24.0,60.6,At Risk,Moderate,Humidity Deviation
Potato,16.04,60.19,69.01,17.14,5.97,96.2,51.5,101.1,98.0,Healthy,Low,Optimal Conditions
Potato,32.06,95.5,198.08,54.84,4.85,68.1,16.0,72.2,5.0,High Risk,High,Rainfall Deviation
Potato,24.57,45.58,81.39,17.36,6.24,115.0,25.2,91.8,80.4,Healthy,Low,Humidity Deviation
Potato,8.58,15.91,190.68,29.84,6.63,133.8,38.9,69.5,7.8,High Risk,High,Rainfall Deviation
Potato,22.62,96.56,47.63,18.11,6.19,83.5,40.6,62.3,73.5,At Risk,Moderate,Humidity Deviation
Potato,22.16,60.82,91.47,13.11,5.82,104.5,78.8,114.0,98.0,Healthy,Low,Optimal Conditions
Potato,27.3,51.5,133.04,22.79,4.77,75.1,73.0,17.9,63.4,At Risk,Moderate,Rainfall Deviation
Potato,16.54,74.62,75.06,10.53,4.76,107.9,35.7,42.9,98.0,Healthy,Low,Optimal Conditions
Potato,31.24,89.96,54.79,28.49,4.57,63.6,75.3,100.5,56.1,At Risk,Moderate,Temperature Deviation
Potato,3.39,88.21,7.38,39.76,5.61,25.4,38.9,94.4,10.7,High Risk,High,Temperature Deviation
Potato,21.72,67.39,71.16,13.46,6.88,33.1,12.6,78.8,98.0,Healthy,Low,Optimal Conditions
Potato,7.71,20.51,6.34,41.14,6.02,59.7,50.8,28.7,5.0,High Risk,High,Rainfall Deviation
Potato,23.78,84.58,33.34,31.08,6.64,29.4,67.6,51.5,81.5,Healthy,Low,Rainfall Deviation
Potato,10.81,90.61,156.14,39.02,4.61,43.9,82.6,25.1,37.4,High Risk,High,Rainfall Deviation
Potato,30.57,17.59,218.07,49.89,6.28,33.9,55.6,74.7,5.0,High Risk,High,Rainfall Deviation
Potato,15.81,57.86,72.23,31.01,6.88,103.9,50.8,34.2,96.8,Healthy,Low,Optimal Conditions
Potato,16.48,60.35,93.91,17.14,5.92,139.8,86.2,83.8,98.0,Healthy,Low,Optimal Conditions
Potato,23.82,94.83,52.34,10.34,6.7,32.1,21.2,92.1,77.8,Healthy,Low,Humidity Deviation
Potato,31.77,14.42,210.89,29.79,6.48,72.3,20.6,50.7,5.0,High Risk,High,Rainfall Deviation
Potato,24.05,55.87,55.37,24.48,5.58,101.5,46.1,50.0,94.8,Healthy,Low,Optimal Conditions
Potato,19.29,60.46,83.43,17.68,5.39,25.5,88.9,42.7,98.0,Healthy,Low,Optimal Conditions
Potato,18.96,74.77,64.7,13.62,5.54,34.1,36.4,91.1,98.0,Healthy,Low,Optimal Conditions
Potato,19.05,44.79,115.33,20.83,6.88,42.9,83.2,42.1,75.6,Healthy,Low,Humidity Deviation
Potato,19.51,72.3,61.55,13.34,6.52,50.9,56.4,50.6,98.0,Healthy,Low,Optimal Conditions
Potato,13.6,94.95,98.81,15.33,5.19,127.8,47.4,56.2,69.2,At Risk,Moderate,Humidity Deviation
Potato,21.21,47.21,84.85,23.89,4.81,79.0,62.4,75.8,84.7,Healthy,Low,Humidity Deviation
Potato,17.29,73.43,90.45,18.62,6.53,136.9,42.7,49.8,98.0,Healthy,Low,Optimal Conditions
Potato,19.6,73.03,90.77,9.01,5.78,99.4,54.1,43.8,98.0,Healthy,Low,Optimal Conditions
Potato,13.32,83.01,31.82,20.38,5.57,48.1,14.3,60.1,73.4,At Risk,Moderate,Rainfall Deviation
Potato,13.4,91.32,37.37,23.42,6.07,125.4,60.3,38.9,65.1,At Risk,Moderate,Humidity Deviation
Potato,11.4,81.27,54.25,30.74,4.92,55.1,22.2,98.2,82.0,Healthy,Low,Temperature Deviation
Potato,16.65,65.97,75.71,11.09,4.61,134.9,86.2,44.3,98.0,Healthy,Low,Optimal Conditions
Potato,15.69,85.75,119.73,30.27,4.8,39.6,36.7,111.1,82.4,Healthy,Low,Humidity Deviation
Potato,11.99,56.77,101.95,12.31,6.68,82.0,40.8,21.0,81.3,Healthy,Low,Temperature Deviation
Potato,23.23,60.42,73.73,18.97,5.49,71.4,56.3,63.6,98.0,Healthy,Low,Optimal Conditions
Potato,16.15,72.2,96.04,6.6,5.03,64.4,74.7,43.3,98.0,Healthy,Low,Optimal Conditions
Potato,32.31,21.62,7.82,27.14,5.72,36.1,75.6,55.0,7.2,High Risk,High,Temperature Deviation
Potato,29.5,52.7,114.8,18.18,6.05,89.1,41.5,47.2,63.3,At Risk,Moderate,Temperature Deviation
Potato,20.59,68.56,63.18,16.41,5.83,28.1,39.5,107.9,98.0,Healthy,Low,Optimal Conditions
Potato,9.3,40.5,33.12,20.82,5.67,29.3,30.9,115.1,41.3,High Risk,High,Temperature Deviation
Potato,18.44,60.72,57.44,15.49,5.42,74.2,22.6,86.6,98.0,Healthy,Low,Optimal Conditions
Potato,26.69,82.57,103.74,19.98,6.63,105.0,12.6,46.1,83.9,Healthy,Low,Temperature Deviation
Potato,8.0,20.45,219.2,45.82,5.78,20.5,54.4,112.9,5.0,High Risk,High,Rainfall Deviation
Potato,23.74,67.14,56.99,10.98,5.74,95.5,50.4,71.4,98.0,Healthy,Low,Optimal Conditions
Potato,18.03,66.21,99.35,9.43,6.74,56.6,17.7,41.0,98.0,Healthy,Low,Optimal Conditions
Potato,23.83,73.49,96.58,17.52,5.95,101.0,60.0,85.0,98.0,Healthy,Low,Optimal Conditions
Potato,19.27,71.85,51.8,12.24,6.65,79.1,54.2,36.2,98.0,Healthy,Low,Optimal Conditions
Potato,21.73,85.44,69.31,30.56,4.87,117.2,75.9,89.4,91.8,Healthy,Low,Humidity Deviation
Potato,21.34,77.78,71.28,11.2,5.61,29.9,81.4,106.3,98.0,Healthy,Low,Optimal Conditions
Potato,35.91,91.92,9.01,39.59,6.29,128.1,20.3,42.9,5.0,High Risk,High,Temperature Deviation
Potato,30.82,14.92,9.35,40.77,5.47,48.8,39.8,26.7,5.6,High Risk,High,Humidity Deviation
Potato,34.48,24.83,0.36,35.99,5.73,44.1,66.9,71.3,5.0,High Risk,High,Temperature Deviation
Potato,30.25,92.6,235.23,26.63,5.8,49.7,17.6,59.5,16.1,High Risk,High,Rainfall Deviation
Potato,31.4,95.04,186.54,43.11,4.99,93.3,74.8,76.5,5.0,High Risk,High,Rainfall Deviation
Potato,14.99,48.61,94.04,29.71,5.35,57.1,68.1,47.0,82.8,Healthy,Low,Humidity Deviation
Potato,18.99,74.43,66.35,14.44,6.15,108.0,81.8,60.4,98.0,Healthy,Low,Optimal Conditions
Potato,18.55,68.64,85.69,5.2,5.29,113.6,63.7,91.8,98.0,Healthy,Low,Optimal Conditions
Potato,7.39,24.46,179.28,27.33,5.58,102.8,55.4,60.1,8.2,High Risk,High,Rainfall Deviation
Potato,9.64,97.65,0.59,35.01,4.78,27.9,70.4,32.2,16.7,High Risk,High,Rainfall Deviation
Potato,5.06,20.96,5.61,29.85,6.93,35.5,18.9,63.2,5.0,High Risk,High,Temperature Deviation
Potato,15.34,48.44,33.41,14.05,4.63,88.8,65.1,49.2,72.2,At Risk,Moderate,Humidity Deviation
Potato,21.88,57.91,53.12,14.61,6.2,63.7,21.8,51.7,97.5,Healthy,Low,Optimal Conditions
Potato,22.37,79.67,51.27,15.35,5.16,28.0,11.1,107.5,98.0,Healthy,Low,Optimal Conditions
Potato,23.96,68.85,59.38,16.66,6.82,117.9,69.6,50.1,98.0,Healthy,Low,Optimal Conditions
Potato,17.61,68.94,97.81,15.84,6.57,53.3,64.7,105.6,98.0,Healthy,Low,Optimal Conditions
Potato,25.28,43.6,43.64,27.33,6.15,81.7,17.2,82.5,70.8,At Risk,Moderate,Humidity Deviation
Potato,19.32,72.58,89.11,15.28,6.18,37.9,37.7,19.5,98.0,Healthy,Low,Optimal Conditions
Potato,23.77,94.27,67.96,22.7,5.06,24.8,54.3,28.9,78.6,Healthy,Low,Humidity Deviation
Potato,20.08,78.07,54.09,15.03,4.54,95.6,54.1,100.2,98.0,Healthy,Low,Optimal Conditions
Potato,12.01,59.75,39.78,17.99,6.65,76.2,27.1,113.1,78.6,Healthy,Low,Temperature Deviation
Potato,28.32,52.34,41.0,14.4,6.34,126.5,28.5,24.0,67.2,At Risk,Moderate,Temperature Deviation
Potato,21.26,67.37,77.46,16.16,5.52,140.0,33.8,117.7,98.0,Healthy,Low,Optimal Conditions
Potato,16.89,75.02,85.12,17.17,5.36,131.7,19.6,18.2,98.0,Healthy,Low,Optimal Conditions
Potato,22.38,73.46,71.81,8.84,4.65,60.5,46.8,87.1,98.0,Healthy,Low,Optimal Conditions
Potato,11.73,56.19,33.08,17.1,4.92,133.0,35.6,50.1,68.6,At Risk,Moderate,Temperature Deviation
Potato,34.14,12.03,233.1,50.66,5.8,21.4,51.4,25.4,5.0,High Risk,High,Temperature Deviation
Potato,26.99,87.16,28.61,31.05,5.06,74.9,19.2,78.3,62.3,At Risk,Moderate,Rainfall Deviation
Potato,18.83,76.54,50.48,16.97,5.93,138.3,57.2,20.8,98.0,Healthy,Low,Optimal Conditions
Potato,23.07,76.82,67.29,14.27,5.72,136.1,86.0,118.3,98.0,Healthy,Low,Optimal Conditions
Potato,7.14,12.56,158.52,55.97,5.12,128.5,82.8,60.6,5.0,High Risk,High,Temperature Deviation
Potato,21.81,66.74,89.75,7.46,5.85,81.0,18.0,53.1,98.0,Healthy,Low,Optimal Conditions
Potato,19.72,76.86,63.51,16.47,4.96,100.8,83.2,49.0,98.0,Healthy,Low,Optimal Conditions
Potato,5.44,89.73,229.68,55.49,4.96,47.0,62.9,64.2,5.0,High Risk,High,Rainfall Deviation
Potato,26.34,55.45,65.08,16.27,4.84,111.1,84.4,78.1,85.2,Healthy,Low,Temperature Deviation
Potato,28.14,88.03,96.36,31.8,6.7,110.0,53.0,63.5,71.4,At Risk,Moderate,Temperature Deviation
Potato,18.45,75.48,72.69,18.23,4.87,81.0,61.8,69.3,98.0,Healthy,Low,Optimal Conditions
Potato,33.13,24.51,3.73,55.09,5.04,68.6,88.5,31.6,5.0,High Risk,High,Temperature Deviation
Potato,25.42,93.44,108.37,18.7,5.08,61.1,15.7,49.8,70.8,At Risk,Moderate,Humidity Deviation
Potato,29.73,50.39,67.16,31.56,4.86,68.5,84.7,35.5,65.5,At Risk,Moderate,Temperature Deviation
Potato,3.08,96.58,2.34,36.72,6.2,75.6,45.0,104.8,5.0,High Risk,High,Temperature Deviation
Potato,23.06,77.04,75.32,12.35,5.4,139.3,18.9,77.0,98.0,Healthy,Low,Optimal Conditions
Potato,29.33,55.72,60.52,17.93,5.5,126.7,52.0,106.0,73.5,At Risk,Moderate,Temperature Deviation
Potato,23.91,54.22,48.04,17.04,6.25,33.6,76.3,94.9,91.7,Healthy,Low,Humidity Deviation
Potato,21.75,73.37,87.41,7.83,4.89,48.4,39.3,98.3,98.0,Healthy,Low,Optimal Conditions
Potato,21.17,86.07,57.58,25.48,5.47,79.8,46.4,15.9,90.9,Healthy,Low,Humidity Deviation
Potato,20.7,71.4,87.49,15.06,5.19,50.7,47.1,92.0,98.0,Healthy,Low,Optimal Conditions
Potato,23.59,70.86,65.32,15.4,4.61,78.1,48.9,32.0,98.0,Healthy,Low,Optimal Conditions
Potato,34.29,20.9,193.93,35.31,5.88,95.3,48.5,101.9,5.0,High Risk,High,Temperature Deviation
Potato,25.73,96.25,4.9,32.83,6.54,121.5,26.5,89.6,37.1,High Risk,High,Rainfall Deviation
Potato,14.05,78.48,25.36,30.75,5.5,83.4,19.8,71.7,75.9,Healthy,Low,Rainfall Deviation
Potato,18.4,95.05,92.17,26.78,4.8,111.5,45.2,104.8,77.4,Healthy,Low,Humidity Deviation
Potato,14.34,50.84,27.6,20.29,5.39,86.1,66.5,86.9,67.5,At Risk,Moderate,Rainfall Deviation
Potato,25.56,80.15,102.23,24.93,6.63,84.3,36.9,95.8,92.7,Healthy,Low,Temperature Deviation
Potato,23.13,61.43,91.77,6.37,4.64,63.6,86.5,118.3,98.0,Healthy,Low,Optimal Conditions
Potato,17.19,67.06,66.85,16.39,5.61,113.6,69.9,75.7,98.0,Healthy,Low,Optimal Conditions
Potato,25.97,13.28,212.29,57.49,5.75,126.7,46.3,44.1,5.0,High Risk,High,Rainfall Deviation
Potato,9.76,96.18,0.26,40.72,6.2,75.9,19.7,21.2,10.5,High Risk,High,Rainfall Deviation
Potato,32.11,13.26,240.69,25.62,5.1,71.7,36.6,107.8,5.0,High Risk,High,Rainfall Deviation
Potato,9.81,49.24,128.43,30.17,4.7,119.6,46.1,105.9,54.0,At Risk,Moderate,Temperature Deviation
Potato,22.58,63.19,66.69,5.43,4.81,73.5,75.5,96.2,98.0,Healthy,Low,Optimal Conditions
Potato,17.21,67.79,94.16,6.37,5.86,30.7,47.6,28.3,98.0,Healthy,Low,Optimal Conditions
Potato,17.53,65.11,63.81,14.68,4.64,29.7,25.1,106.6,98.0,Healthy,Low,Optimal Conditions
Potato,12.17,59.2,33.51,20.83,4.71,51.4,20.1,38.5,74.1,At Risk,Moderate,Temperature Deviation
Potato,23.63,65.57,72.19,18.48,6.19,94.2,66.4,102.0,98.0,Healthy,Low,Optimal Conditions
Potato,5.87,20.62,5.41,50.45,4.54,38.2,29.6,96.2,5.0,High Risk,High,Temperature Deviation
Potato,17.5,67.17,50.46,16.43,5.9,128.1,12.5,43.5,98.0,Healthy,Low,Optimal Conditions
Potato,15.92,38.76,31.23,19.44,5.19,89.5,14.7,30.7,61.1,At Risk,Moderate,Humidity Deviation
Potato,26.67,57.35,82.56,27.0,5.72,57.2,22.9,79.2,86.1,Healthy,Low,Temperature Deviation
Potato,19.46,43.48,54.1,17.7,6.34,132.9,17.4,47.1,80.2,Healthy,Low,Humidity Deviation
Potato,15.14,92.91,60.84,24.78,5.73,113.9,49.5,26.7,77.6,Healthy,Low,Humidity Deviation
Potato,23.59,64.27,90.8,8.7,5.58,98.6,22.7,92.4,98.0,Healthy,Low,Optimal Conditions
Potato,13.38,45.19,29.26,25.02,4.62,50.1,38.3,92.6,58.5,At Risk,Moderate,Humidity Deviation
Potato,13.36,46.16,109.49,29.79,6.41,121.6,82.7,110.8,70.4,At Risk,Moderate,Humidity Deviation
Potato,19.65,60.01,75.32,18.86,5.0,96.8,61.6,31.8,98.0,Healthy,Low,Optimal Conditions
Potato,19.7,63.76,79.25,12.27,5.8,36.1,51.4,20.2,98.0,Healthy,Low,Optimal Conditions
Potato,3.67,90.1,190.67,32.42,5.84,77.8,50.1,41.0,8.6,High Risk,High,Temperature Deviation
Potato,13.6,93.92,92.44,21.5,5.38,58.5,29.8,57.9,70.7,At Risk,Moderate,Humidity Deviation
Potato,15.74,78.9,43.39,28.7,4.65,47.3,30.8,55.6,94.5,Healthy,Low,Optimal Conditions
Potato,35.08,97.45,4.45,36.44,4.68,126.3,24.0,81.2,5.0,High Risk,High,Temperature Deviation
Potato,21.37,88.71,72.64,29.72,5.96,132.1,37.7,86.1,86.9,Healthy,Low,Humidity Deviation
Potato,20.95,62.59,50.1,18.97,5.89,131.2,36.7,49.4,98.0,Healthy,Low,Optimal Conditions
Potato,21.65,71.32,96.27,5.38,6.27,59.6,24.4,68.6,98.0,Healthy,Low,Optimal Conditions
Potato,15.66,50.22,33.78,25.51,6.95,24.7,55.4,92.2,75.7,Healthy,Low,Humidity Deviation
Potato,17.8,61.21,54.7,14.85,5.76,23.6,87.6,83.9,98.0,Healthy,Low,Optimal Conditions
Potato,22.0,53.11,47.11,24.18,6.84,32.9,17.9,104.5,89.7,Healthy,Low,Humidity Deviation
Potato,27.66,96.57,63.21,15.18,4.92,28.2,81.8,36.0,60.5,At Risk,Moderate,Humidity Deviation
Potato,18.29,66.09,83.4,19.31,5.32,68.9,71.7,60.4,98.0,Healthy,Low,Optimal Conditions
Potato,30.51,88.32,1.78,38.43,5.85,65.6,38.8,63.7,22.6,High Risk,High,Rainfall Deviation
Potato,17.44,71.13,92.14,7.29,4.58,49.6,88.4,102.0,98.0,Healthy,Low,Optimal Conditions
Potato,15.35,79.25,103.87,30.71,5.79,82.7,58.0,43.2,96.2,Healthy,Low,Optimal Conditions
Potato,20.43,78.84,82.13,10.0,4.53,137.8,49.4,113.5,98.0,Healthy,Low,Optimal Conditions
Potato,27.8,91.02,29.14,16.52,4.99,35.5,28.7,82.4,53.7,At Risk,Moderate,Humidity Deviation
Potato,14.33,82.19,69.71,11.07,6.48,103.9,30.9,91.6,90.9,Healthy,Low,Temperature Deviation
Potato,10.82,84.36,74.73,31.97,6.8,113.3,75.0,75.2,75.3,Healthy,Low,Temperature Deviation
Potato,21.42,74.26,99.27,13.12,5.18,102.0,88.4,33.6,98.0,Healthy,Low,Optimal Conditions
Potato,20.34,63.4,51.11,10.05,6.66,25.2,44.3,95.0,98.0,Healthy,Low,Optimal Conditions
Potato,11.03,89.34,6.43,43.68,5.34,59.8,81.8,62.6,25.1,High Risk,High,Rainfall Deviation
Potato,16.32,67.29,92.48,16.41,5.05,69.6,25.7,115.2,98.0,Healthy,Low,Optimal Conditions
Potato,22.3,84.89,51.64,13.06,6.79,131.4,64.7,16.9,92.7,Healthy,Low,Humidity Deviation
Potato,16.37,84.14,59.79,25.82,4.86,36.8,67.3,60.3,93.8,Healthy,Low,Humidity Deviation
Potato,7.94,11.88,6.83,57.03,6.71,23.9,70.1,83.8,5.0,High Risk,High,Rainfall Deviation
Potato,10.43,54.42,95.61,19.16,5.32,54.4,80.6,32.0,73.8,At Risk,Moderate,Temperature Deviation
Potato,20.57,66.87,71.08,17.1,6.76,114.9,28.8,117.9,98.0,Healthy,Low,Optimal Conditions
Potato,17.35,69.99,86.26,6.25,6.09,123.0,30.9,87.8,98.0,Healthy,Low,Optimal Conditions
Potato,19.31,65.62,81.22,10.41,6.58,135.5,84.8,32.1,98.0,Healthy,Low,Optimal Conditions
Potato,19.51,74.58,98.87,16.75,5.95,23.2,76.0,33.6,98.0,Healthy,Low,Optimal Conditions
Potato,22.8,71.33,56.43,10.8,4.71,96.6,32.6,105.9,98.0,Healthy,Low,Optimal Conditions
Potato,19.96,61.27,63.78,15.15,6.34,49.1,50.3,100.8,98.0,Healthy,Low,Optimal Conditions
Potato,17.07,68.64,80.03,5.11,5.37,92.9,86.2,57.9,98.0,Healthy,Low,Optimal Conditions
Potato,20.27,65.72,60.74,13.86,6.79,120.2,24.6,95.4,98.0,Healthy,Low,Optimal Conditions
Potato,18.33,78.4,95.55,7.53,4.66,55.2,56.5,107.1,98.0,Healthy,Low,Optimal Conditions
Potato,19.32,65.43,50.75,16.83,6.53,46.5,22.1,30.2,98.0,Healthy,Low,Optimal Conditions
Potato,13.74,88.19,49.77,10.28,6.75,85.5,79.5,107.7,79.7,Healthy,Low,Humidity Deviation
Potato,20.06,68.32,72.47,18.43,6.47,35.2,58.8,119.6,98.0,Healthy,Low,Optimal Conditions
Potato,17.76,90.06,90.13,20.14,5.7,41.3,80.1,70.2,84.9,Healthy,Low,Humidity Deviation
Potato,29.41,17.65,239.69,56.64,4.96,101.8,84.0,71.6,5.0,High Risk,High,Rainfall Deviation
Potato,8.44,21.77,216.98,59.83,6.87,91.8,21.0,42.2,5.0,High Risk,High,Rainfall Deviation
Potato,22.99,63.41,60.99,10.24,6.82,80.5,61.7,55.7,98.0,Healthy,Low,Optimal Conditions
Potato,17.78,76.05,94.67,12.4,5.39,116.9,63.8,19.3,98.0,Healthy,Low,Optimal Conditions
Potato,21.46,71.47,98.9,17.99,4.65,107.1,36.9,86.6,98.0,Healthy,Low,Optimal Conditions
Potato,25.52,42.29,31.8,31.46,4.85,60.9,35.5,22.8,59.9,At Risk,Moderate,Humidity Deviation
Potato,16.36,65.85,93.33,10.09,4.81,97.5,89.7,39.4,98.0,Healthy,Low,Optimal Conditions
Potato,23.77,63.58,75.56,8.59,6.83,137.8,75.2,48.1,98.0,Healthy,Low,Optimal Conditions
Potato,17.94,77.82,95.73,11.28,6.14,39.9,44.8,81.3,98.0,Healthy,Low,Optimal Conditions
Potato,18.86,60.02,90.21,18.34,6.92,106.3,53.9,43.3,98.0,Healthy,Low,Optimal Conditions
Potato,5.53,19.46,2.2,25.89,5.05,103.0,26.1,20.7,5.0,High Risk,High,Temperature Deviation
Potato,18.94,85.54,115.61,11.1,5.78,77.8,70.1,44.6,85.4,Healthy,Low,Humidity Deviation
Potato,23.41,71.43,55.23,7.9,7.0,43.5,58.8,59.1,98.0,Healthy,Low,Optimal Conditions
Potato,31.07,97.41,9.32,48.1,6.95,134.2,41.7,79.7,5.0,High Risk,High,Rainfall Deviation
Potato,28.93,23.38,7.23,41.87,6.94,121.5,46.4,96.4,10.1,High Risk,High,Humidity Deviation
Potato,20.5,61.49,67.4,8.39,6.3,78.8,70.1,69.1,98.0,Healthy,Low,Optimal Conditions
Potato,21.88,76.66,95.18,13.58,6.38,110.2,22.5,32.2,98.0,Healthy,Low,Optimal Conditions
Potato,18.56,69.47,99.89,11.46,6.32,103.2,26.4,21.1,98.0,Healthy,Low,Optimal Conditions
Potato,23.54,44.19,73.41,15.92,5.92,133.6,33.9,47.1,81.0,Healthy,Low,Humidity Deviation
Potato,26.82,56.69,111.16,14.09,5.22,42.1,63.9,87.1,80.3,Healthy,Low,Temperature Deviation
Potato,17.8,50.52,41.56,31.57,6.68,58.0,34.4,25.9,82.7,Healthy,Low,Humidity Deviation
Potato,9.79,97.17,220.09,41.88,6.23,49.1,52.8,86.9,5.0,High Risk,High,Rainfall Deviation
Potato,22.9,77.39,73.53,19.59,4.69,20.4,40.5,78.1,98.0,Healthy,Low,Optimal Conditions
Potato,24.75,98.0,84.89,16.38,5.33,20.4,13.7,47.7,70.0,At Risk,Moderate,Humidity Deviation
Potato,16.94,63.08,91.78,15.25,5.71,129.1,12.4,51.2,98.0,Healthy,Low,Optimal Conditions
Potato,28.17,10.99,9.46,47.63,6.22,50.6,58.0,86.9,6.0,High Risk,High,Humidity Deviation
Potato,26.65,84.24,48.42,23.43,5.78,66.6,46.6,118.9,81.9,Healthy,Low,Temperature Deviation
Potato,25.72,49.43,95.24,19.61,5.17,104.0,20.1,20.6,80.4,Healthy,Low,Humidity Deviation
Potato,28.84,51.28,50.21,20.71,5.99,50.1,23.1,56.8,70.2,At Risk,Moderate,Temperature Deviation
Potato,20.21,76.79,55.95,6.69,4.7,121.7,16.5,118.3,98.0,Healthy,Low,Optimal Conditions
Potato,18.63,61.83,79.28,13.79,5.73,57.3,39.5,48.7,98.0,Healthy,Low,Optimal Conditions
Potato,18.73,73.51,64.79,10.26,5.59,20.5,49.4,41.9,98.0,Healthy,Low,Optimal Conditions
Potato,23.29,66.45,71.3,17.41,4.92,122.0,29.3,76.8,98.0,Healthy,Low,Optimal Conditions
Potato,10.63,82.63,52.87,19.38,4.68,127.2,58.9,27.1,77.3,Healthy,Low,Temperature Deviation
Potato,15.15,52.86,31.95,14.82,4.67,109.6,50.6,40.0,75.8,Healthy,Low,Rainfall Deviation
Potato,22.28,69.25,129.77,16.44,5.85,58.0,72.0,112.7,88.1,Healthy,Low,Rainfall Deviation
Potato,22.44,69.97,69.83,19.08,5.78,76.1,63.8,42.4,98.0,Healthy,Low,Optimal Conditions
Potato,23.46,73.57,91.33,9.07,5.86,136.6,35.5,31.9,98.0,Healthy,Low,Optimal Conditions
Potato,16.01,46.51,30.56,14.78,5.97,72.3,85.9,52.5,70.2,At Risk,Moderate,Humidity Deviation
Potato,20.72,49.82,76.97,31.0,6.29,108.0,84.7,37.0,87.8,Healthy,Low,Humidity Deviation
Potato,7.25,11.72,6.2,54.67,6.05,41.5,26.9,15.7,5.0,High Risk,High,Rainfall Deviation
Potato,21.97,51.68,61.73,21.65,6.96,109.7,56.1,104.3,90.0,Healthy,Low,Humidity Deviation
Potato,16.12,73.8,54.92,6.73,6.36,52.5,60.3,111.3,98.0,Healthy,Low,Optimal Conditions
Potato,17.74,62.13,56.52,5.93,4.72,71.8,35.7,89.2,98.0,Healthy,Low,Optimal Conditions
Potato,35.1,11.38,234.25,42.79,5.6,40.9,24.0,80.7,5.0,High Risk,High,Temperature Deviation
Potato,16.45,78.4,70.25,13.87,6.71,68.3,75.7,111.0,98.0,Healthy,Low,Optimal Conditions
Potato,23.14,62.4,63.76,17.12,6.75,102.1,18.4,69.9,98.0,Healthy,Low,Optimal Conditions
Potato,17.95,75.36,37.56,20.61,5.66,82.6,86.2,78.4,91.3,Healthy,Low,Rainfall Deviation
Potato,13.77,45.13,65.94,11.77,4.61,53.7,87.7,73.0,74.3,At Risk,Moderate,Humidity Deviation
Potato,17.06,78.4,68.12,9.6,6.64,92.5,23.5,59.3,98.0,Healthy,Low,Optimal Conditions
Potato,27.42,97.79,179.55,36.88,6.74,71.1,73.2,39.8,25.0,High Risk,High,Rainfall Deviation
Potato,2.88,22.7,8.77,43.32,4.62,139.7,69.6,103.0,5.0,High Risk,High,Temperature Deviation
Potato,16.84,70.3,88.61,14.57,6.08,110.9,28.2,84.5,98.0,Healthy,Low,Optimal Conditions
Potato,16.56,64.04,89.7,18.44,5.21,42.8,12.1,114.5,98.0,Healthy,Low,Optimal Conditions
Potato,26.02,58.29,45.5,12.36,6.46,33.5,67.9,55.5,86.7,Healthy,Low,Temperature Deviation
Potato,22.5,71.59,61.79,18.42,4.61,44.2,70.2,89.5,98.0,Healthy,Low,Optimal Conditions
Potato,16.5,77.16,65.68,7.94,5.79,129.2,13.5,95.4,98.0,Healthy,Low,Optimal Conditions
Potato,14.24,76.31,90.28,25.62,4.69,58.2,19.3,114.7,93.8,Healthy,Low,Temperature Deviation
Potato,21.71,71.43,55.38,13.42,6.15,125.8,15.6,46.0,98.0,Healthy,Low,Optimal Conditions
Potato,23.14,45.68,87.21,27.52,4.71,83.0,26.7,22.0,82.8,Healthy,Low,Humidity Deviation
Potato,17.73,89.11,98.25,12.59,6.87,123.7,11.8,97.1,86.3,Healthy,Low,Humidity Deviation
Potato,25.45,98.0,100.96,30.53,6.58,79.9,66.1,74.5,66.8,At Risk,Moderate,Humidity Deviation
Potato,18.9,89.28,23.52,29.61,5.48,87.1,52.3,79.7,67.5,At Risk,Moderate,Rainfall Deviation
Potato,5.23,22.48,202.09,31.23,6.44,58.6,74.4,33.3,5.0,High Risk,High,Rainfall Deviation
Potato,23.89,88.44,49.12,15.36,5.47,136.8,79.0,16.6,86.7,Healthy,Low,Humidity Deviation
Potato,31.28,94.75,2.82,37.84,5.18,74.5,74.6,62.9,11.5,High Risk,High,Rainfall Deviation
Potato,5.13,24.67,237.07,32.86,6.76,85.3,44.9,58.6,5.0,High Risk,High,Rainfall Deviation
Potato,5.39,12.91,8.25,46.29,6.11,99.8,39.8,99.6,5.0,High Risk,High,Temperature Deviation
Potato,28.09,78.73,114.83,21.81,6.37,48.2,80.3,70.8,77.7,Healthy,Low,Temperature Deviation
Potato,14.69,59.36,41.88,27.27,6.94,48.8,79.0,80.3,89.0,Healthy,Low,Rainfall Deviation
Potato,33.02,12.78,9.9,54.31,6.65,64.6,34.6,96.2,5.0,High Risk,High,Temperature Deviation
Potato,33.22,96.72,6.7,33.49,5.81,48.0,74.6,55.6,7.7,High Risk,High,Temperature Deviation
Potato,32.14,22.8,0.7,38.34,6.01,104.1,57.5,111.6,5.0,High Risk,High,Rainfall Deviation
Potato,24.34,43.74,68.04,23.06,6.99,114.4,31.9,42.8,79.1,Healthy,Low,Humidity Deviation
Potato,22.75,60.55,61.51,18.57,6.1,47.2,27.5,105.6,98.0,Healthy,Low,Optimal Conditions
Potato,13.2,22.56,5.18,48.37,6.78,72.4,34.3,43.4,8.8,High Risk,High,Rainfall Deviation
Potato,20.16,79.76,90.76,18.46,6.05,77.8,89.2,62.0,98.0,Healthy,Low,Optimal Conditions
Potato,29.28,14.18,3.57,49.47,4.82,138.2,58.6,67.6,5.0,High Risk,High,Rainfall Deviation
Potato,23.19,64.88,64.29,6.84,6.4,91.5,58.7,37.9,98.0,Healthy,Low,Optimal Conditions
Potato,13.43,90.39,55.43,14.5,6.79,130.8,21.7,91.0,75.4,Healthy,Low,Humidity Deviation
Potato,20.79,63.57,57.29,5.06,6.85,119.5,16.2,77.9,98.0,Healthy,Low,Optimal Conditions
Potato,18.11,77.48,55.72,14.02,5.5,42.9,46.2,113.8,98.0,Healthy,Low,Optimal Conditions
Potato,25.75,80.82,78.08,19.16,6.48,72.6,44.6,73.5,91.8,Healthy,Low,Temperature Deviation
Potato,23.07,84.5,69.08,15.84,4.95,98.0,77.8,47.8,93.3,Healthy,Low,Humidity Deviation
Potato,15.06,91.1,88.19,28.45,6.06,108.4,37.9,114.2,80.1,Healthy,Low,Humidity Deviation
Potato,24.45,92.77,61.24,15.39,6.3,63.2,73.2,29.4,79.0,Healthy,Low,Humidity Deviation
Potato,19.71,68.48,71.65,11.67,6.97,43.2,71.5,72.9,98.0,Healthy,Low,Optimal Conditions
Potato,21.07,77.07,73.33,17.97,4.73,98.4,36.7,55.6,98.0,Healthy,Low,Optimal Conditions
Potato,27.15,89.39,43.76,24.75,5.04,101.2,17.3,30.5,68.9,At Risk,Moderate,Humidity Deviation
Potato,26.03,53.76,56.79,20.07,5.3,125.8,62.6,46.0,84.4,Healthy,Low,Temperature Deviation
Potato,20.52,81.77,81.44,18.45,4.79,44.0,14.2,61.0,97.3,Healthy,Low,Optimal Conditions
Potato,33.19,21.86,235.79,38.35,5.08,32.1,18.8,96.9,5.0,High Risk,High,Rainfall Deviation
Potato,32.49,11.03,163.13,25.89,6.01,54.8,44.6,66.3,10.8,High Risk,High,Temperature Deviation
Potato,19.89,68.53,85.63,14.68,4.96,44.7,30.1,33.8,98.0,Healthy,Low,Optimal Conditions
Potato,27.53,82.4,127.6,23.46,4.93,139.5,52.3,103.2,71.3,At Risk,Moderate,Temperature Deviation
Potato,21.33,78.25,76.6,9.33,4.82,55.5,38.4,89.5,98.0,Healthy,Low,Optimal Conditions
Potato,16.85,67.74,72.93,14.43,6.27,126.7,33.1,70.5,98.0,Healthy,Low,Optimal Conditions
Potato,16.01,71.59,90.79,5.55,4.51,107.3,64.7,57.6,98.0,Healthy,Low,Optimal Conditions
Potato,25.08,61.69,39.62,13.07,4.61,85.0,73.5,79.1,88.4,Healthy,Low,Rainfall Deviation
Potato,16.25,88.96,49.37,21.46,6.21,25.3,46.8,61.6,86.1,Healthy,Low,Humidity Deviation
Potato,24.92,86.26,34.56,18.24,6.65,81.8,52.8,105.4,76.1,Healthy,Low,Rainfall Deviation
Potato,26.75,53.83,113.02,13.56,6.08,130.8,64.0,35.5,76.4,Healthy,Low,Temperature Deviation
Potato,18.02,67.83,57.96,16.97,5.39,132.3,77.4,110.4,98.0,Healthy,Low,Optimal Conditions
Potato,20.59,66.43,62.85,14.11,6.54,31.2,32.1,36.5,98.0,Healthy,Low,Optimal Conditions
Potato,20.3,43.18,52.92,28.58,6.0,36.1,41.3,117.0,79.8,Healthy,Low,Humidity Deviation
Potato,22.94,61.86,66.71,10.26,4.63,34.3,25.5,103.0,98.0,Healthy,Low,Optimal Conditions
Potato,18.39,60.2,84.78,14.3,6.11,64.9,26.7,90.6,98.0,Healthy,Low,Optimal Conditions
Potato,32.14,21.3,171.62,31.47,5.82,137.0,57.2,69.9,8.8,High Risk,High,Temperature Deviation
Potato,22.6,60.05,86.38,12.75,5.51,24.8,31.8,57.1,98.0,Healthy,Low,Optimal Conditions
Potato,29.07,48.69,47.43,26.13,6.35,138.4,60.2,109.5,64.4,At Risk,Moderate,Temperature Deviation
Potato,20.53,78.4,64.36,7.32,5.38,115.1,16.8,78.0,98.0,Healthy,Low,Optimal Conditions
Potato,19.48,79.32,59.76,5.51,5.57,89.3,33.8,71.9,98.0,Healthy,Low,Optimal Conditions
Potato,31.08,96.85,249.74,58.52,5.02,24.6,79.8,94.0,5.0,High Risk,High,Rainfall Deviation
Sugarcane,34.83,75.05,195.11,12.58,6.82,73.9,36.8,71.0,98.0,Healthy,Low,Optimal Conditions
Sugarcane,23.08,98.0,243.97,29.83,7.06,102.2,10.9,103.9,68.5,At Risk,Moderate,Humidity Deviation
Sugarcane,14.29,93.56,3.31,54.49,7.14,65.2,17.0,64.3,5.0,High Risk,High,Temperature Deviation
Sugarcane,31.29,55.44,188.61,11.11,6.63,138.1,24.6,70.4,88.5,Healthy,Low,Humidity Deviation
Sugarcane,25.34,76.74,129.74,18.59,6.64,45.0,53.6,98.5,98.0,Healthy,Low,Optimal Conditions
Sugarcane,29.56,80.47,110.36,18.54,6.24,40.5,57.1,33.4,98.0,Healthy,Low,Optimal Conditions
Sugarcane,35.72,96.02,34.7,16.21,7.01,41.4,82.6,83.0,57.8,At Risk,Moderate,Rainfall Deviation
Sugarcane,29.75,82.36,239.26,11.86,7.57,101.0,32.5,16.6,92.1,Healthy,Low,Rainfall Deviation
Sugarcane,26.75,81.33,146.53,18.78,7.71,54.5,77.6,27.3,98.0,Healthy,Low,Optimal Conditions
Sugarcane,30.69,71.83,132.94,15.31,7.88,58.7,36.0,71.1,98.0,Healthy,Low,Optimal Conditions
Sugarcane,34.65,98.0,59.62,21.72,6.13,51.2,58.9,19.3,66.4,At Risk,Moderate,Humidity Deviation
Sugarcane,12.76,92.74,355.62,58.29,7.31,101.3,18.2,64.8,5.0,High Risk,High,Temperature Deviation
Sugarcane,14.52,19.9,4.28,36.37,8.11,56.5,85.2,41.3,5.0,High Risk,High,Rainfall Deviation
Sugarcane,30.91,80.23,150.14,18.23,5.61,130.7,25.7,107.8,98.0,Healthy,Low,Optimal Conditions
Sugarcane,33.16,78.43,117.59,18.77,6.19,49.3,75.1,26.1,98.0,Healthy,Low,Optimal Conditions
Sugarcane,29.54,81.61,114.75,13.22,7.49,123.3,84.8,97.4,98.0,Healthy,Low,Optimal Conditions
Sugarcane,19.66,54.84,206.37,21.76,6.43,72.5,86.6,55.4,71.4,At Risk,Moderate,Temperature Deviation
Sugarcane,29.1,77.96,101.21,9.99,6.6,75.6,34.1,85.0,98.0,Healthy,Low,Optimal Conditions
Sugarcane,17.88,88.21,8.3,27.64,7.29,117.8,70.2,100.8,41.7,High Risk,High,Rainfall Deviation
Sugarcane,25.57,82.04,117.93,11.57,5.74,99.2,30.7,84.0,98.0,Healthy,Low,Optimal Conditions
Sugarcane,28.37,67.05,128.21,6.32,8.22,67.4,82.1,117.0,98.0,Healthy,Low,Optimal Conditions
Sugarcane,18.51,17.57,494.47,35.29,6.54,32.3,82.0,45.0,10.4,High Risk,High,Rainfall Deviation
Sugarcane,34.12,81.11,114.11,16.54,8.06,29.4,76.0,72.5,98.0,Healthy,Low,Optimal Conditions
Sugarcane,25.11,87.11,173.48,17.6,7.16,122.8,40.0,89.5,96.8,Healthy,Low,Optimal Conditions
Sugarcane,35.62,98.42,421.05,47.44,6.62,119.1,15.8,35.6,18.7,High Risk,High,Rainfall Deviation
Sugarcane,30.89,78.7,112.42,19.16,6.45,105.6,51.9,38.4,98.0,Healthy,Low,Optimal Conditions
Sugarcane,37.68,22.53,3.09,52.9,7.68,61.1,62.9,26.9,5.0,High Risk,High,Rainfall Deviation
Sugarcane,21.09,98.85,367.92,38.53,7.61,134.8,11.9,71.5,30.2,High Risk,High,Rainfall Deviation
Sugarcane,30.14,74.33,157.58,13.26,8.19,86.3,77.7,48.6,98.0,Healthy,Low,Optimal Conditions
Sugarcane,29.17,70.57,137.98,13.98,7.12,96.4,38.1,48.2,98.0,Healthy,Low,Optimal Conditions
Sugarcane,30.68,58.78,164.95,31.45,6.16,95.3,73.8,113.6,92.5,Healthy,Low,Humidity Deviation
Sugarcane,20.15,93.5,110.47,14.28,6.06,76.3,82.9,16.0,73.8,At Risk,Moderate,Temperature Deviation
Sugarcane,28.08,86.47,210.95,31.16,6.76,87.3,56.8,40.3,95.6,Healthy,Low,Optimal Conditions
Sugarcane,34.15,51.65,133.32,16.2,7.25,69.3,28.7,69.0,84.0,Healthy,Low,Humidity Deviation
Sugarcane,21.61,91.15,151.01,15.86,6.44,59.5,48.4,103.6,82.4,Healthy,Low,Humidity Deviation
Sugarcane,32.87,67.3,189.49,7.78,5.61,39.0,25.3,68.4,98.0,Healthy,Low,Optimal Conditions
Sugarcane,31.87,66.02,149.77,9.99,7.27,25.2,12.8,59.9,98.0,Healthy,Low,Optimal Conditions
Sugarcane,18.76,88.37,5.87,29.77,7.24,59.0,46.6,37.6,43.7,High Risk,High,Rainfall Deviation
Sugarcane,40.52,12.29,445.11,55.37,6.91,126.3,66.2,89.4,5.0,High Risk,High,Rainfall Deviation
Sugarcane,22.92,93.33,151.32,16.83,6.51,76.8,54.9,99.9,83.7,Healthy,Low,Humidity Deviation
Sugarcane,33.59,80.15,172.27,6.3,5.56,91.3,79.1,76.4,98.0,Healthy,Low,Optimal Conditions
Sugarcane,25.0,78.99,172.18,7.59,5.58,69.0,56.6,89.1,98.0,Healthy,Low,Optimal Conditions
Sugarcane,39.48,98.56,360.43,33.85,7.77,23.4,65.2,77.4,29.6,High Risk,High,Rainfall Deviation
Sugarcane,25.82,78.18,131.21,8.99,5.67,112.0,80.6,101.1,98.0,Healthy,Low,Optimal Conditions
Sugarcane,24.3,58.62,104.78,20.98,8.16,132.9,24.5,34.4,92.3,Healthy,Low,Humidity Deviation
Sugarcane,32.68,65.12,112.72,13.07,6.19,31.1,38.8,43.8,98.0,Healthy,Low,Optimal Conditions
Sugarcane,37.99,58.56,64.0,26.54,7.13,34.2,66.0,88.8,67.7,At Risk,Moderate,Rainfall Deviation
Sugarcane,25.22,65.97,159.13,16.08,7.49,92.8,77.7,46.0,98.0,Healthy,Low,Optimal Conditions
Sugarcane,22.18,10.19,365.98,45.51,6.96,58.3,69.9,90.1,14.7,High Risk,High,Rainfall Deviation
Sugarcane,27.56,70.75,112.89,16.29,5.63,38.1,18.4,101.7,98.0,Healthy,Low,Optimal Conditions
Sugarcane,31.31,65.89,178.64,18.69,6.86,116.5,66.5,98.5,98.0,Healthy,Low,Optimal Conditions
Sugarcane,34.59,98.0,238.41,21.68,8.21,128.4,51.0,110.1,72.8,At Risk,Moderate,Humidity Deviation
Sugarcane,26.53,69.65,166.23,12.52,7.35,102.3,11.8,20.7,98.0,Healthy,Low,Optimal Conditions
Sugarcane,34.62,89.84,163.7,10.86,7.09,126.4,35.9,41.0,92.7,Healthy,Low,Humidity Deviation
Sugarcane,29.92,83.28,90.77,17.28,6.46,54.8,46.4,50.4,96.8,Healthy,Low,Optimal Conditions
Sugarcane,28.81,63.87,63.86,30.14,6.8,97.6,31.2,31.4,86.0,Healthy,Low,Rainfall Deviation
Sugarcane,39.18,18.48,2.82,43.21,6.11,109.2,13.4,102.3,7.0,High Risk,High,Rainfall Deviation
Sugarcane,8.85,19.56,406.23,33.63,8.16,102.6,86.1,74.0,5.0,High Risk,High,Temperature Deviation
Sugarcane,12.28,23.51,451.88,37.64,5.55,139.7,19.8,72.0,5.0,High Risk,High,Temperature Deviation
Sugarcane,29.92,92.97,148.52,12.53,7.94,91.9,78.0,106.1,88.0,Healthy,Low,Humidity Deviation
Sugarcane,25.65,98.0,155.92,25.43,6.95,79.6,34.0,110.0,80.5,Healthy,Low,Humidity Deviation
Sugarcane,33.57,72.53,188.06,15.93,5.79,119.8,64.6,18.4,98.0,Healthy,Low,Optimal Conditions
Sugarcane,30.99,78.25,174.67,15.8,7.35,111.9,56.0,42.4,98.0,Healthy,Low,Optimal Conditions
Sugarcane,41.29,91.79,429.73,37.59,6.53,137.8,78.9,19.7,20.8,High Risk,High,Rainfall Deviation
Sugarcane,31.42,59.91,229.27,11.16,7.57,33.2,63.6,96.8,88.0,Healthy,Low,Humidity Deviation
Sugarcane,33.21,97.42,80.11,14.37,7.85,103.6,19.0,66.9,74.4,At Risk,Moderate,Humidity Deviation
Sugarcane,37.79,90.27,100.39,23.21,6.85,43.8,21.2,27.9,81.0,Healthy,Low,Temperature Deviation
Sugarcane,9.82,88.38,0.8,47.51,7.23,115.8,80.1,68.6,5.0,High Risk,High,Temperature Deviation
Sugarcane,37.09,94.27,109.92,20.75,7.91,34.4,82.8,103.9,77.7,Healthy,Low,Humidity Deviation
Sugarcane,38.11,53.7,136.32,31.91,6.17,128.1,17.6,89.5,74.0,At Risk,Moderate,Humidity Deviation
Sugarcane,27.3,83.93,126.32,15.1,6.0,31.2,37.1,80.5,98.0,Healthy,Low,Optimal Conditions
Sugarcane,27.3,79.17,110.28,11.7,8.14,67.6,44.7,92.5,98.0,Healthy,Low,Optimal Conditions
Sugarcane,37.68,98.0,137.09,23.87,7.32,90.0,24.7,78.4,69.8,At Risk,Moderate,Humidity Deviation
Sugarcane,30.7,76.08,165.53,18.43,7.88,137.7,88.1,96.1,98.0,Healthy,Low,Optimal Conditions
Sugarcane,41.8,94.18,462.92,36.8,6.97,124.4,10.7,89.6,16.3,High Risk,High,Rainfall Deviation
Sugarcane,26.29,65.24,189.66,18.68,5.67,82.6,22.2,94.7,98.0,Healthy,Low,Optimal Conditions
Sugarcane,32.23,45.02,250.99,26.09,7.56,32.6,31.7,22.0,65.8,At Risk,Moderate,Humidity Deviation
Sugarcane,25.74,82.61,123.99,19.55,7.17,48.5,49.8,38.0,98.0,Healthy,Low,Optimal Conditions
Sugarcane,40.85,92.86,6.71,38.1,7.98,100.1,26.4,48.6,27.5,High Risk,High,Rainfall Deviation
Sugarcane,23.96,52.34,257.84,24.89,6.1,63.2,48.2,78.5,73.1,At Risk,Moderate,Humidity Deviation
Sugarcane,34.51,63.1,234.7,16.13,7.24,77.6,33.1,68.6,90.8,Healthy,Low,Rainfall Deviation
Sugarcane,31.04,67.31,173.1,7.67,8.29,118.8,37.5,59.8,98.0,Healthy,Low,Optimal Conditions
Sugarcane,32.44,72.61,175.52,5.28,5.88,63.8,18.7,78.1,98.0,Healthy,Low,Optimal Conditions
Sugarcane,33.46,80.23,121.63,12.26,6.77,107.0,42.1,18.5,98.0,Healthy,Low,Optimal Conditions
Sugarcane,29.13,84.49,188.12,7.72,7.53,132.4,10.7,90.7,98.0,Healthy,Low,Optimal Conditions
Sugarcane,35.24,66.39,162.85,28.45,8.27,76.7,87.6,72.5,98.0,Healthy,Low,Optimal Conditions
Sugarcane,23.32,77.12,142.57,28.85,6.65,22.7,60.9,92.8,97.6,Healthy,Low,Optimal Conditions
Sugarcane,29.24,84.84,157.63,10.27,7.26,41.6,25.9,112.1,98.0,Healthy,Low,Optimal Conditions
Sugarcane,27.42,75.88,189.97,16.72,5.62,103.2,50.3,64.9,98.0,Healthy,Low,Optimal Conditions
Sugarcane,34.46,92.49,53.25,21.45,8.25,82.8,24.6,17.3,72.4,At Risk,Moderate,Rainfall Deviation
Sugarcane,34.1,84.93,194.54,15.94,7.06,90.9,53.1,89.2,98.0,Healthy,Low,Optimal Conditions
Sugarcane,31.36,67.43,126.57,17.54,8.03,84.7,12.5,112.3,98.0,Healthy,Low,Optimal Conditions
Sugarcane,22.36,65.76,238.33,29.55,5.52,117.6,38.0,90.4,86.6,Healthy,Low,Rainfall Deviation
Sugarcane,30.67,77.94,140.5,12.69,7.53,77.2,11.1,16.4,98.0,Healthy,Low,Optimal Conditions
Sugarcane,29.47,52.62,118.46,15.41,6.4,57.0,39.0,120.0,85.1,Healthy,Low,Humidity Deviation
Sugarcane,27.95,58.93,217.13,25.49,7.72,113.8,18.3,44.3,89.3,Healthy,Low,Humidity Deviation
Sugarcane,34.28,74.75,111.11,9.34,7.94,121.6,82.0,55.8,98.0,Healthy,Low,Optimal Conditions
Sugarcane,30.81,63.74,85.05,31.79,6.93,33.9,47.6,34.1,93.3,Healthy,Low,Rainfall Deviation
Sugarcane,26.26,49.6,210.8,31.83,7.57,113.2,12.1,67.2,79.4,Healthy,Low,Humidity Deviation
Sugarcane,26.02,52.34,37.85,31.64,7.9,99.2,68.8,22.6,63.1,At Risk,Moderate,Rainfall Deviation
Sugarcane,25.12,66.75,154.74,8.23,7.91,73.5,65.6,83.6,98.0,Healthy,Low,Optimal Conditions
Sugarcane,26.67,71.85,179.67,13.79,6.21,118.1,14.4,88.4,98.0,Healthy,Low,Optimal Conditions
Sugarcane,32.04,83.55,175.0,11.63,5.92,116.8,46.9,22.9,98.0,Healthy,Low,Optimal Conditions
Sugarcane,18.1,53.37,99.47,30.09,6.83,130.5,36.7,38.8,65.2,At Risk,Moderate,Temperature Deviation
Sugarcane,32.43,57.23,157.62,30.5,7.04,94.4,63.2,73.9,90.7,Healthy,Low,Humidity Deviation
Sugarcane,44.21,95.57,6.82,44.15,7.35,135.4,43.8,95.3,5.0,High Risk,High,Temperature Deviation
Sugarcane,33.79,77.66,162.9,7.14,5.61,104.2,19.4,28.3,98.0,Healthy,Low,Optimal Conditions
Sugarcane,25.08,77.51,142.2,8.99,6.73,121.3,84.2,66.2,98.0,Healthy,Low,Optimal Conditions
Sugarcane,29.67,53.66,108.2,18.41,6.66,61.8,28.8,63.1,86.4,Healthy,Low,Humidity Deviation
Sugarcane,34.34,43.66,122.19,30.74,6.77,80.0,86.9,63.1,74.4,At Risk,Moderate,Humidity Deviation
Sugarcane,23.78,98.0,205.7,31.12,6.26,109.3,43.5,66.0,78.6,Healthy,Low,Humidity Deviation
Sugarcane,15.15,18.19,311.06,54.66,6.83,86.8,89.6,114.9,5.0,High Risk,High,Temperature Deviation
Sugarcane,33.56,72.81,107.12,13.64,8.24,136.9,20.1,96.0,98.0,Healthy,Low,Optimal Conditions
Sugarcane,43.94,11.14,2.63,45.51,6.09,54.1,83.6,59.9,5.0,High Risk,High,Temperature Deviation
Sugarcane,33.36,98.0,123.95,11.77,7.3,130.6,34.0,75.8,80.5,Healthy,Low,Humidity Deviation
Sugarcane,12.5,16.22,6.22,46.59,6.98,59.1,29.5,80.5,5.0,High Risk,High,Temperature Deviation
Sugarcane,34.02,74.83,151.18,11.25,7.71,71.0,31.5,105.5,98.0,Healthy,Low,Optimal Conditions
Sugarcane,26.5,80.37,100.56,13.39,6.38,122.9,81.8,79.1,98.0,Healthy,Low,Optimal Conditions
Sugarcane,39.09,86.83,120.86,16.98,8.2,117.5,77.0,16.6,80.9,Healthy,Low,Temperature Deviation
Sugarcane,20.98,12.42,5.01,29.62,8.15,35.8,38.1,47.0,26.2,High Risk,High,Rainfall Deviation
Sugarcane,41.25,23.79,4.18,59.0,6.48,54.9,58.1,96.4,5.0,High Risk,High,Rainfall Deviation
Sugarcane,40.26,72.47,63.14,16.29,5.68,135.7,59.9,33.2,66.1,At Risk,Moderate,Temperature Deviation
Sugarcane,28.07,71.15,127.93,12.02,8.06,88.2,51.7,99.7,98.0,Healthy,Low,Optimal Conditions
Sugarcane,26.17,74.92,170.53,12.28,5.96,131.6,36.3,97.8,98.0,Healthy,Low,Optimal Conditions
Sugarcane,43.54,92.08,313.06,49.24,6.19,42.2,28.4,42.7,11.2,High Risk,High,Temperature Deviation
Sugarcane,31.24,67.32,138.74,14.38,6.31,27.8,16.5,28.2,98.0,Healthy,Low,Optimal Conditions
Sugarcane,38.04,98.49,396.22,52.28,6.4,71.6,48.4,112.3,5.0,High Risk,High,Rainfall Deviation
Sugarcane,26.17,79.11,157.76,8.77,6.31,64.1,46.0,100.9,98.0,Healthy,Low,Optimal Conditions
Sugarcane,33.88,73.26,123.05,12.63,7.35,25.4,67.3,94.9,98.0,Healthy,Low,Optimal Conditions
Sugarcane,25.85,69.08,179.66,9.08,7.73,84.9,71.4,73.1,98.0,Healthy,Low,Optimal Conditions
Sugarcane,34.02,79.31,148.41,14.56,7.22,63.0,43.9,48.4,98.0,Healthy,Low,Optimal Conditions
Sugarcane,14.78,92.23,406.85,45.56,5.95,21.8,66.1,72.8,5.0,High Risk,High,Rainfall Deviation
Sugarcane,38.68,98.0,195.0,27.42,6.39,50.4,51.2,119.7,65.8,At Risk,Moderate,Humidity Deviation
Sugarcane,21.86,17.24,397.55,54.92,6.58,33.8,77.4,67.3,5.0,High Risk,High,Rainfall Deviation
Sugarcane,25.27,68.18,175.1,15.66,6.07,121.6,32.5,98.3,98.0,Healthy,Low,Optimal Conditions
Sugarcane,34.33,43.09,212.98,26.76,6.15,136.0,59.8,15.6,71.1,At Risk,Moderate,Humidity Deviation
Sugarcane,28.8,81.18,130.51,9.97,5.7,54.0,67.4,81.6,98.0,Healthy,Low,Optimal Conditions
Sugarcane,25.26,72.54,174.38,17.49,5.54,59.5,43.9,110.7,98.0,Healthy,Low,Optimal Conditions
Sugarcane,26.14,45.77,184.53,20.12,7.34,51.3,11.8,29.8,76.9,Healthy,Low,Humidity Deviation
Sugarcane,27.1,80.29,110.67,18.76,8.01,129.1,69.2,26.2,98.0,Healthy,Low,Optimal Conditions
Sugarcane,25.45,84.75,133.3,13.78,7.68,130.5,70.4,85.8,98.0,Healthy,Low,Optimal Conditions
Sugarcane,23.91,47.65,164.97,13.21,6.52,101.7,69.4,100.4,78.9,Healthy,Low,Humidity Deviation
Sugarcane,24.39,84.49,101.43,19.41,7.82,129.4,41.0,35.7,98.0,Healthy,Low,Optimal Conditions
Sugarcane,27.12,61.7,91.39,29.59,5.53,137.2,60.0,30.9,93.0,Healthy,Low,Optimal Conditions
Sugarcane,29.92,69.7,130.12,8.68,7.32,86.4,16.2,70.3,98.0,Healthy,Low,Optimal Conditions
Sugarcane,28.4,92.22,64.91,12.37,6.71,45.7,44.4,119.1,76.9,Healthy,Low,Rainfall Deviation
Sugarcane,27.45,98.0,202.9,10.43,6.29,26.4,82.0,91.1,79.9,Healthy,Low,Humidity Deviation
Sugarcane,42.22,20.54,480.83,44.91,6.27,93.9,27.4,96.1,5.0,High Risk,High,Rainfall Deviation
Sugarcane,33.79,82.23,136.24,10.79,7.46,30.8,16.5,29.3,98.0,Healthy,Low,Optimal Conditions
Sugarcane,25.84,78.84,257.3,17.46,7.31,87.5,70.9,105.9,88.5,Healthy,Low,Rainfall Deviation
Sugarcane,22.07,95.01,114.59,12.87,7.5,101.7,89.4,81.0,78.2,Healthy,Low,Humidity Deviation
Sugarcane,48.52,91.19,2.54,49.87,7.93,137.1,86.2,49.2,5.0,High Risk,High,Temperature Deviation
Sugarcane,25.2,69.95,188.24,10.41,7.24,99.9,72.5,34.2,98.0,Healthy,Low,Optimal Conditions
Sugarcane,28.93,72.3,198.29,17.52,6.84,125.5,37.8,97.5,98.0,Healthy,Low,Optimal Conditions
Sugarcane,32.5,74.13,110.75,9.1,6.63,109.9,15.8,84.3,98.0,Healthy,Low,Optimal Conditions
Sugarcane,24.72,65.02,222.84,22.62,8.29,139.3,43.9,81.7,95.4,Healthy,Low,Optimal Conditions
Sugarcane,28.1,55.81,213.52,18.59,6.48,71.8,69.4,67.7,86.3,Healthy,Low,Humidity Deviation
Sugarcane,44.89,91.09,409.52,25.42,5.83,130.9,77.9,66.0,11.3,High Risk,High,Rainfall Deviation
Sugarcane,31.78,92.92,91.03,17.38,7.46,76.8,51.4,77.2,85.0,Healthy,Low,Humidity Deviation
Sugarcane,33.47,51.51,144.95,25.04,7.68,86.2,24.5,60.2,83.8,Healthy,Low,Humidity Deviation
Sugarcane,25.48,82.76,197.67,27.15,7.13,137.1,76.2,119.8,98.0,Healthy,Low,Optimal Conditions
Sugarcane,34.38,86.63,141.18,20.11,6.34,95.5,65.4,56.8,97.6,Healthy,Low,Optimal Conditions
Sugarcane,25.04,81.91,105.65,13.88,6.01,47.5,31.9,19.0,98.0,Healthy,Low,Optimal Conditions
Sugarcane,31.16,74.97,179.73,5.92,7.99,139.6,11.3,116.6,98.0,Healthy,Low,Optimal Conditions
Sugarcane,31.62,70.85,152.18,12.66,6.51,106.1,58.0,68.4,98.0,Healthy,Low,Optimal Conditions
Sugarcane,19.78,17.75,2.31,35.92,5.83,74.8,88.7,69.0,19.7,High Risk,High,Rainfall Deviation
Sugarcane,38.87,98.0,39.73,26.22,7.56,79.6,13.7,75.9,43.9,High Risk,High,Rainfall Deviation
Sugarcane,27.03,91.3,62.57,19.4,8.02,74.5,25.8,31.8,77.4,Healthy,Low,Rainfall Deviation
Sugarcane,24.74,98.0,166.26,19.04,6.39,36.9,40.3,85.6,80.5,Healthy,Low,Humidity Deviation
Sugarcane,30.38,76.86,158.71,12.94,5.83,46.2,74.0,67.7,98.0,Healthy,Low,Optimal Conditions
Sugarcane,17.04,72.9,172.64,22.93,7.12,85.2,37.1,89.2,75.6,Healthy,Low,Temperature Deviation
Sugarcane,41.66,10.59,1.56,28.12,7.12,98.0,51.3,34.2,8.9,High Risk,High,Rainfall Deviation
Sugarcane,18.73,88.02,235.48,15.39,6.62,59.5,71.7,111.2,69.9,At Risk,Moderate,Temperature Deviation
Sugarcane,19.59,19.65,0.07,27.64,7.89,69.6,66.0,86.6,19.6,High Risk,High,Rainfall Deviation
Sugarcane,33.05,57.25,202.63,28.84,8.03,79.9,45.8,94.9,90.2,Healthy,Low,Humidity Deviation
Sugarcane,21.61,82.86,200.32,17.13,7.58,44.4,26.2,88.1,91.6,Healthy,Low,Temperature Deviation
Sugarcane,48.88,88.1,318.36,53.17,6.95,102.2,83.2,71.8,5.0,High Risk,High,Temperature Deviation
Sugarcane,18.92,51.54,93.68,29.63,6.74,91.7,12.6,64.3,63.9,At Risk,Moderate,Temperature Deviation
Sugarcane,36.98,58.93,129.87,15.43,7.57,113.7,41.8,55.3,84.8,Healthy,Low,Temperature Deviation
Sugarcane,32.26,65.42,111.05,15.23,5.77,116.2,53.2,31.5,98.0,Healthy,Low,Optimal Conditions
Sugarcane,35.21,57.12,190.08,27.05,7.32,48.1,21.7,81.0,89.7,Healthy,Low,Humidity Deviation
Sugarcane,31.4,87.56,80.75,24.69,7.1,121.6,59.7,81.6,89.4,Healthy,Low,Rainfall Deviation
Sugarcane,28.57,71.89,101.14,9.7,6.86,92.0,84.8,40.1,98.0,Healthy,Low,Optimal Conditions
Sugarcane,33.56,83.84,148.8,6.73,6.86,33.1,80.7,89.4,98.0,Healthy,Low,Optimal Conditions
Sugarcane,33.75,77.76,195.33,19.71,5.51,34.4,53.8,115.4,98.0,Healthy,Low,Optimal Conditions
Sugarcane,50.14,96.9,393.15,27.59,6.64,60.5,72.8,58.1,5.0,High Risk,High,Temperature Deviation
Sugarcane,30.85,63.06,202.73,11.83,5.82,84.3,50.9,43.5,97.1,Healthy,Low,Optimal Conditions
Sugarcane,18.84,11.0,3.99,29.6,7.73,34.3,42.6,49.0,18.3,High Risk,High,Rainfall Deviation
Sugarcane,35.77,98.0,91.51,14.33,8.19,49.4,29.8,114.1,74.5,At Risk,Moderate,Humidity Deviation
Sugarcane,37.63,10.93,7.72,52.56,5.63,32.8,75.2,80.5,5.0,High Risk,High,Rainfall Deviation
Sugarcane,28.45,75.77,184.36,5.91,7.17,106.0,88.2,99.8,98.0,Healthy,Low,Optimal Conditions
Sugarcane,31.81,80.27,172.97,17.3,8.03,31.8,18.4,98.6,98.0,Healthy,Low,Optimal Conditions
Sugarcane,24.64,73.02,181.99,6.9,7.38,20.4,18.8,51.8,98.0,Healthy,Low,Optimal Conditions
Sugarcane,33.3,82.28,175.56,8.64,6.97,42.1,32.5,69.2,98.0,Healthy,Low,Optimal Conditions
Sugarcane,38.68,98.0,89.95,22.26,7.18,136.2,78.4,36.6,62.3,At Risk,Moderate,Humidity Deviation
Sugarcane,25.8,87.85,221.54,25.7,7.36,20.8,21.4,38.4,91.4,Healthy,Low,Optimal Conditions
Sugarcane,25.61,73.21,107.52,16.25,7.71,88.9,17.2,108.5,98.0,Healthy,Low,Optimal Conditions
Sugarcane,19.79,11.8,4.79,53.82,8.0,25.8,24.9,46.1,5.0,High Risk,High,Rainfall Deviation
Sugarcane,29.34,80.98,195.12,18.34,6.78,96.4,28.5,57.3,98.0,Healthy,Low,Optimal Conditions
Sugarcane,16.12,88.68,477.22,38.69,6.62,111.8,50.0,91.2,21.3,High Risk,High,Rainfall Deviation
Sugarcane,31.31,61.55,94.45,23.92,6.11,97.7,83.8,15.5,93.9,Healthy,Low,Optimal Conditions
Sugarcane,26.01,56.95,123.11,20.0,6.79,100.4,30.4,93.9,90.3,Healthy,Low,Humidity Deviation
Sugarcane,28.35,78.12,182.84,16.87,7.52,63.1,19.8,37.8,98.0,Healthy,Low,Optimal Conditions
Sugarcane,18.0,96.75,428.77,35.04,6.2,20.6,41.7,65.9,21.3,High Risk,High,Rainfall Deviation
Sugarcane,35.52,81.47,83.94,31.36,7.04,41.9,77.3,56.5,92.3,Healthy,Low,Rainfall Deviation
Sugarcane,38.67,89.31,5.74,36.19,6.61,49.8,13.1,48.5,44.1,High Risk,High,Rainfall Deviation
Sugarcane,26.85,90.97,231.01,16.95,7.74,105.8,73.3,113.4,84.8,Healthy,Low,Humidity Deviation
Sugarcane,39.13,48.85,91.79,31.94,7.34,130.7,44.9,89.6,61.2,At Risk,Moderate,Humidity Deviation
Sugarcane,30.86,98.0,38.14,11.46,6.78,108.5,22.6,43.5,58.8,At Risk,Moderate,Rainfall Deviation
Sugarcane,28.39,69.5,135.26,15.93,7.21,29.7,61.0,65.1,98.0,Healthy,Low,Optimal Conditions
Sugarcane,34.02,94.35,435.78,50.53,5.52,108.1,20.5,39.0,22.7,High Risk,High,Rainfall Deviation
Sugarcane,26.72,80.96,113.25,19.91,6.42,130.6,25.2,34.7,98.0,Healthy,Low,Optimal Conditions
Sugarcane,19.3,88.98,187.32,18.14,7.75,58.5,46.7,90.7,77.6,Healthy,Low,Temperature Deviation
Sugarcane,32.73,78.23,141.05,12.56,8.21,99.4,82.4,33.8,98.0,Healthy,Low,Optimal Conditions
Sugarcane,41.27,94.51,179.92,29.44,8.02,55.0,22.5,30.7,60.7,At Risk,Moderate,Temperature Deviation
Sugarcane,31.3,47.66,193.11,29.21,6.93,27.0,55.1,98.7,79.2,Healthy,Low,Humidity Deviation
Sugarcane,24.8,68.76,174.61,13.88,7.01,49.9,36.6,116.4,98.0,Healthy,Low,Optimal Conditions
Sugarcane,33.92,76.61,112.33,12.01,8.16,70.2,79.1,41.9,98.0,Healthy,Low,Optimal Conditions
Sugarcane,35.57,45.46,163.55,23.38,6.13,102.5,73.6,62.7,74.3,At Risk,Moderate,Humidity Deviation
Sugarcane,39.31,88.61,342.11,30.59,8.1,102.0,62.4,73.3,48.9,High Risk,High,Rainfall Deviation
Sugarcane,30.83,73.2,114.54,15.34,5.86,42.9,75.4,84.3,98.0,Healthy,Low,Optimal Conditions
Sugarcane,38.69,96.3,206.74,12.41,6.95,67.4,51.5,61.2,67.0,At Risk,Moderate,Humidity Deviation
Sugarcane,39.55,59.96,115.32,18.03,7.07,72.6,32.9,25.0,75.7,Healthy,Low,Temperature Deviation
Sugarcane,37.66,12.2,345.34,54.68,7.12,51.9,31.9,56.0,5.3,High Risk,High,Humidity Deviation
Sugarcane,38.04,89.91,159.66,26.87,7.14,30.3,77.9,72.4,80.5,Healthy,Low,Temperature Deviation
Sugarcane,38.75,22.64,4.88,58.9,8.12,69.4,73.2,83.7,5.0,High Risk,High,Rainfall Deviation
Sugarcane,29.89,79.95,189.59,17.94,5.93,78.6,48.3,109.4,98.0,Healthy,Low,Optimal Conditions
Sugarcane,32.13,77.37,192.16,11.85,7.34,136.7,69.5,22.1,98.0,Healthy,Low,Optimal Conditions
Sugarcane,33.04,71.7,170.59,15.5,8.28,76.4,69.0,20.1,98.0,Healthy,Low,Optimal Conditions
Sugarcane,40.84,57.82,151.99,20.93,7.62,27.7,43.3,85.8,68.0,At Risk,Moderate,Temperature Deviation
Sugarcane,27.58,66.29,165.13,19.56,7.82,137.0,77.6,104.8,98.0,Healthy,Low,Optimal Conditions
Sugarcane,24.09,78.86,184.04,14.97,6.48,98.3,81.4,55.4,98.0,Healthy,Low,Optimal Conditions
Sugarcane,33.76,59.93,139.99,18.36,7.98,50.3,46.3,82.1,93.9,Healthy,Low,Humidity Deviation
Sugarcane,22.63,24.61,4.45,35.64,7.73,136.5,77.2,110.5,30.8,High Risk,High,Rainfall Deviation
Sugarcane,27.32,94.76,210.01,31.66,6.1,105.7,52.7,100.8,83.4,Healthy,Low,Humidity Deviation
Sugarcane,35.55,87.98,203.67,26.0,6.88,28.0,81.2,108.5,92.6,Healthy,Low,Optimal Conditions
Sugarcane,34.05,80.16,140.08,9.97,8.23,105.5,40.3,82.4,98.0,Healthy,Low,Optimal Conditions
Sugarcane,21.59,98.0,207.16,10.05,8.21,47.8,83.4,26.4,70.6,At Risk,Moderate,Humidity Deviation
Sugarcane,26.58,84.92,100.46,14.59,7.94,100.7,39.0,115.6,98.0,Healthy,Low,Optimal Conditions
Sugarcane,19.28,92.41,360.4,26.61,7.35,113.0,27.0,43.7,40.3,High Risk,High,Rainfall Deviation
Sugarcane,27.27,67.2,137.03,10.53,7.76,116.1,73.7,74.5,98.0,Healthy,Low,Optimal Conditions
Sugarcane,28.52,71.35,158.19,19.07,6.3,75.1,62.4,103.7,98.0,Healthy,Low,Optimal Conditions
Sugarcane,27.08,82.7,108.03,14.08,7.91,130.6,11.0,53.8,98.0,Healthy,Low,Optimal Conditions
Sugarcane,30.25,77.66,199.98,12.69,7.04,69.7,21.8,46.8,98.0,Healthy,Low,Optimal Conditions
Sugarcane,32.81,75.92,129.62,12.34,6.11,42.2,78.8,114.2,98.0,Healthy,Low,Optimal Conditions
Sugarcane,32.41,74.07,138.9,15.34,6.25,22.5,27.1,34.4,98.0,Healthy,Low,Optimal Conditions
Sugarcane,27.53,74.49,173.58,9.88,6.04,47.7,81.3,36.5,98.0,Healthy,Low,Optimal Conditions
Sugarcane,36.35,95.48,5.88,47.14,7.01,38.1,46.9,72.2,27.7,High Risk,High,Rainfall Deviation
Sugarcane,23.43,98.41,1.42,45.63,7.69,35.1,61.1,115.1,27.5,High Risk,High,Rainfall Deviation
Sugarcane,32.18,71.42,181.71,15.46,8.09,105.4,42.8,16.1,98.0,Healthy,Low,Optimal Conditions
Sugarcane,22.85,97.08,93.14,28.84,6.95,47.8,11.2,83.6,75.5,Healthy,Low,Humidity Deviation
Sugarcane,37.12,91.2,59.78,23.85,7.1,86.9,76.1,34.3,68.1,At Risk,Moderate,Rainfall Deviation
Sugarcane,20.17,88.83,75.06,21.99,8.23,103.4,49.3,96.6,72.1,At Risk,Moderate,Temperature Deviation
Sugarcane,31.32,98.0,107.88,31.18,6.74,52.1,14.8,92.0,80.5,Healthy,Low,Humidity Deviation
Sugarcane,24.61,98.0,169.27,12.15,7.3,41.7,30.6,108.3,80.5,Healthy,Low,Humidity Deviation
Sugarcane,30.23,72.95,107.4,10.44,6.64,127.5,36.0,54.8,98.0,Healthy,Low,Optimal Conditions
Sugarcane,30.28,51.22,84.21,20.52,7.34,118.8,40.0,111.3,77.9,Healthy,Low,Humidity Deviation
Sugarcane,29.84,84.23,193.82,15.44,6.41,46.3,16.4,89.4,98.0,Healthy,Low,Optimal Conditions
Sugarcane,30.62,98.0,53.78,15.26,7.42,123.1,41.0,106.9,64.3,At Risk,Moderate,Humidity Deviation
Sugarcane,26.17,71.59,160.94,10.51,7.38,48.4,66.1,51.5,98.0,Healthy,Low,Optimal Conditions
Sugarcane,27.3,56.9,227.87,25.78,7.71,108.0,46.1,31.7,84.7,Healthy,Low,Humidity Deviation
Sugarcane,26.28,72.23,148.93,19.39,8.19,112.4,88.4,119.8,98.0,Healthy,Low,Optimal Conditions
Sugarcane,41.68,14.99,376.67,32.75,6.59,81.9,50.5,94.2,7.9,High Risk,High,Rainfall Deviation
Sugarcane,34.41,71.86,130.02,15.28,7.76,65.4,69.7,107.8,98.0,Healthy,Low,Optimal Conditions
Sugarcane,23.52,60.16,86.49,29.02,7.13,107.5,28.9,42.7,87.8,Healthy,Low,Humidity Deviation
Sugarcane,31.57,71.98,140.51,15.64,8.22,39.4,15.0,35.5,98.0,Healthy,Low,Optimal Conditions
Sugarcane,26.09,51.96,151.13,13.49,8.15,118.9,87.8,33.9,84.3,Healthy,Low,Humidity Deviation
Sugarcane,24.19,79.49,164.41,7.67,7.72,55.9,20.8,59.4,98.0,Healthy,Low,Optimal Conditions
Sugarcane,26.9,72.43,185.19,16.89,6.74,106.9,55.5,50.8,98.0,Healthy,Low,Optimal Conditions
Sugarcane,34.95,52.45,81.59,25.14,6.36,65.0,68.0,65.5,78.5,Healthy,Low,Humidity Deviation
Sugarcane,33.73,94.23,214.1,31.74,7.44,131.8,19.4,21.4,83.3,Healthy,Low,Humidity Deviation
Sugarcane,25.5,75.52,151.9,13.63,7.59,136.6,80.3,27.4,98.0,Healthy,Low,Optimal Conditions
Sugarcane,26.81,68.54,154.47,13.3,6.14,105.4,68.6,17.2,98.0,Healthy,Low,Optimal Conditions
Sugarcane,33.79,75.41,134.76,8.81,6.18,32.0,75.4,24.1,98.0,Healthy,Low,Optimal Conditions
Sugarcane,24.5,80.63,103.93,9.62,7.11,69.1,32.6,43.9,98.0,Healthy,Low,Optimal Conditions
Sugarcane,28.77,90.73,164.49,10.17,6.46,110.2,86.8,60.3,91.4,Healthy,Low,Humidity Deviation
Sugarcane,28.91,73.56,162.59,16.01,7.7,98.0,45.0,114.8,98.0,Healthy,Low,Optimal Conditions
Sugarcane,36.74,58.72,237.54,21.74,6.31,98.9,32.0,101.1,78.0,Healthy,Low,Humidity Deviation
Sugarcane,34.87,77.1,184.44,6.09,6.48,108.5,62.4,35.4,98.0,Healthy,Low,Optimal Conditions
Sugarcane,26.9,77.27,134.46,9.64,6.08,69.1,25.6,116.1,98.0,Healthy,Low,Optimal Conditions
Sugarcane,34.05,73.57,137.79,8.47,7.28,102.3,47.4,20.8,98.0,Healthy,Low,Optimal Conditions
Sugarcane,48.8,15.0,391.21,52.47,5.53,102.5,35.5,38.5,5.0,High Risk,High,Temperature Deviation
Sugarcane,36.9,92.32,7.2,43.7,8.17,33.6,26.6,116.1,35.9,High Risk,High,Rainfall Deviation
Sugarcane,20.96,90.84,311.61,33.16,6.08,123.0,25.2,119.7,58.3,At Risk,Moderate,Rainfall Deviation
Sugarcane,24.93,78.82,160.96,20.0,7.75,71.5,64.1,100.9,98.0,Healthy,Low,Optimal Conditions
Sugarcane,38.19,49.89,141.42,26.5,7.32,107.9,17.0,91.3,69.1,At Risk,Moderate,Humidity Deviation
Sugarcane,27.73,83.85,150.29,19.51,5.75,77.3,15.0,81.2,98.0,Healthy,Low,Optimal Conditions
Sugarcane,25.93,70.18,174.87,7.46,7.87,35.8,12.8,56.5,98.0,Healthy,Low,Optimal Conditions
Sugarcane,38.82,16.43,392.01,47.85,5.86,65.4,83.9,79.8,5.0,High Risk,High,Rainfall Deviation
Sugarcane,26.55,87.61,129.77,27.78,7.05,20.2,60.9,93.6,96.1,Healthy,Low,Optimal Conditions
Sugarcane,29.11,84.31,129.81,8.35,6.09,87.1,86.0,78.9,98.0,Healthy,Low,Optimal Conditions
Sugarcane,31.02,77.5,159.69,7.39,7.28,71.6,11.5,71.7,98.0,Healthy,Low,Optimal Conditions
Sugarcane,40.78,11.0,2.74,50.55,7.51,30.9,84.3,64.3,5.0,High Risk,High,Rainfall Deviation
Sugarcane,18.27,88.47,405.07,33.5,5.97,91.1,70.9,49.9,34.7,High Risk,High,Rainfall Deviation
Sugarcane,34.9,59.61,129.99,10.86,5.67,30.9,72.1,34.9,93.5,Healthy,Low,Humidity Deviation
Sugarcane,33.85,94.42,239.55,28.98,6.95,61.7,61.2,61.8,78.0,Healthy,Low,Humidity Deviation
Sugarcane,28.16,84.88,104.85,15.45,7.86,97.8,55.6,89.3,98.0,Healthy,Low,Optimal Conditions
Sugarcane,25.0,84.25,143.23,14.98,6.99,26.6,86.2,98.2,98.0,Healthy,Low,Optimal Conditions
Sugarcane,34.8,79.74,147.23,14.17,5.8,87.2,15.9,72.2,98.0,Healthy,Low,Optimal Conditions
Sugarcane,24.82,98.0,78.33,14.17,7.14,43.6,74.4,47.1,72.9,At Risk,Moderate,Humidity Deviation
Chickpea,23.7,51.18,65.49,11.19,6.53,80.7,14.9,31.2,98.0,Healthy,Low,Optimal Conditions
Chickpea,23.17,54.68,37.73,9.15,8.33,30.3,53.8,69.8,98.0,Healthy,Low,Optimal Conditions
Chickpea,23.03,61.02,71.98,22.72,8.39,66.2,82.1,101.2,97.3,Healthy,Low,Optimal Conditions
Chickpea,17.64,39.66,86.08,18.33,5.59,108.0,73.3,72.0,90.4,Healthy,Low,Rainfall Deviation
Chickpea,23.51,43.85,47.58,5.37,5.99,132.9,56.2,99.6,98.0,Healthy,Low,Optimal Conditions
Chickpea,10.86,66.47,60.39,17.34,7.17,61.5,43.3,98.7,75.8,Healthy,Low,Temperature Deviation
Chickpea,21.19,50.11,42.2,15.91,7.15,77.3,63.4,99.2,98.0,Healthy,Low,Optimal Conditions
Chickpea,3.21,98.8,142.24,55.29,6.35,64.0,58.7,106.3,5.0,High Risk,High,Temperature Deviation
Chickpea,10.01,11.74,5.33,30.34,6.73,114.8,81.2,88.8,23.8,High Risk,High,Humidity Deviation
Chickpea,21.7,44.82,42.61,7.94,7.83,97.8,58.9,85.1,98.0,Healthy,Low,Optimal Conditions
Chickpea,19.45,52.67,55.46,16.88,6.36,112.4,45.2,85.4,98.0,Healthy,Low,Optimal Conditions
Chickpea,27.72,62.1,53.38,16.0,6.16,85.0,79.5,96.2,86.0,Healthy,Low,Temperature Deviation
Chickpea,15.07,75.81,42.24,25.7,5.57,89.6,77.2,54.9,76.3,Healthy,Low,Humidity Deviation
Chickpea,22.14,58.59,58.69,13.68,6.19,21.8,65.6,39.3,98.0,Healthy,Low,Optimal Conditions
Chickpea,5.47,91.44,9.38,25.71,7.67,125.7,55.5,17.7,7.6,High Risk,High,Humidity Deviation
Chickpea,19.38,51.75,49.85,18.74,8.32,32.9,21.1,52.6,98.0,Healthy,Low,Optimal Conditions
Chickpea,20.86,55.46,35.43,17.04,7.33,137.7,62.1,90.2,98.0,Healthy,Low,Optimal Conditions
Chickpea,22.69,41.59,56.26,5.83,5.85,32.9,14.2,48.7,98.0,Healthy,Low,Optimal Conditions
Chickpea,35.56,13.66,1.92,46.53,6.84,39.0,52.5,44.6,5.0,High Risk,High,Temperature Deviation
Chickpea,19.67,51.8,31.88,11.03,6.27,23.7,20.1,29.6,98.0,Healthy,Low,Optimal Conditions
Chickpea,23.03,48.79,35.88,6.5,6.39,115.8,39.2,31.8,98.0,Healthy,Low,Optimal Conditions
Chickpea,20.55,40.59,55.11,10.93,5.53,100.9,67.0,81.0,98.0,Healthy,Low,Optimal Conditions
Chickpea,20.3,47.74,58.02,13.75,5.75,97.2,65.0,53.9,98.0,Healthy,Low,Optimal Conditions
Chickpea,11.94,16.48,8.14,44.0,7.87,65.1,89.6,114.3,22.1,High Risk,High,Humidity Deviation
Chickpea,23.96,53.61,50.08,13.74,8.03,134.1,54.8,34.0,98.0,Healthy,Low,Optimal Conditions
Chickpea,24.07,26.12,54.09,24.69,8.09,134.8,20.1,25.1,83.3,Healthy,Low,Humidity Deviation
Chickpea,35.74,98.77,2.38,47.39,6.5,110.4,31.7,81.1,5.0,High Risk,High,Temperature Deviation
Chickpea,21.29,59.03,39.41,16.67,6.38,104.9,66.0,34.4,98.0,Healthy,Low,Optimal Conditions
Chickpea,12.38,65.27,69.46,13.77,7.79,63.7,75.4,25.3,82.9,Healthy,Low,Temperature Deviation
Chickpea,25.41,38.71,57.93,13.36,7.81,72.3,24.2,94.7,96.8,Healthy,Low,Optimal Conditions
Chickpea,34.63,97.61,167.26,32.09,6.57,137.6,88.7,38.4,5.0,High Risk,High,Rainfall Deviation
Chickpea,17.71,47.95,47.64,14.28,8.2,59.6,78.0,24.8,98.0,Healthy,Low,Optimal Conditions
Chickpea,20.04,41.19,45.7,18.45,6.22,104.7,34.2,19.7,98.0,Healthy,Low,Optimal Conditions
Chickpea,29.81,32.29,80.18,21.79,5.85,98.2,15.3,25.5,65.7,At Risk,Moderate,Temperature Deviation
Chickpea,18.71,49.24,43.57,5.51,5.97,33.8,44.5,37.3,98.0,Healthy,Low,Optimal Conditions
Chickpea,19.72,44.71,39.84,17.5,7.14,122.8,51.2,110.5,98.0,Healthy,Low,Optimal Conditions
Chickpea,21.17,50.06,66.75,11.28,8.06,87.7,66.7,108.1,98.0,Healthy,Low,Optimal Conditions
Chickpea,12.38,89.02,145.66,41.33,8.01,124.7,13.9,31.9,6.3,High Risk,High,Rainfall Deviation
Chickpea,20.95,47.22,63.76,15.75,5.8,94.9,19.0,41.8,98.0,Healthy,Low,Optimal Conditions
Chickpea,16.73,52.33,52.54,7.64,8.47,70.6,17.8,27.7,98.0,Healthy,Low,Optimal Conditions
Chickpea,26.25,65.38,65.73,27.46,7.17,132.4,19.0,28.7,86.9,Healthy,Low,Humidity Deviation
Chickpea,31.84,96.51,119.11,54.7,6.28,43.4,35.1,62.5,5.0,High Risk,High,Humidity Deviation
Chickpea,34.91,11.15,152.89,40.09,7.2,119.5,36.1,115.4,5.0,High Risk,High,Rainfall Deviation
Chickpea,29.77,34.73,72.95,27.52,6.85,34.6,54.7,42.8,72.9,At Risk,Moderate,Temperature Deviation
Chickpea,15.17,47.66,62.35,13.14,5.53,76.4,33.3,65.1,98.0,Healthy,Low,Optimal Conditions
Chickpea,24.32,40.82,57.34,17.77,8.38,41.3,52.5,19.6,98.0,Healthy,Low,Optimal Conditions
Chickpea,31.46,68.12,43.6,13.6,6.35,113.8,46.8,119.3,62.0,At Risk,Moderate,Temperature Deviation
Chickpea,19.63,46.01,39.45,18.83,7.75,60.0,66.0,116.4,98.0,Healthy,Low,Optimal Conditions
Chickpea,17.65,44.01,64.79,7.69,6.42,85.3,59.7,99.9,98.0,Healthy,Low,Optimal Conditions
Chickpea,20.34,59.31,41.89,8.72,7.63,112.5,43.2,37.4,98.0,Healthy,Low,Optimal Conditions
Chickpea,18.76,69.72,39.73,23.13,7.5,44.0,31.5,61.2,85.4,Healthy,Low,Humidity Deviation
Chickpea,22.74,47.35,36.5,8.77,6.14,107.8,47.6,89.4,98.0,Healthy,Low,Optimal Conditions
Chickpea,23.9,59.67,56.79,17.96,7.02,132.2,76.5,119.1,98.0,Healthy,Low,Optimal Conditions
Chickpea,13.91,73.2,61.01,22.3,8.16,89.5,28.2,23.3,76.4,Healthy,Low,Humidity Deviation
Chickpea,13.49,36.03,59.7,19.49,5.66,139.1,50.6,17.5,90.0,Healthy,Low,Temperature Deviation
Chickpea,12.52,65.25,26.97,11.34,6.07,73.5,50.3,43.3,79.9,Healthy,Low,Temperature Deviation
Chickpea,22.56,77.34,30.93,22.17,6.5,49.2,75.2,26.2,74.0,At Risk,Moderate,Humidity Deviation
Chickpea,22.22,73.51,11.43,17.68,5.75,122.4,66.2,99.0,58.1,At Risk,Moderate,Rainfall Deviation
Chickpea,11.08,71.01,14.49,25.68,6.09,35.6,37.0,96.0,51.7,At Risk,Moderate,Rainfall Deviation
Chickpea,17.3,40.17,68.74,13.88,7.66,98.2,21.5,77.5,98.0,Healthy,Low,Optimal Conditions
Chickpea,19.01,51.38,52.36,6.79,5.6,115.8,68.1,23.6,98.0,Healthy,Low,Optimal Conditions
Chickpea,23.93,55.38,69.85,8.81,6.96,48.4,59.8,27.1,98.0,Healthy,Low,Optimal Conditions
Chickpea,15.72,53.87,49.76,14.27,8.14,108.8,46.9,118.4,98.0,Healthy,Low,Optimal Conditions
Chickpea,31.01,64.43,17.39,25.41,5.54,101.9,77.6,64.3,54.6,At Risk,Moderate,Temperature Deviation
Chickpea,37.79,12.55,6.49,58.98,6.57,135.0,13.1,112.3,5.0,High Risk,High,Temperature Deviation
Chickpea,24.12,41.12,67.93,8.01,6.41,78.9,40.5,85.1,98.0,Healthy,Low,Optimal Conditions
Chickpea,4.83,21.22,8.86,42.31,5.62,38.6,20.3,33.0,6.3,High Risk,High,Temperature Deviation
Chickpea,23.59,51.2,45.33,11.15,6.89,28.9,32.0,104.4,98.0,Healthy,Low,Optimal Conditions
Chickpea,17.19,69.03,28.01,28.65,8.26,84.4,27.2,111.2,84.1,Healthy,Low,Humidity Deviation
Chickpea,15.48,46.55,59.08,18.85,7.41,134.2,17.4,21.4,98.0,Healthy,Low,Optimal Conditions
Chickpea,30.99,58.21,45.26,17.58,6.4,101.1,54.1,29.5,76.0,Healthy,Low,Temperature Deviation
Chickpea,11.08,88.83,3.65,35.17,6.76,73.4,82.8,25.9,20.3,High Risk,High,Humidity Deviation
Chickpea,20.38,53.97,55.23,19.12,7.89,86.8,27.2,62.3,98.0,Healthy,Low,Optimal Conditions
Chickpea,24.49,58.26,46.52,22.09,5.95,132.9,10.0,94.3,98.0,Healthy,Low,Optimal Conditions
Chickpea,23.46,41.2,68.12,6.52,7.86,82.1,44.4,44.4,98.0,Healthy,Low,Optimal Conditions
Chickpea,31.89,18.44,134.37,43.06,6.21,43.2,86.3,36.3,5.0,High Risk,High,Rainfall Deviation
Chickpea,28.77,10.32,9.62,32.23,8.29,21.1,56.7,106.4,31.2,High Risk,High,Humidity Deviation
Chickpea,20.9,41.01,62.58,9.12,8.47,130.6,68.6,67.2,98.0,Healthy,Low,Optimal Conditions
Chickpea,17.47,36.44,64.71,30.93,5.74,89.9,83.2,16.0,95.7,Healthy,Low,Optimal Conditions
Chickpea,31.05,44.27,25.37,17.83,8.13,72.6,55.4,33.8,70.4,At Risk,Moderate,Temperature Deviation
Chickpea,16.79,68.41,82.6,22.34,7.5,33.5,21.5,63.8,80.2,Healthy,Low,Humidity Deviation
Chickpea,3.58,95.17,8.6,54.63,8.36,22.5,38.2,85.2,5.0,High Risk,High,Temperature Deviation
Chickpea,31.71,64.38,54.96,24.68,6.74,101.6,42.1,27.0,66.6,At Risk,Moderate,Temperature Deviation
Chickpea,24.74,64.85,37.3,30.41,7.23,35.6,24.1,28.9,92.7,Healthy,Low,Humidity Deviation
Chickpea,18.79,55.94,37.65,15.88,6.97,140.0,72.1,116.7,98.0,Healthy,Low,Optimal Conditions
Chickpea,16.23,50.12,34.97,12.39,6.31,78.9,86.0,45.3,98.0,Healthy,Low,Optimal Conditions
Chickpea,34.5,21.96,7.24,43.41,5.53,77.1,36.9,85.9,5.0,High Risk,High,Temperature Deviation
Chickpea,21.39,21.95,79.89,19.94,6.25,58.0,70.2,82.2,72.7,At Risk,Moderate,Humidity Deviation
Chickpea,30.72,40.99,46.86,15.74,5.87,71.0,85.5,67.6,77.1,Healthy,Low,Temperature Deviation
Chickpea,22.07,80.04,80.07,26.64,7.7,27.7,41.9,24.0,64.2,At Risk,Moderate,Humidity Deviation
Chickpea,20.7,57.58,41.32,14.35,5.99,62.5,85.8,93.5,98.0,Healthy,Low,Optimal Conditions
Chickpea,23.57,27.71,43.3,13.75,5.92,94.8,34.9,61.3,85.3,Healthy,Low,Humidity Deviation
Chickpea,21.48,49.4,68.54,10.29,7.72,50.9,50.7,73.0,98.0,Healthy,Low,Optimal Conditions
Chickpea,19.72,45.59,30.24,8.23,7.6,112.5,32.4,57.8,98.0,Healthy,Low,Optimal Conditions
Chickpea,17.37,55.58,54.24,8.09,6.27,118.0,26.7,50.1,98.0,Healthy,Low,Optimal Conditions
Chickpea,29.31,68.12,24.77,23.74,6.38,39.0,82.5,88.0,64.5,At Risk,Moderate,Temperature Deviation
Chickpea,18.61,54.82,61.64,7.65,8.31,114.2,78.5,30.1,98.0,Healthy,Low,Optimal Conditions
Chickpea,18.05,41.29,33.64,7.15,7.64,23.6,16.7,114.1,98.0,Healthy,Low,Optimal Conditions
Chickpea,20.37,52.85,68.34,18.5,6.82,133.1,44.6,85.3,98.0,Healthy,Low,Optimal Conditions
Chickpea,21.37,50.76,54.27,15.24,6.02,56.2,68.9,32.2,98.0,Healthy,Low,Optimal Conditions
Chickpea,21.66,58.75,33.01,12.75,5.75,65.5,24.0,83.2,98.0,Healthy,Low,Optimal Conditions
Chickpea,23.77,64.72,41.53,31.67,6.39,97.4,78.4,75.9,92.9,Healthy,Low,Humidity Deviation
Chickpea,16.43,31.21,69.95,25.35,5.63,66.9,80.5,31.9,89.5,Healthy,Low,Humidity Deviation
Chickpea,19.05,47.12,52.49,19.94,6.27,104.6,70.6,76.4,98.0,Healthy,Low,Optimal Conditions
Chickpea,20.72,59.07,43.68,14.6,8.38,115.8,65.1,117.0,98.0,Healthy,Low,Optimal Conditions
Chickpea,22.73,48.14,44.42,12.81,5.6,57.5,23.3,29.6,98.0,Healthy,Low,Optimal Conditions
Chickpea,23.02,44.02,51.26,16.23,6.22,130.9,79.3,41.4,98.0,Healthy,Low,Optimal Conditions
Chickpea,30.3,24.01,7.12,46.73,6.71,23.1,48.1,61.4,15.3,High Risk,High,Rainfall Deviation
Chickpea,16.43,37.43,47.77,29.43,8.28,50.7,39.4,118.3,96.9,Healthy,Low,Optimal Conditions
Chickpea,14.6,23.01,19.38,28.39,8.19,39.5,73.0,92.8,65.8,At Risk,Moderate,Humidity Deviation
Chickpea,19.22,48.46,60.4,17.56,5.78,87.6,70.9,97.6,98.0,Healthy,Low,Optimal Conditions
Chickpea,20.26,57.15,42.74,11.38,7.91,30.7,78.8,47.7,98.0,Healthy,Low,Optimal Conditions
Chickpea,17.34,41.79,33.7,15.39,6.14,132.2,51.3,63.3,98.0,Healthy,Low,Optimal Conditions
Chickpea,21.93,49.05,35.14,18.2,6.79,28.9,52.3,83.0,98.0,Healthy,Low,Optimal Conditions
Chickpea,23.0,53.4,56.01,11.31,8.39,52.9,56.2,47.5,98.0,Healthy,Low,Optimal Conditions
Chickpea,26.67,30.31,49.43,24.17,8.26,73.5,48.9,40.0,81.7,Healthy,Low,Humidity Deviation
Chickpea,17.86,47.01,30.82,5.62,7.54,101.8,36.4,108.0,98.0,Healthy,Low,Optimal Conditions
Chickpea,18.96,54.63,59.74,17.92,5.59,42.1,61.2,50.5,98.0,Healthy,Low,Optimal Conditions
Chickpea,20.86,47.86,44.56,8.97,5.52,41.9,47.9,44.0,98.0,Healthy,Low,Optimal Conditions
Chickpea,6.21,89.22,140.46,52.9,6.84,58.9,69.1,79.5,5.0,High Risk,High,Rainfall Deviation
Chickpea,31.88,35.1,33.55,31.06,8.42,97.0,38.8,100.8,66.6,At Risk,Moderate,Temperature Deviation
Chickpea,17.91,59.71,62.57,19.09,7.28,68.9,88.4,47.5,98.0,Healthy,Low,Optimal Conditions
Chickpea,30.24,35.2,80.35,27.19,7.67,84.0,80.7,62.2,67.3,At Risk,Moderate,Temperature Deviation
Chickpea,23.38,45.59,32.15,6.89,7.33,92.8,30.8,91.4,98.0,Healthy,Low,Optimal Conditions
Chickpea,12.46,23.86,20.26,31.24,6.78,91.8,32.3,94.6,60.4,At Risk,Moderate,Humidity Deviation
Chickpea,22.87,44.61,33.92,12.18,7.94,66.2,12.3,73.1,98.0,Healthy,Low,Optimal Conditions
Chickpea,23.46,27.83,84.79,27.88,8.21,23.6,21.2,23.9,76.9,Healthy,Low,Humidity Deviation
Chickpea,19.42,52.84,50.03,18.55,8.32,39.6,78.2,65.6,98.0,Healthy,Low,Optimal Conditions
Chickpea,27.94,37.44,66.89,16.86,7.12,50.6,59.7,62.0,85.2,Healthy,Low,Temperature Deviation
Chickpea,10.22,31.77,46.68,25.1,6.96,114.9,75.2,39.2,73.4,At Risk,Moderate,Temperature Deviation
Chickpea,22.03,59.56,47.87,8.89,5.97,54.5,36.2,59.5,98.0,Healthy,Low,Optimal Conditions
Chickpea,11.93,72.8,36.27,18.03,7.0,139.9,51.5,116.2,70.1,At Risk,Moderate,Humidity Deviation
Chickpea,22.21,52.54,57.41,13.56,5.63,37.9,83.8,39.5,98.0,Healthy,Low,Optimal Conditions
Chickpea,4.46,89.78,165.78,39.57,6.43,114.5,14.0,35.6,5.0,High Risk,High,Rainfall Deviation
Chickpea,24.93,51.42,35.56,9.08,6.0,35.0,73.8,67.1,98.0,Healthy,Low,Optimal Conditions
Chickpea,12.73,38.42,67.04,27.22,7.95,25.5,66.7,90.6,90.1,Healthy,Low,Temperature Deviation
Chickpea,16.13,54.99,39.98,5.03,6.17,23.7,29.9,50.2,98.0,Healthy,Low,Optimal Conditions
Chickpea,24.2,44.65,48.7,19.36,8.14,57.1,36.1,77.3,98.0,Healthy,Low,Optimal Conditions
Chickpea,33.18,98.02,119.38,56.41,6.15,96.4,80.5,18.7,5.0,High Risk,High,Humidity Deviation
Chickpea,33.22,15.59,171.35,28.57,6.4,79.4,86.7,22.6,5.0,High Risk,High,Rainfall Deviation
Chickpea,24.26,57.96,64.61,9.63,8.04,80.6,59.6,40.1,98.0,Healthy,Low,Optimal Conditions
Chickpea,27.0,58.09,83.8,13.25,7.28,126.3,65.0,107.5,84.1,Healthy,Low,Temperature Deviation
Chickpea,17.72,57.03,45.76,15.65,5.94,110.7,53.9,43.2,98.0,Healthy,Low,Optimal Conditions
Chickpea,19.87,62.53,86.48,14.49,6.08,95.1,53.5,16.0,86.8,Healthy,Low,Rainfall Deviation
Chickpea,24.07,57.97,38.16,10.73,7.18,122.3,52.6,116.7,98.0,Healthy,Low,Optimal Conditions
Chickpea,27.83,22.61,37.44,21.93,7.8,67.2,45.2,71.2,67.8,At Risk,Moderate,Humidity Deviation
Chickpea,24.15,57.03,48.2,5.0,8.2,34.9,29.6,31.0,98.0,Healthy,Low,Optimal Conditions
Chickpea,23.03,51.59,68.24,8.47,6.96,137.3,76.1,91.5,98.0,Healthy,Low,Optimal Conditions
Chickpea,22.69,46.95,51.22,14.14,7.33,107.2,62.9,22.2,98.0,Healthy,Low,Optimal Conditions
Chickpea,25.69,36.5,28.29,16.86,6.8,23.9,81.2,72.9,91.1,Healthy,Low,Optimal Conditions
Chickpea,17.88,59.67,53.72,9.37,6.78,51.0,12.5,103.4,98.0,Healthy,Low,Optimal Conditions
Chickpea,23.38,49.57,37.32,17.03,6.63,104.9,77.0,116.1,98.0,Healthy,Low,Optimal Conditions
Chickpea,15.08,50.97,40.57,12.04,5.72,80.2,20.0,103.1,98.0,Healthy,Low,Optimal Conditions
Chickpea,14.37,28.3,48.8,23.37,7.68,77.8,29.7,80.2,83.8,Healthy,Low,Humidity Deviation
Chickpea,32.07,32.25,50.0,30.45,6.9,36.1,44.0,78.3,62.4,At Risk,Moderate,Temperature Deviation
Chickpea,22.88,24.16,40.42,28.38,8.15,69.9,37.7,21.1,81.0,Healthy,Low,Humidity Deviation
Chickpea,30.56,98.16,124.79,28.46,6.02,101.6,11.3,107.8,11.5,High Risk,High,Humidity Deviation
Chickpea,13.69,45.07,59.81,15.39,8.47,28.0,77.5,52.3,95.4,Healthy,Low,Optimal Conditions
Chickpea,23.32,41.81,44.17,19.28,7.6,110.6,70.6,21.4,98.0,Healthy,Low,Optimal Conditions
Chickpea,19.91,47.36,46.44,16.72,5.54,99.3,10.0,21.6,98.0,Healthy,Low,Optimal Conditions
Chickpea,23.41,42.9,52.18,15.18,6.19,81.5,82.9,68.8,98.0,Healthy,Low,Optimal Conditions
Chickpea,21.28,51.84,31.08,6.36,5.97,36.4,30.8,62.7,98.0,Healthy,Low,Optimal Conditions
Chickpea,23.91,52.24,65.05,12.91,5.77,75.6,75.8,35.4,98.0,Healthy,Low,Optimal Conditions
Chickpea,18.29,47.78,42.25,7.03,6.25,101.9,40.9,81.4,98.0,Healthy,Low,Optimal Conditions
Chickpea,28.33,38.28,75.12,27.77,7.62,73.8,34.9,116.1,81.7,Healthy,Low,Temperature Deviation
Chickpea,15.44,40.18,61.0,5.85,7.12,64.1,21.8,92.8,98.0,Healthy,Low,Optimal Conditions
Chickpea,18.18,51.24,46.1,8.89,8.28,131.7,43.3,56.3,98.0,Healthy,Low,Optimal Conditions
Chickpea,23.56,51.36,33.58,17.8,7.1,69.9,37.0,25.4,98.0,Healthy,Low,Optimal Conditions
Chickpea,2.0,96.58,4.27,48.69,7.03,133.2,41.9,39.1,5.0,High Risk,High,Temperature Deviation
Chickpea,23.53,49.96,44.17,13.16,5.9,20.6,32.4,78.5,98.0,Healthy,Low,Optimal Conditions
Chickpea,27.84,20.39,85.46,13.56,7.43,117.6,82.4,44.0,56.3,At Risk,Moderate,Humidity Deviation
Chickpea,17.48,51.55,66.75,13.74,8.26,112.4,57.9,17.3,98.0,Healthy,Low,Optimal Conditions
Chickpea,15.57,46.44,32.49,7.52,6.73,81.8,27.4,91.9,98.0,Healthy,Low,Optimal Conditions
Chickpea,16.93,68.79,32.65,21.84,8.42,67.9,27.6,32.5,86.8,Healthy,Low,Humidity Deviation
Chickpea,16.93,55.25,32.44,19.96,7.07,85.3,38.6,87.5,98.0,Healthy,Low,Optimal Conditions
Chickpea,13.31,34.36,37.57,31.66,7.24,122.0,87.1,86.9,87.3,Healthy,Low,Humidity Deviation
Chickpea,18.09,41.43,47.11,18.73,6.93,129.3,75.4,118.3,98.0,Healthy,Low,Optimal Conditions
Chickpea,34.08,17.21,131.56,30.21,8.06,94.2,58.8,111.7,5.0,High Risk,High,Temperature Deviation
Chickpea,17.4,50.26,60.03,11.71,7.4,74.3,58.8,101.3,98.0,Healthy,Low,Optimal Conditions
Chickpea,21.95,55.75,47.88,9.85,5.54,115.7,36.2,52.5,98.0,Healthy,Low,Optimal Conditions
Chickpea,19.99,54.05,60.87,10.89,7.49,106.5,33.8,25.1,98.0,Healthy,Low,Optimal Conditions
Chickpea,9.45,21.48,8.48,43.78,5.61,97.2,51.4,38.1,20.1,High Risk,High,Rainfall Deviation
Chickpea,21.43,46.67,76.62,10.13,6.71,25.0,63.9,116.7,96.2,Healthy,Low,Optimal Conditions
Chickpea,27.4,37.87,43.58,18.29,7.24,81.8,52.0,102.1,87.9,Healthy,Low,Temperature Deviation
Chickpea,19.34,32.24,38.61,18.79,7.67,134.4,70.3,33.8,90.7,Healthy,Low,Humidity Deviation
Chickpea,33.38,88.69,3.32,36.84,5.99,32.3,10.1,36.7,5.0,High Risk,High,Humidity Deviation
Chickpea,17.44,46.18,45.62,9.62,7.67,79.0,11.5,38.8,98.0,Healthy,Low,Optimal Conditions
Chickpea,11.75,64.68,51.7,23.24,8.45,55.0,77.8,119.7,81.6,Healthy,Low,Temperature Deviation
Chickpea,26.11,61.62,49.13,28.27,7.89,45.9,65.5,71.5,93.1,Healthy,Low,Optimal Conditions
Chickpea,6.08,93.73,116.51,45.99,8.07,69.0,84.6,109.8,5.0,High Risk,High,Humidity Deviation
Chickpea,17.59,43.61,37.84,18.62,8.29,26.2,57.5,74.2,98.0,Healthy,Low,Optimal Conditions
Chickpea,21.32,58.95,36.81,6.81,5.6,63.7,37.0,60.2,98.0,Healthy,Low,Optimal Conditions
Chickpea,12.34,34.59,14.8,24.06,5.9,84.8,67.2,32.4,66.5,At Risk,Moderate,Rainfall Deviation
Chickpea,16.63,56.7,33.54,17.21,6.12,53.7,44.3,33.6,98.0,Healthy,Low,Optimal Conditions
Chickpea,2.1,10.98,119.93,45.71,7.2,97.1,85.2,55.8,5.0,High Risk,High,Temperature Deviation
Chickpea,15.38,42.94,34.25,10.03,7.33,25.6,68.2,56.7,98.0,Healthy,Low,Optimal Conditions
Chickpea,2.0,89.16,144.24,53.04,6.32,50.8,30.1,79.7,5.0,High Risk,High,Temperature Deviation
Chickpea,8.84,92.93,4.08,33.69,8.3,47.3,69.8,21.5,13.2,High Risk,High,Humidity Deviation
Chickpea,30.58,28.68,48.73,24.04,6.08,34.3,85.7,60.6,64.1,At Risk,Moderate,Temperature Deviation
Chickpea,24.34,42.09,59.18,14.38,5.76,60.6,22.0,78.5,98.0,Healthy,Low,Optimal Conditions
Chickpea,24.52,30.58,61.27,16.39,6.31,61.9,38.6,43.4,88.7,Healthy,Low,Humidity Deviation
Chickpea,25.58,64.2,78.27,12.25,6.23,91.4,32.0,115.5,86.7,Healthy,Low,Humidity Deviation
Chickpea,19.57,54.03,50.97,10.73,5.73,91.6,79.4,87.0,98.0,Healthy,Low,Optimal Conditions
Chickpea,16.28,56.33,67.67,10.82,7.69,69.3,50.2,102.8,98.0,Healthy,Low,Optimal Conditions
Chickpea,20.3,44.29,43.59,14.67,5.58,91.3,32.7,85.3,98.0,Healthy,Low,Optimal Conditions
Chickpea,22.36,52.91,68.85,18.67,6.35,23.3,62.4,78.3,98.0,Healthy,Low,Optimal Conditions
Chickpea,16.23,51.69,66.47,18.6,5.95,66.1,13.5,64.3,98.0,Healthy,Low,Optimal Conditions
Chickpea,25.53,42.92,44.53,25.38,7.87,89.0,79.0,72.8,97.9,Healthy,Low,Optimal Conditions
Chickpea,20.42,54.26,56.14,8.65,5.62,50.3,88.7,34.4,98.0,Healthy,Low,Optimal Conditions
Chickpea,15.0,28.45,40.92,29.2,6.87,117.0,72.6,58.5,86.1,Healthy,Low,Humidity Deviation
Chickpea,22.03,66.54,61.9,21.87,6.62,88.3,46.6,66.4,90.2,Healthy,Low,Humidity Deviation
Chickpea,20.15,72.86,54.07,29.65,6.09,108.4,68.3,15.9,80.7,Healthy,Low,Humidity Deviation
Chickpea,19.92,48.4,66.74,10.4,8.31,75.1,87.1,92.4,98.0,Healthy,Low,Optimal Conditions
Chickpea,33.28,95.7,7.26,34.81,8.04,101.0,41.0,117.8,5.3,High Risk,High,Humidity Deviation
Chickpea,21.1,56.94,62.08,6.35,7.59,50.9,38.5,66.3,98.0,Healthy,Low,Optimal Conditions
Chickpea,11.97,27.92,50.71,30.94,7.48,20.7,38.7,68.9,74.9,At Risk,Moderate,Humidity Deviation
Chickpea,27.0,56.95,60.23,30.89,7.25,32.3,68.5,19.5,92.0,Healthy,Low,Temperature Deviation
Chickpea,18.2,72.1,15.27,23.22,7.47,70.3,48.0,108.5,64.7,At Risk,Moderate,Humidity Deviation
Chickpea,26.74,47.25,28.51,29.51,5.94,77.5,43.5,84.9,91.3,Healthy,Low,Temperature Deviation
Chickpea,21.59,47.1,67.04,17.73,6.7,139.1,14.2,97.8,98.0,Healthy,Low,Optimal Conditions
Chickpea,19.33,43.4,50.6,6.27,7.35,49.0,68.0,78.8,98.0,Healthy,Low,Optimal Conditions
Chickpea,12.0,73.87,56.44,17.01,6.84,100.3,59.3,113.4,68.7,At Risk,Moderate,Humidity Deviation
Chickpea,15.15,37.71,27.91,28.96,7.38,67.8,25.0,79.1,94.8,Healthy,Low,Optimal Conditions
Chickpea,19.7,53.55,52.62,18.83,5.62,53.6,14.6,35.4,98.0,Healthy,Low,Optimal Conditions
Chickpea,22.33,47.39,67.0,5.35,7.46,136.5,24.1,61.5,98.0,Healthy,Low,Optimal Conditions
Chickpea,12.61,32.14,37.51,17.68,6.23,100.6,40.2,81.3,82.2,Healthy,Low,Humidity Deviation
Chickpea,31.21,74.16,57.41,28.19,5.99,20.1,86.2,56.1,53.9,At Risk,Moderate,Temperature Deviation
Chickpea,5.96,94.38,0.74,39.8,7.3,82.9,67.5,19.2,5.0,High Risk,High,Humidity Deviation
Chickpea,26.41,58.54,11.15,22.3,7.43,58.0,33.2,66.5,72.4,At Risk,Moderate,Rainfall Deviation
Chickpea,19.68,55.3,63.82,10.78,7.35,20.0,54.0,117.4,98.0,Healthy,Low,Optimal Conditions
Chickpea,20.95,55.25,54.36,11.28,5.96,75.6,33.6,88.1,98.0,Healthy,Low,Optimal Conditions
Chickpea,23.5,43.87,46.71,13.36,5.88,90.5,33.3,39.1,98.0,Healthy,Low,Optimal Conditions
Chickpea,18.5,58.58,31.24,17.78,6.69,87.4,51.0,112.2,98.0,Healthy,Low,Optimal Conditions
Chickpea,11.65,35.23,25.23,30.25,5.63,108.2,13.7,103.0,77.0,Healthy,Low,Temperature Deviation
Chickpea,6.09,95.52,6.65,48.32,6.9,55.5,20.0,66.8,5.0,High Risk,High,Humidity Deviation
Chickpea,19.2,66.42,43.49,28.06,6.67,43.8,57.0,101.8,90.4,Healthy,Low,Humidity Deviation
Chickpea,20.97,52.86,54.09,14.75,7.39,35.6,28.8,80.0,98.0,Healthy,Low,Optimal Conditions
Chickpea,21.35,53.31,39.57,13.97,7.1,51.3,47.0,110.5,98.0,Healthy,Low,Optimal Conditions
Chickpea,21.3,40.71,33.11,6.22,7.83,62.0,28.2,93.5,98.0,Healthy,Low,Optimal Conditions
Chickpea,17.46,48.62,43.26,13.78,6.51,67.2,79.0,107.9,98.0,Healthy,Low,Optimal Conditions
Chickpea,35.99,22.63,112.78,39.06,7.18,41.1,83.6,88.7,5.0,High Risk,High,Temperature Deviation
Chickpea,8.92,12.73,123.9,44.81,5.61,30.2,66.4,92.2,5.0,High Risk,High,Rainfall Deviation
Chickpea,11.9,95.51,7.98,48.85,7.84,73.7,25.6,49.3,7.7,High Risk,High,Humidity Deviation
Chickpea,4.16,96.92,8.15,33.32,8.41,87.9,20.5,57.6,5.0,High Risk,High,Temperature Deviation
Chickpea,17.14,58.67,65.24,7.99,6.56,111.5,26.7,77.1,98.0,Healthy,Low,Optimal Conditions
Chickpea,29.03,71.4,29.18,30.68,7.04,136.4,55.1,98.3,65.8,At Risk,Moderate,Humidity Deviation
Chickpea,30.19,76.96,27.35,17.23,6.94,124.1,30.2,25.6,50.7,At Risk,Moderate,Humidity Deviation
Chickpea,34.91,91.72,157.49,30.36,8.33,30.8,70.7,81.2,5.0,High Risk,High,Rainfall Deviation
Chickpea,26.95,37.62,45.25,16.46,6.5,23.3,87.7,100.4,89.3,Healthy,Low,Temperature Deviation
Chickpea,25.0,52.1,64.15,6.0,6.67,100.4,18.5,66.3,98.0,Healthy,Low,Optimal Conditions
Chickpea,17.16,46.01,68.68,9.33,6.14,84.3,63.7,91.1,98.0,Healthy,Low,Optimal Conditions
Chickpea,13.51,75.62,55.86,28.65,6.25,116.3,73.7,50.2,71.4,At Risk,Moderate,Humidity Deviation
Chickpea,27.45,59.34,41.31,20.79,7.67,87.3,74.3,61.6,90.2,Healthy,Low,Temperature Deviation
Chickpea,24.9,21.2,73.84,10.55,6.46,29.4,72.5,112.1,75.3,Healthy,Low,Humidity Deviation
Chickpea,21.19,75.61,79.36,12.65,7.05,73.3,34.9,102.6,71.2,At Risk,Moderate,Humidity Deviation
Chickpea,20.96,76.26,46.22,21.0,7.93,98.6,61.0,16.8,75.6,Healthy,Low,Humidity Deviation
Chickpea,24.39,42.69,59.05,16.39,7.7,138.7,42.7,86.6,98.0,Healthy,Low,Optimal Conditions
Chickpea,19.0,49.83,38.59,18.6,7.65,54.1,20.8,45.2,98.0,Healthy,Low,Optimal Conditions
Chickpea,24.8,33.16,65.75,18.29,7.17,34.5,46.4,62.8,91.8,Healthy,Low,Humidity Deviation
Chickpea,11.78,27.87,46.39,12.43,7.9,61.5,16.3,42.9,74.2,At Risk,Moderate,Humidity Deviation
Chickpea,22.69,69.15,87.98,27.02,7.07,73.1,53.2,63.6,76.0,Healthy,Low,Humidity Deviation
Chickpea,12.36,79.21,49.41,10.13,6.87,95.9,44.5,28.3,61.9,At Risk,Moderate,Humidity Deviation
Chickpea,28.54,36.19,54.24,14.43,7.24,66.6,71.9,28.6,81.3,Healthy,Low,Temperature Deviation
Chickpea,21.99,48.14,32.34,15.58,7.01,21.4,59.0,111.6,98.0,Healthy,Low,Optimal Conditions
Chickpea,20.91,54.57,32.83,5.34,6.89,114.9,22.9,102.8,98.0,Healthy,Low,Optimal Conditions
Chickpea,30.12,63.24,78.84,28.76,6.4,81.3,78.6,105.8,69.6,At Risk,Moderate,Temperature Deviation
Chickpea,21.71,52.03,33.33,18.95,6.84,100.9,80.6,28.7,98.0,Healthy,Low,Optimal Conditions
Chickpea,32.99,11.23,3.75,29.85,6.77,113.7,12.6,87.4,7.4,High Risk,High,Temperature Deviation
Chickpea,17.37,43.2,66.29,7.71,5.62,90.5,37.7,57.6,98.0,Healthy,Low,Optimal Conditions
Chickpea,22.48,52.03,44.57,7.57,7.28,113.4,35.0,17.7,98.0,Healthy,Low,Optimal Conditions
Chickpea,21.82,59.78,30.54,9.59,5.69,58.0,42.5,111.7,98.0,Healthy,Low,Optimal Conditions
Chickpea,22.77,47.91,62.45,12.7,5.62,133.5,16.6,77.8,98.0,Healthy,Low,Optimal Conditions
Chickpea,7.35,93.11,153.97,34.6,7.97,138.4,47.1,48.8,5.0,High Risk,High,Rainfall Deviation
Chickpea,36.87,97.93,137.21,49.32,5.57,35.9,20.7,17.5,5.0,High Risk,High,Temperature Deviation
Chickpea,24.2,53.28,42.48,16.9,6.97,37.1,80.8,50.6,98.0,Healthy,Low,Optimal Conditions
Chickpea,8.07,47.19,37.26,31.94,7.34,97.5,13.6,105.2,75.8,Healthy,Low,Temperature Deviation
Chickpea,6.03,12.82,147.37,36.77,6.07,50.7,52.7,44.4,5.0,High Risk,High,Rainfall Deviation
Chickpea,19.58,74.71,71.02,28.94,7.37,125.0,34.2,28.9,77.4,Healthy,Low,Humidity Deviation
Chickpea,37.11,95.98,166.59,39.16,5.6,46.0,16.0,55.7,5.0,High Risk,High,Temperature Deviation
Chickpea,6.55,24.25,108.79,25.88,8.37,28.5,58.8,25.7,29.3,High Risk,High,Temperature Deviation
Chickpea,16.86,51.07,65.48,14.53,7.49,129.1,70.0,105.9,98.0,Healthy,Low,Optimal Conditions
Chickpea,23.65,52.92,35.42,5.58,6.23,65.4,77.0,92.8,98.0,Healthy,Low,Optimal Conditions
Chickpea,11.8,17.85,8.48,37.97,8.4,39.2,53.3,48.7,32.7,High Risk,High,Humidity Deviation
Chickpea,27.15,74.91,71.27,24.17,7.91,61.9,11.4,22.7,68.3,At Risk,Moderate,Humidity Deviation
Chickpea,23.05,46.03,69.92,16.38,7.3,138.0,35.3,32.4,98.0,Healthy,Low,Optimal Conditions
Chickpea,19.57,82.79,74.97,13.72,7.87,80.5,51.0,53.0,63.0,At Risk,Moderate,Humidity Deviation
Chickpea,35.3,21.56,112.82,46.2,5.96,69.7,78.2,117.0,5.0,High Risk,High,Temperature Deviation
Chickpea,25.16,40.04,15.72,10.9,6.5,95.1,73.5,72.3,82.7,Healthy,Low,Rainfall Deviation
Chickpea,12.33,39.87,20.51,24.25,7.17,65.8,36.4,34.2,79.4,Healthy,Low,Rainfall Deviation
Chickpea,18.39,40.83,47.47,14.02,8.32,95.1,59.9,54.3,98.0,Healthy,Low,Optimal Conditions
Chickpea,19.47,51.97,58.96,17.39,6.27,48.9,55.2,74.4,98.0,Healthy,Low,Optimal Conditions
Chickpea,20.87,46.92,55.57,9.37,7.28,112.2,88.4,110.7,98.0,Healthy,Low,Optimal Conditions
Chickpea,23.59,53.67,78.64,13.27,8.31,62.1,40.4,63.6,95.1,Healthy,Low,Optimal Conditions
Chickpea,24.24,35.64,37.57,17.03,8.38,93.5,10.4,73.4,94.8,Healthy,Low,Humidity Deviation
Chickpea,15.32,48.63,60.94,12.56,7.42,96.8,63.7,55.7,98.0,Healthy,Low,Optimal Conditions
Chickpea,15.05,43.08,68.03,17.64,6.33,68.1,85.2,41.3,98.0,Healthy,Low,Optimal Conditions
Chickpea,27.23,73.31,15.37,29.47,7.87,43.5,84.7,48.2,54.0,At Risk,Moderate,Humidity Deviation
Chickpea,14.85,82.86,31.84,19.27,7.92,116.0,23.6,39.9,65.2,At Risk,Moderate,Humidity Deviation
Chickpea,4.62,95.7,127.03,49.34,6.33,88.4,67.2,103.0,5.0,High Risk,High,Temperature Deviation
Chickpea,16.2,59.99,36.31,24.22,6.81,115.2,19.3,90.4,98.0,Healthy,Low,Optimal Conditions
